sku_id,segment,revenue_annual,demand_volatility_cv,current_safety_stock_weeks,recommended_safety_stock_weeks,avg_weekly_demand,unit_cost,current_safety_stock_units,current_safety_stock_value,recommended_safety_stock_units,recommended_safety_stock_value,stockout_rate
SKU_0001,High Revenue + High Volatility,106217.81,0.7166,2.0,3.5,163,50.15442197684501,326.0,16350.34,570.0,28588.02,0.117
SKU_0002,High Revenue + High Volatility,146550.0,0.7158,2.0,3.5,98,73.84074249151348,196.0,14472.79,343.0,25327.37,0.0666
SKU_0003,High Revenue + High Volatility,131239.58,0.4365,2.0,3.5,130,120.28091251528765,260.0,31273.04,455.0,54727.82,0.0877
SKU_0004,High Revenue + High Volatility,121906.09,0.5978,2.0,3.5,133,191.6455452436745,266.0,50977.72,466.0,89306.82,0.1163
SKU_0005,High Revenue + High Volatility,90921.3,0.423,2.0,3.5,154,65.32904295405785,308.0,20121.35,539.0,35212.35,0.074
SKU_0006,High Revenue + High Volatility,90919.62,0.6198,2.0,3.5,197,178.1314661692349,394.0,70183.8,690.0,122910.71,0.0621
SKU_0007,High Revenue + High Volatility,84065.85,0.5766,2.0,3.5,167,129.0536144317793,334.0,43103.91,584.0,75367.31,0.1076
SKU_0008,High Revenue + High Volatility,140632.33,0.7551,2.0,3.5,135,173.8881148699845,270.0,46949.79,472.0,82075.19,0.0958
SKU_0009,High Revenue + High Volatility,122078.05,0.5404,2.0,3.5,112,94.7561646484989,224.0,21225.38,392.0,37144.42,0.0908
SKU_0010,High Revenue + High Volatility,129565.08,0.4468,2.0,3.5,153,175.99207470087077,306.0,53853.57,536.0,94331.75,0.0621
SKU_0011,High Revenue + High Volatility,81440.91,0.4572,2.0,3.5,98,165.9234170025207,196.0,32520.99,343.0,56911.73,0.0992
SKU_0012,High Revenue + High Volatility,147893.69,0.7046,2.0,3.5,120,84.50805245471508,240.0,20281.93,420.0,35493.38,0.0703
SKU_0013,High Revenue + High Volatility,138270.98,0.6473,2.0,3.5,50,69.7002689614067,100.0,6970.03,175.0,12197.55,0.1159
SKU_0014,High Revenue + High Volatility,94863.74,0.4404,2.0,3.5,190,180.20814837984392,380.0,68479.1,665.0,119838.42,0.1011
SKU_0015,High Revenue + High Volatility,92727.75,0.4336,2.0,3.5,172,194.4854980160198,344.0,66903.01,602.0,117080.27,0.1024
SKU_0016,High Revenue + High Volatility,92838.32,0.6804,2.0,3.5,111,54.69534706212744,222.0,12142.37,388.0,21221.79,0.074
SKU_0017,High Revenue + High Volatility,101296.96,0.4291,2.0,3.5,81,159.69051004605285,162.0,25869.86,284.0,45352.1,0.1128
SKU_0018,High Revenue + High Volatility,116732.95,0.7287,2.0,3.5,78,186.42867664217275,156.0,29082.87,273.0,50895.03,0.0923
SKU_0019,High Revenue + High Volatility,110236.15,0.6825,2.0,3.5,98,178.6040138138748,196.0,35006.39,343.0,61261.18,0.1114
SKU_0020,High Revenue + High Volatility,100386.04,0.4325,2.0,3.5,79,194.6780708405313,158.0,30759.14,276.0,53731.15,0.0763
SKU_0021,High Revenue + High Volatility,122829.7,0.4339,2.0,3.5,193,164.01411176571457,386.0,63309.45,676.0,110873.54,0.1053
SKU_0022,High Revenue + High Volatility,89764.57,0.7947,2.0,3.5,68,116.34481435713654,136.0,15822.89,238.0,27690.07,0.0945
SKU_0023,High Revenue + High Volatility,100450.13,0.5497,2.0,3.5,67,96.79279857426957,134.0,12970.24,234.0,22649.51,0.0629
SKU_0024,High Revenue + High Volatility,105645.33,0.5483,2.0,3.5,50,98.11141106571912,100.0,9811.14,175.0,17169.5,0.0843
SKU_0025,High Revenue + High Volatility,111924.9,0.7251,2.0,3.5,127,158.66340089211755,254.0,40300.5,444.0,70446.55,0.071
SKU_0026,High Revenue + High Volatility,134962.32,0.7789,2.0,3.5,164,161.87555180464466,328.0,53095.18,574.0,92916.57,0.0816
SKU_0027,High Revenue + High Volatility,93977.16,0.7944,2.0,3.5,162,80.0538715323069,324.0,25937.45,567.0,45390.55,0.083
SKU_0028,High Revenue + High Volatility,115996.41,0.7014,2.0,3.5,163,180.21842202357965,326.0,58751.21,570.0,102724.5,0.0885
SKU_0029,High Revenue + High Volatility,121469.02,0.5505,2.0,3.5,112,157.23860603033717,224.0,35221.45,392.0,61637.53,0.096
SKU_0030,High Revenue + High Volatility,83251.53,0.4334,2.0,3.5,181,134.4125429515074,362.0,48657.34,634.0,85217.55,0.0943
SKU_0031,High Revenue + High Volatility,122528.14,0.7109,2.0,3.5,178,120.7298690153769,356.0,42979.83,623.0,75214.71,0.0623
SKU_0032,High Revenue + High Volatility,91936.69,0.6234,2.0,3.5,57,131.4849208684937,114.0,14989.28,200.0,26296.98,0.105
SKU_0033,High Revenue + High Volatility,84553.61,0.5697,2.0,3.5,104,73.88686074188968,208.0,15368.47,364.0,26894.82,0.117
SKU_0034,High Revenue + High Volatility,146421.99,0.7625,2.0,3.5,152,80.55518739144114,304.0,24488.78,532.0,42855.36,0.0809
SKU_0035,High Revenue + High Volatility,147594.24,0.4445,2.0,3.5,180,63.67467356092875,360.0,22922.88,630.0,40115.04,0.0708
SKU_0036,High Revenue + High Volatility,136587.81,0.5971,2.0,3.5,81,73.0487057241669,162.0,11833.89,284.0,20745.83,0.0924
SKU_0037,High Revenue + High Volatility,101322.96,0.4045,2.0,3.5,59,118.0540451907924,118.0,13930.38,206.0,24319.13,0.1023
SKU_0038,High Revenue + High Volatility,86837.05,0.5875,2.0,3.5,159,129.5531590592384,318.0,41197.9,556.0,72031.56,0.1007
SKU_0039,High Revenue + High Volatility,127896.31,0.4225,2.0,3.5,173,52.679283871747906,346.0,18227.03,606.0,31923.65,0.0967
SKU_0040,High Revenue + High Volatility,110810.67,0.4475,2.0,3.5,136,169.51967417960412,272.0,46109.35,476.0,80691.36,0.0688
SKU_0041,High Revenue + High Volatility,88542.68,0.447,2.0,3.5,104,94.12519600152169,208.0,19578.04,364.0,34261.57,0.1102
SKU_0042,High Revenue + High Volatility,114662.38,0.6597,2.0,3.5,81,186.77540524398665,162.0,30257.62,284.0,53044.22,0.0855
SKU_0043,High Revenue + High Volatility,82407.2,0.6984,2.0,3.5,184,195.12668954206666,368.0,71806.62,644.0,125661.59,0.0733
SKU_0044,High Revenue + High Volatility,143652.43,0.6333,2.0,3.5,142,77.81883120149814,284.0,22100.55,497.0,38675.96,0.0652
SKU_0045,High Revenue + High Volatility,98114.6,0.7849,2.0,3.5,57,119.3145936148491,114.0,13601.86,200.0,23862.92,0.085
SKU_0046,High Revenue + High Volatility,126376.56,0.5499,2.0,3.5,114,50.18477527496388,228.0,11442.13,399.0,20023.73,0.0971
SKU_0047,High Revenue + High Volatility,101819.78,0.5143,2.0,3.5,106,139.74908976836406,212.0,29626.81,371.0,51846.91,0.0999
SKU_0048,High Revenue + High Volatility,116404.76,0.7474,2.0,3.5,116,141.0959672394007,232.0,32734.26,406.0,57284.96,0.1178
SKU_0049,High Revenue + High Volatility,118269.72,0.4894,2.0,3.5,121,87.13099334050628,242.0,21085.7,424.0,36943.54,0.0692
SKU_0050,High Revenue + High Volatility,92939.81,0.7853,2.0,3.5,103,133.76190088747967,206.0,27554.95,360.0,48154.28,0.1191
SKU_0051,High Revenue + High Volatility,147870.92,0.4049,2.0,3.5,116,83.83102136656032,232.0,19448.8,406.0,34035.39,0.0993
SKU_0052,High Revenue + High Volatility,134259.3,0.788,2.0,3.5,100,74.1238203617285,200.0,14824.76,350.0,25943.34,0.0873
SKU_0053,High Revenue + High Volatility,145764.93,0.4173,2.0,3.5,146,147.7279200203397,292.0,43136.55,511.0,75488.97,0.1133
SKU_0054,High Revenue + High Volatility,142637.91,0.7565,2.0,3.5,141,98.88881959281123,282.0,27886.65,494.0,48851.08,0.1017
SKU_0055,High Revenue + High Volatility,121853.0,0.6111,2.0,3.5,57,138.53959083284337,114.0,15793.51,200.0,27707.92,0.0809
SKU_0056,High Revenue + High Volatility,144531.2,0.7972,2.0,3.5,84,114.98701234574834,168.0,19317.82,294.0,33806.18,0.113
SKU_0057,High Revenue + High Volatility,86194.48,0.4295,2.0,3.5,145,197.6527111104356,290.0,57319.29,508.0,100407.58,0.1
SKU_0058,High Revenue + High Volatility,93718.8,0.6215,2.0,3.5,137,72.43709640013486,274.0,19847.76,480.0,34769.81,0.1019
SKU_0059,High Revenue + High Volatility,83165.91,0.7877,2.0,3.5,127,119.68978949537153,254.0,30401.21,444.0,53142.27,0.1138
SKU_0060,High Revenue + High Volatility,102773.12,0.6092,2.0,3.5,81,152.06849395389878,162.0,24635.1,284.0,43187.45,0.0869
SKU_0061,High Revenue + High Volatility,107207.41,0.6518,2.0,3.5,169,109.33176258199529,338.0,36954.14,592.0,64724.4,0.0994
SKU_0062,High Revenue + High Volatility,98994.43,0.6783,2.0,3.5,95,196.20497778060349,190.0,37278.95,332.0,65140.05,0.1047
SKU_0063,High Revenue + High Volatility,138011.63,0.5818,2.0,3.5,193,158.28314418904026,386.0,61097.29,676.0,106999.41,0.0872
SKU_0064,High Revenue + High Volatility,104972.73,0.651,2.0,3.5,191,148.54757863467395,382.0,56745.18,668.0,99229.78,0.065
SKU_0065,High Revenue + High Volatility,99665.42,0.6337,2.0,3.5,104,163.5588901416835,208.0,34020.25,364.0,59535.44,0.1063
SKU_0066,High Revenue + High Volatility,117988.73,0.7605,2.0,3.5,56,192.89729570580755,112.0,21604.5,196.0,37807.87,0.0629
SKU_0067,High Revenue + High Volatility,89864.7,0.4182,2.0,3.5,123,186.172797947696,246.0,45798.51,430.0,80054.3,0.1031
SKU_0068,High Revenue + High Volatility,136153.79,0.5124,2.0,3.5,56,158.6427962189618,112.0,17767.99,196.0,31093.99,0.1147
SKU_0069,High Revenue + High Volatility,85218.55,0.7802,2.0,3.5,134,162.37424586519245,268.0,43516.3,469.0,76153.52,0.0808
SKU_0070,High Revenue + High Volatility,149082.09,0.7561,2.0,3.5,196,71.88831110527181,392.0,28180.22,686.0,49315.38,0.0661
SKU_0071,High Revenue + High Volatility,134057.13,0.5823,2.0,3.5,161,65.41886067389986,322.0,21064.87,564.0,36896.24,0.074
SKU_0072,High Revenue + High Volatility,93910.1,0.6481,2.0,3.5,174,135.63567527662462,348.0,47201.21,609.0,82602.13,0.0937
SKU_0073,High Revenue + High Volatility,80386.55,0.511,2.0,3.5,196,52.755145541081,392.0,20680.02,686.0,36190.03,0.1166
SKU_0074,High Revenue + High Volatility,137082.3,0.4752,2.0,3.5,85,122.35345723273873,170.0,20800.09,298.0,36461.33,0.0907
SKU_0075,High Revenue + High Volatility,129480.01,0.5855,2.0,3.5,78,81.55243698783029,156.0,12722.18,273.0,22263.82,0.0668
SKU_0076,High Revenue + High Volatility,131030.5,0.5413,2.0,3.5,131,101.90248514672594,262.0,26698.45,458.0,46671.34,0.0977
SKU_0077,High Revenue + High Volatility,133988.92,0.6335,2.0,3.5,51,166.3707103689434,102.0,16969.81,178.0,29613.99,0.104
SKU_0078,High Revenue + High Volatility,85183.13,0.4311,2.0,3.5,178,191.18562563485798,356.0,68062.08,623.0,119108.64,0.0836
SKU_0079,High Revenue + High Volatility,105092.6,0.7898,2.0,3.5,96,60.862440821951225,192.0,11685.59,336.0,20449.78,0.1033
SKU_0080,High Revenue + High Volatility,88110.83,0.7945,2.0,3.5,197,130.13633089646677,394.0,51273.71,690.0,89794.07,0.0795
SKU_0081,High Revenue + High Volatility,140417.24,0.6793,2.0,3.5,60,182.38002287294,120.0,21885.6,210.0,38299.8,0.1073
SKU_0082,High Revenue + High Volatility,123630.87,0.6144,2.0,3.5,179,62.37628016606319,358.0,22330.71,626.0,39047.55,0.0805
SKU_0083,High Revenue + High Volatility,103162.86,0.5238,2.0,3.5,168,173.67710703452508,336.0,58355.51,588.0,102122.14,0.0754
SKU_0084,High Revenue + High Volatility,84449.08,0.7255,2.0,3.5,189,103.6702026392407,378.0,39187.34,662.0,68629.67,0.1128
SKU_0085,High Revenue + High Volatility,101768.76,0.6739,2.0,3.5,69,98.3142053329003,138.0,13567.36,242.0,23792.04,0.0929
SKU_0086,High Revenue + High Volatility,102762.83,0.465,2.0,3.5,54,196.61995794721787,108.0,21234.96,189.0,37161.17,0.0771
SKU_0087,High Revenue + High Volatility,131072.43,0.7644,2.0,3.5,86,80.12886347934412,172.0,13782.16,301.0,24118.79,0.1161
SKU_0088,High Revenue + High Volatility,124629.02,0.729,2.0,3.5,186,153.97909112340216,372.0,57280.22,651.0,100240.39,0.1015
SKU_0089,High Revenue + High Volatility,142104.89,0.7799,2.0,3.5,102,173.21610920147998,204.0,35336.09,357.0,61838.15,0.0732
SKU_0090,High Revenue + High Volatility,113055.04,0.6903,2.0,3.5,148,56.17752429189075,296.0,16628.55,518.0,29099.96,0.0969
SKU_0091,High Revenue + High Volatility,88371.6,0.6454,2.0,3.5,135,150.55781875316183,270.0,40650.61,472.0,71063.29,0.1122
SKU_0092,High Revenue + High Volatility,129927.14,0.5673,2.0,3.5,157,192.73249615329905,314.0,60518.0,550.0,106002.87,0.1018
SKU_0093,High Revenue + High Volatility,133254.95,0.7731,2.0,3.5,73,68.6329950092089,146.0,10020.42,256.0,17570.05,0.0747
SKU_0094,High Revenue + High Volatility,119289.4,0.7464,2.0,3.5,130,184.43319540275576,260.0,47952.63,455.0,83917.1,0.0989
SKU_0095,High Revenue + High Volatility,133967.7,0.4181,2.0,3.5,169,139.21649560654043,338.0,47055.18,592.0,82416.17,0.0971
SKU_0096,High Revenue + High Volatility,114565.69,0.4105,2.0,3.5,108,142.49068727937112,216.0,30777.99,378.0,53861.48,0.1093
SKU_0097,High Revenue + High Volatility,116591.3,0.5506,2.0,3.5,177,141.9416262298409,354.0,50247.34,620.0,88003.81,0.0707
SKU_0098,High Revenue + High Volatility,109927.87,0.7242,2.0,3.5,163,94.82538295059707,326.0,30913.07,570.0,54050.47,0.102
SKU_0099,High Revenue + High Volatility,81779.34,0.7949,2.0,3.5,164,190.28027229491894,328.0,62411.93,574.0,109220.88,0.0616
SKU_0100,High Revenue + High Volatility,87552.4,0.4602,2.0,3.5,63,192.1025693946558,126.0,24204.92,220.0,42262.57,0.1018
SKU_0101,High Revenue + High Volatility,82200.04,0.6377,2.0,3.5,58,143.79569903209216,116.0,16680.3,203.0,29190.53,0.1176
SKU_0102,High Revenue + High Volatility,124548.73,0.5524,2.0,3.5,89,167.5134088912422,178.0,29817.39,312.0,52264.18,0.0705
SKU_0103,High Revenue + High Volatility,102004.92,0.788,2.0,3.5,74,141.8386978821737,148.0,20992.13,259.0,36736.22,0.0787
SKU_0104,High Revenue + High Volatility,115599.95,0.7368,2.0,3.5,152,122.6597671361061,304.0,37288.57,532.0,65255.0,0.095
SKU_0105,High Revenue + High Volatility,143529.65,0.7353,2.0,3.5,71,149.1230177448876,142.0,21175.47,248.0,36982.51,0.1039
SKU_0106,High Revenue + High Volatility,97450.46,0.5875,2.0,3.5,53,132.95021788879376,106.0,14092.72,186.0,24728.74,0.0807
SKU_0107,High Revenue + High Volatility,108726.8,0.5659,2.0,3.5,78,139.62137939478953,156.0,21780.94,273.0,38116.64,0.0999
SKU_0108,High Revenue + High Volatility,132888.58,0.5094,2.0,3.5,158,167.57488301282928,316.0,52953.66,553.0,92668.91,0.114
SKU_0109,High Revenue + High Volatility,96015.87,0.4226,2.0,3.5,147,122.13557471734772,294.0,35907.86,514.0,62777.69,0.1036
SKU_0110,High Revenue + High Volatility,85388.59,0.7459,2.0,3.5,86,56.113115913870914,172.0,9651.46,301.0,16890.05,0.1027
SKU_0111,High Revenue + High Volatility,100282.6,0.7252,2.0,3.5,124,74.59992214842458,248.0,18500.78,434.0,32376.37,0.0829
SKU_0112,High Revenue + High Volatility,91285.49,0.7999,2.0,3.5,119,115.79108247343076,238.0,27558.28,416.0,48169.09,0.1147
SKU_0113,High Revenue + High Volatility,145078.84,0.7987,2.0,3.5,195,158.72398398110874,390.0,61902.35,682.0,108249.76,0.0766
SKU_0114,High Revenue + High Volatility,136568.43,0.6222,2.0,3.5,177,138.9917972465268,354.0,49203.1,620.0,86174.91,0.0723
SKU_0115,High Revenue + High Volatility,124338.26,0.7076,2.0,3.5,134,147.54412788101808,268.0,39541.83,469.0,69198.2,0.0819
SKU_0116,High Revenue + High Volatility,141002.24,0.7779,2.0,3.5,91,121.89183928644309,182.0,22184.31,318.0,38761.6,0.099
SKU_0117,High Revenue + High Volatility,136257.05,0.7399,2.0,3.5,149,142.3613032913364,298.0,42423.67,522.0,74312.6,0.1117
SKU_0118,High Revenue + High Volatility,93059.9,0.4989,2.0,3.5,90,99.35261567219933,180.0,17883.47,315.0,31296.07,0.0679
SKU_0119,High Revenue + High Volatility,142479.13,0.5802,2.0,3.5,83,120.52738890449976,166.0,20007.55,290.0,34952.94,0.1088
SKU_0120,High Revenue + High Volatility,117753.96,0.4517,2.0,3.5,66,161.64185983924335,132.0,21336.73,231.0,37339.27,0.1088
SKU_0121,High Revenue + High Volatility,136520.81,0.7816,2.0,3.5,171,180.77491684596816,342.0,61825.02,598.0,108103.4,0.0952
SKU_0122,High Revenue + High Volatility,142726.39,0.6425,2.0,3.5,125,115.04830009345834,250.0,28762.08,438.0,50391.16,0.1056
SKU_0123,High Revenue + High Volatility,102260.24,0.4915,2.0,3.5,136,56.549248656104176,272.0,15381.4,476.0,26917.44,0.0709
SKU_0124,High Revenue + High Volatility,87703.63,0.6687,2.0,3.5,166,74.2508816220204,332.0,24651.29,581.0,43139.76,0.0702
SKU_0125,High Revenue + High Volatility,95955.46,0.6473,2.0,3.5,155,53.129170893730716,310.0,16470.04,542.0,28796.01,0.1118
SKU_0126,High Revenue + High Volatility,109897.55,0.5433,2.0,3.5,135,147.98945288559952,270.0,39957.15,472.0,69851.02,0.0899
SKU_0127,High Revenue + High Volatility,137261.03,0.4454,2.0,3.5,76,99.84719380326634,152.0,15176.77,266.0,26559.35,0.0748
SKU_0128,High Revenue + High Volatility,140251.14,0.6686,2.0,3.5,106,131.3717953579051,212.0,27850.82,371.0,48738.94,0.1013
SKU_0129,High Revenue + High Volatility,80486.65,0.6081,2.0,3.5,80,123.99152701756994,160.0,19838.64,280.0,34717.63,0.1135
SKU_0130,High Revenue + High Volatility,115752.31,0.7089,2.0,3.5,183,62.228973432864,366.0,22775.8,640.0,39826.54,0.0979
SKU_0131,High Revenue + High Volatility,109218.77,0.6081,2.0,3.5,147,110.48920416857477,294.0,32483.83,514.0,56791.45,0.0808
SKU_0132,High Revenue + High Volatility,95547.55,0.7409,2.0,3.5,61,83.0841687383485,122.0,10136.27,214.0,17780.01,0.089
SKU_0133,High Revenue + High Volatility,88390.58,0.6208,2.0,3.5,102,112.7599683001479,204.0,23003.03,357.0,40255.31,0.1051
SKU_0134,High Revenue + High Volatility,103633.06,0.6244,2.0,3.5,187,80.5367420513364,374.0,30120.74,654.0,52671.03,0.0641
SKU_0135,High Revenue + High Volatility,146003.68,0.7507,2.0,3.5,194,176.06786094154003,388.0,68314.33,679.0,119550.08,0.073
SKU_0136,High Revenue + High Volatility,102624.21,0.5614,2.0,3.5,171,76.12900048673805,342.0,26036.12,598.0,45525.14,0.0878
SKU_0137,High Revenue + High Volatility,116315.34,0.4536,2.0,3.5,95,194.11708272304654,190.0,36882.25,332.0,64446.87,0.0963
SKU_0138,High Revenue + High Volatility,129211.33,0.4115,2.0,3.5,113,112.38610492204111,226.0,25399.26,396.0,44504.9,0.0803
SKU_0139,High Revenue + High Volatility,105454.07,0.7021,2.0,3.5,179,176.93679380285738,358.0,63343.37,626.0,110762.43,0.0779
SKU_0140,High Revenue + High Volatility,148024.75,0.6481,2.0,3.5,103,144.31472273089176,206.0,29728.83,360.0,51953.3,0.0625
SKU_0141,High Revenue + High Volatility,147371.31,0.6816,2.0,3.5,156,160.30254479986291,312.0,50014.39,546.0,87525.19,0.062
SKU_0142,High Revenue + High Volatility,97624.76,0.4852,2.0,3.5,100,165.15858321001704,200.0,33031.72,350.0,57805.5,0.0767
SKU_0143,High Revenue + High Volatility,114807.4,0.4545,2.0,3.5,85,125.72673228395267,170.0,21373.54,298.0,37466.57,0.0918
SKU_0144,High Revenue + High Volatility,101061.48,0.4058,2.0,3.5,164,131.49507850449325,328.0,43130.39,574.0,75478.18,0.0934
SKU_0145,High Revenue + High Volatility,99938.83,0.5402,2.0,3.5,75,127.09938017130875,150.0,19064.91,262.0,33300.04,0.0896
SKU_0146,High Revenue + High Volatility,82582.09,0.636,2.0,3.5,78,138.2087567135119,156.0,21560.57,273.0,37730.99,0.0846
SKU_0147,High Revenue + High Volatility,122669.5,0.5569,2.0,3.5,198,54.409166863476095,396.0,21546.03,693.0,37705.55,0.0751
SKU_0148,High Revenue + High Volatility,115187.53,0.575,2.0,3.5,60,109.32727547735229,120.0,13119.27,210.0,22958.73,0.084
SKU_0149,High Revenue + High Volatility,83603.51,0.7617,2.0,3.5,89,140.92830703417573,178.0,25085.24,312.0,43969.63,0.0683
SKU_0150,High Revenue + High Volatility,99505.25,0.5393,2.0,3.5,60,139.65853478837965,120.0,16759.02,210.0,29328.29,0.0669
SKU_0151,High Revenue + High Volatility,143578.61,0.6056,2.0,3.5,162,168.94341419084475,324.0,54737.67,567.0,95790.92,0.078
SKU_0152,High Revenue + High Volatility,96769.33,0.7135,2.0,3.5,88,148.2514008248163,176.0,26092.25,308.0,45661.43,0.1197
SKU_0153,High Revenue + High Volatility,90142.64,0.5586,2.0,3.5,103,198.81999745110085,206.0,40956.92,360.0,71575.2,0.0796
SKU_0154,High Revenue + High Volatility,114261.69,0.6488,2.0,3.5,147,92.57817929129675,294.0,27217.98,514.0,47585.18,0.1162
SKU_0155,High Revenue + High Volatility,148995.53,0.7449,2.0,3.5,104,103.87265444993471,208.0,21605.51,364.0,37809.65,0.0835
SKU_0156,High Revenue + High Volatility,96943.87,0.7798,2.0,3.5,160,107.57707278016944,320.0,34424.66,560.0,60243.16,0.0863
SKU_0157,High Revenue + High Volatility,127049.49,0.4588,2.0,3.5,199,119.87192105303728,398.0,47709.02,696.0,83430.86,0.1078
SKU_0158,High Revenue + High Volatility,133313.37,0.7706,2.0,3.5,118,175.39970956718142,236.0,41394.33,413.0,72440.08,0.0656
SKU_0159,High Revenue + High Volatility,96634.63,0.5968,2.0,3.5,105,85.36881409388147,210.0,17927.45,368.0,31415.72,0.0709
SKU_0160,High Revenue + High Volatility,130975.14,0.5033,2.0,3.5,82,166.40003105531443,164.0,27289.61,287.0,47756.81,0.1184
SKU_0161,High Revenue + High Volatility,105744.82,0.5837,2.0,3.5,85,110.79652746286152,170.0,18835.41,298.0,33017.37,0.0904
SKU_0162,High Revenue + High Volatility,124261.41,0.792,2.0,3.5,197,140.27830754930127,394.0,55269.65,690.0,96792.03,0.0627
SKU_0163,High Revenue + High Volatility,124347.08,0.597,2.0,3.5,130,144.8810799839459,260.0,37669.08,455.0,65920.89,0.0628
SKU_0164,High Revenue + High Volatility,117504.23,0.5315,2.0,3.5,158,105.92729557834016,316.0,33473.03,553.0,58577.79,0.1144
SKU_0165,High Revenue + High Volatility,86320.28,0.6534,2.0,3.5,122,126.89228078087078,244.0,30961.72,427.0,54183.0,0.1124
SKU_0166,High Revenue + High Volatility,138471.17,0.4961,2.0,3.5,89,111.95467619715455,178.0,19927.93,312.0,34929.86,0.0875
SKU_0167,High Revenue + High Volatility,102454.6,0.4303,2.0,3.5,66,60.369917927992915,132.0,7968.83,231.0,13945.45,0.0698
SKU_0168,High Revenue + High Volatility,93056.3,0.4516,2.0,3.5,178,115.57480832252398,356.0,41144.63,623.0,72003.11,0.1098
SKU_0169,High Revenue + High Volatility,82854.26,0.4512,2.0,3.5,110,64.60900888303283,220.0,14213.98,385.0,24874.47,0.0795
SKU_0170,High Revenue + High Volatility,121362.51,0.4608,2.0,3.5,153,110.75311986204824,306.0,33890.45,536.0,59363.67,0.0851
SKU_0171,High Revenue + High Volatility,127429.51,0.4555,2.0,3.5,91,138.9377599747673,182.0,25286.67,318.0,44182.21,0.1009
SKU_0172,High Revenue + High Volatility,81161.15,0.6563,2.0,3.5,74,136.9122349015251,148.0,20263.01,259.0,35460.27,0.0812
SKU_0173,High Revenue + High Volatility,115846.51,0.4728,2.0,3.5,88,149.39319185124805,176.0,26293.2,308.0,46013.1,0.0977
SKU_0174,High Revenue + High Volatility,95854.7,0.5383,2.0,3.5,84,64.28922619319394,168.0,10800.59,294.0,18901.03,0.1131
SKU_0175,High Revenue + High Volatility,125162.1,0.7587,2.0,3.5,180,147.8184868295657,360.0,53214.66,630.0,93125.65,0.1078
SKU_0176,High Revenue + High Volatility,92205.65,0.5896,2.0,3.5,157,96.82220850446706,314.0,30402.17,550.0,53252.21,0.0829
SKU_0177,High Revenue + High Volatility,128365.64,0.667,2.0,3.5,151,109.85689192056665,302.0,33176.78,528.0,58004.44,0.0773
SKU_0178,High Revenue + High Volatility,107071.47,0.4689,2.0,3.5,147,178.69793808840586,294.0,52537.19,514.0,91850.74,0.0771
SKU_0179,High Revenue + High Volatility,145571.1,0.4769,2.0,3.5,61,51.35456061943254,122.0,6265.26,214.0,10989.88,0.0809
SKU_0180,High Revenue + High Volatility,89626.47,0.4163,2.0,3.5,68,138.2618950010908,136.0,18803.62,238.0,32906.33,0.0896
SKU_0181,High Revenue + High Volatility,103874.64,0.4676,2.0,3.5,150,139.80709701501615,300.0,41942.13,525.0,73398.73,0.085
SKU_0182,High Revenue + High Volatility,87943.15,0.5114,2.0,3.5,93,109.4989664515343,186.0,20366.81,326.0,35696.66,0.068
SKU_0183,High Revenue + High Volatility,144728.55,0.4708,2.0,3.5,98,85.55417856625043,196.0,16768.62,343.0,29345.08,0.0698
SKU_0184,High Revenue + High Volatility,141413.75,0.4355,2.0,3.5,66,85.20110573923267,132.0,11246.55,231.0,19681.46,0.0806
SKU_0185,High Revenue + High Volatility,98055.91,0.4483,2.0,3.5,123,182.5564504491129,246.0,44908.89,430.0,78499.27,0.0937
SKU_0186,High Revenue + High Volatility,126198.88,0.5843,2.0,3.5,106,116.30365606742863,212.0,24656.38,371.0,43148.66,0.0956
SKU_0187,High Revenue + High Volatility,137205.55,0.4825,2.0,3.5,104,99.63340444837579,208.0,20723.75,364.0,36266.56,0.0892
SKU_0188,High Revenue + High Volatility,118864.06,0.5457,2.0,3.5,96,117.31663607471046,192.0,22524.79,336.0,39418.39,0.1043
SKU_0189,High Revenue + High Volatility,117075.54,0.6014,2.0,3.5,61,150.4085602189042,122.0,18349.84,214.0,32187.43,0.1042
SKU_0190,High Revenue + High Volatility,96929.66,0.6762,2.0,3.5,111,71.86348523671276,222.0,15953.69,388.0,27883.03,0.0857
SKU_0191,High Revenue + High Volatility,86517.19,0.4157,2.0,3.5,129,117.41507528206066,258.0,30293.09,452.0,53071.61,0.0675
SKU_0192,High Revenue + High Volatility,142805.1,0.7198,2.0,3.5,132,138.18265566655805,264.0,36480.22,462.0,63840.39,0.0918
SKU_0193,High Revenue + High Volatility,143029.26,0.6512,2.0,3.5,57,192.28750322771506,114.0,21920.78,200.0,38457.5,0.0829
SKU_0194,High Revenue + High Volatility,124317.1,0.4327,2.0,3.5,198,87.8791673113129,396.0,34800.15,693.0,60900.26,0.0683
SKU_0195,High Revenue + High Volatility,103732.09,0.7494,2.0,3.5,130,103.88761218743684,260.0,27010.78,455.0,47268.86,0.1189
SKU_0196,High Revenue + High Volatility,104444.67,0.7683,2.0,3.5,167,106.90378848836357,334.0,35705.87,584.0,62431.81,0.0822
SKU_0197,High Revenue + High Volatility,130816.9,0.4244,2.0,3.5,74,140.83072364673242,148.0,20842.95,259.0,36475.16,0.0975
SKU_0198,High Revenue + High Volatility,142797.72,0.5108,2.0,3.5,138,103.50980795600026,276.0,28568.71,483.0,49995.24,0.0894
SKU_0199,High Revenue + High Volatility,142096.05,0.7225,2.0,3.5,61,130.02678879495434,122.0,15863.27,214.0,27825.73,0.0686
SKU_0200,High Revenue + High Volatility,134591.29,0.6993,2.0,3.5,192,167.2685494767544,384.0,64231.12,672.0,112404.47,0.0633
SKU_0201,High Revenue + High Volatility,124942.22,0.4738,2.0,3.5,108,155.80783911683054,216.0,33654.49,378.0,58895.36,0.0975
SKU_0202,High Revenue + High Volatility,85889.8,0.4837,2.0,3.5,158,116.95529697688784,316.0,36957.87,553.0,64676.28,0.0748
SKU_0203,High Revenue + High Volatility,91314.01,0.5482,2.0,3.5,75,179.63242665112534,150.0,26944.86,262.0,47063.7,0.0746
SKU_0204,High Revenue + High Volatility,142898.79,0.5938,2.0,3.5,96,133.72103743907945,192.0,25674.44,336.0,44930.27,0.1174
SKU_0205,High Revenue + High Volatility,122450.03,0.6473,2.0,3.5,81,130.98587592533187,162.0,21219.71,284.0,37199.99,0.0877
SKU_0206,High Revenue + High Volatility,80643.79,0.5476,2.0,3.5,59,55.12816489087373,118.0,6505.12,206.0,11356.4,0.0618
SKU_0207,High Revenue + High Volatility,87103.01,0.585,2.0,3.5,65,198.00394705357422,130.0,25740.51,228.0,45144.9,0.0804
SKU_0208,High Revenue + High Volatility,126445.12,0.699,2.0,3.5,194,68.44562127944401,388.0,26556.9,679.0,46474.58,0.0951
SKU_0209,High Revenue + High Volatility,80354.31,0.4147,2.0,3.5,75,84.669636864147,150.0,12700.45,262.0,22183.44,0.0797
SKU_0210,High Revenue + High Volatility,91256.56,0.501,2.0,3.5,135,57.75452558622904,270.0,15593.72,472.0,27260.14,0.0616
SKU_0211,High Revenue + High Volatility,118411.37,0.6853,2.0,3.5,184,146.00044502553706,368.0,53728.16,644.0,94024.29,0.0867
SKU_0212,High Revenue + High Volatility,128432.66,0.7581,2.0,3.5,63,83.70517654590199,126.0,10546.85,220.0,18415.14,0.0664
SKU_0213,High Revenue + High Volatility,125637.29,0.6047,2.0,3.5,128,77.00156562090852,256.0,19712.4,448.0,34496.7,0.0971
SKU_0214,High Revenue + High Volatility,95698.85,0.6128,2.0,3.5,166,63.28333763348621,332.0,21010.07,581.0,36767.62,0.0972
SKU_0215,High Revenue + High Volatility,129852.55,0.4429,2.0,3.5,56,65.49634356860236,112.0,7335.59,196.0,12837.28,0.0623
SKU_0216,High Revenue + High Volatility,96607.44,0.579,2.0,3.5,186,137.7006050663883,372.0,51224.63,651.0,89643.09,0.0774
SKU_0217,High Revenue + High Volatility,102777.98,0.613,2.0,3.5,164,153.23117987998933,328.0,50259.83,574.0,87954.7,0.0848
SKU_0218,High Revenue + High Volatility,132254.4,0.497,2.0,3.5,121,109.60684826966015,242.0,26524.86,424.0,46473.3,0.093
SKU_0219,High Revenue + High Volatility,125474.3,0.5077,2.0,3.5,108,121.98456223881098,216.0,26348.67,378.0,46110.16,0.0778
SKU_0220,High Revenue + High Volatility,139445.64,0.5509,2.0,3.5,131,152.89516039744763,262.0,40058.53,458.0,70025.98,0.0773
SKU_0221,High Revenue + High Volatility,126032.9,0.408,2.0,3.5,165,52.60696852782195,330.0,17360.3,578.0,30406.83,0.119
SKU_0222,High Revenue + High Volatility,119781.6,0.5288,2.0,3.5,195,98.46959856054178,390.0,38403.14,682.0,67156.27,0.0625
SKU_0223,High Revenue + High Volatility,86557.23,0.4846,2.0,3.5,152,195.96466221055198,304.0,59573.26,532.0,104253.2,0.1193
SKU_0224,High Revenue + High Volatility,105740.11,0.531,2.0,3.5,66,137.0168344543202,132.0,18086.22,231.0,31650.89,0.0629
SKU_0225,High Revenue + High Volatility,98564.17,0.4479,2.0,3.5,63,88.13368698462398,126.0,11104.84,220.0,19389.41,0.0773
SKU_0226,High Revenue + High Volatility,97079.28,0.7562,2.0,3.5,157,128.259506995432,314.0,40273.49,550.0,70542.73,0.0896
SKU_0227,High Revenue + High Volatility,148110.74,0.6374,2.0,3.5,94,101.3980232181373,188.0,19062.83,329.0,33359.95,0.0686
SKU_0228,High Revenue + High Volatility,107516.84,0.6716,2.0,3.5,147,129.83674832394485,294.0,38172.0,514.0,66736.09,0.0681
SKU_0229,High Revenue + High Volatility,142443.26,0.7157,2.0,3.5,180,68.86122677099732,360.0,24790.04,630.0,43382.57,0.0754
SKU_0230,High Revenue + High Volatility,124179.7,0.5994,2.0,3.5,86,69.9071980728916,172.0,12024.04,301.0,21042.07,0.1184
SKU_0231,High Revenue + High Volatility,135636.79,0.4348,2.0,3.5,157,71.53135430590893,314.0,22460.85,550.0,39342.24,0.0828
SKU_0232,High Revenue + High Volatility,115184.6,0.6148,2.0,3.5,88,190.97296878902625,176.0,33611.24,308.0,58819.67,0.094
SKU_0233,High Revenue + High Volatility,120383.27,0.6347,2.0,3.5,64,159.93483775120126,128.0,20471.66,224.0,35825.4,0.1023
SKU_0234,High Revenue + High Volatility,114476.24,0.6982,2.0,3.5,169,74.35728419934813,338.0,25132.76,592.0,44019.51,0.1045
SKU_0235,High Revenue + High Volatility,93667.01,0.5727,2.0,3.5,53,78.25236256484021,106.0,8294.75,186.0,14554.94,0.1013
SKU_0236,High Revenue + High Volatility,130571.65,0.451,2.0,3.5,142,159.62442123063147,284.0,45333.34,497.0,79333.34,0.0802
SKU_0237,High Revenue + High Volatility,99654.07,0.5135,2.0,3.5,190,73.42457671882609,380.0,27901.34,665.0,48827.34,0.0667
SKU_0238,High Revenue + High Volatility,81702.12,0.5452,2.0,3.5,65,85.1841940002243,130.0,11073.95,228.0,19422.0,0.0769
SKU_0239,High Revenue + High Volatility,125183.06,0.6584,2.0,3.5,157,194.50202492305985,314.0,61073.64,550.0,106976.11,0.0726
SKU_0240,High Revenue + High Volatility,92397.75,0.6283,2.0,3.5,175,88.29597870926477,350.0,30903.59,612.0,54037.14,0.0682
SKU_0241,High Revenue + High Volatility,145832.1,0.5424,2.0,3.5,104,149.24485255567203,208.0,31042.93,364.0,54325.13,0.0615
SKU_0242,High Revenue + High Volatility,146775.0,0.7946,2.0,3.5,83,196.79469311007955,166.0,32667.92,290.0,57070.46,0.1161
SKU_0243,High Revenue + High Volatility,144040.51,0.6423,2.0,3.5,62,106.14451507096891,124.0,13161.92,217.0,23033.36,0.1153
SKU_0244,High Revenue + High Volatility,105911.11,0.4949,2.0,3.5,190,52.62739862930933,380.0,19998.41,665.0,34997.22,0.063
SKU_0245,High Revenue + High Volatility,81081.96,0.4407,2.0,3.5,67,86.62209356335615,134.0,11607.36,234.0,20269.57,0.0704
SKU_0246,High Revenue + High Volatility,144982.3,0.4611,2.0,3.5,145,174.63157870125582,290.0,50643.16,508.0,88712.84,0.0684
SKU_0247,High Revenue + High Volatility,109972.89,0.4984,2.0,3.5,172,179.6913253932555,344.0,61813.82,602.0,108174.18,0.0769
SKU_0248,High Revenue + High Volatility,147665.84,0.4643,2.0,3.5,88,165.2779046785687,176.0,29088.91,308.0,50905.59,0.0722
SKU_0249,High Revenue + High Volatility,147453.4,0.4746,2.0,3.5,95,66.96647286148595,190.0,12723.63,332.0,22232.87,0.1168
SKU_0250,High Revenue + High Volatility,139710.66,0.514,2.0,3.5,78,169.32655575446046,156.0,26414.94,273.0,46226.15,0.0651
SKU_0251,High Revenue + High Volatility,100611.42,0.4693,2.0,3.5,111,187.80166954902563,222.0,41691.97,388.0,72867.05,0.0727
SKU_0252,High Revenue + High Volatility,106956.84,0.7587,2.0,3.5,65,140.09143138193542,130.0,18211.89,228.0,31940.85,0.0648
SKU_0253,High Revenue + High Volatility,139579.57,0.4321,2.0,3.5,170,191.13130345070974,340.0,64984.64,595.0,113723.13,0.1188
SKU_0254,High Revenue + High Volatility,102184.54,0.6098,2.0,3.5,59,174.0258325567816,118.0,20535.05,206.0,35849.32,0.1151
SKU_0255,High Revenue + High Volatility,91864.49,0.5642,2.0,3.5,152,150.04572754863608,304.0,45613.9,532.0,79824.33,0.103
SKU_0256,High Revenue + High Volatility,118976.09,0.793,2.0,3.5,133,136.5777855067622,266.0,36329.69,466.0,63645.25,0.0856
SKU_0257,High Revenue + High Volatility,145530.83,0.4448,2.0,3.5,182,102.28605008629557,364.0,37232.12,637.0,65156.21,0.0714
SKU_0258,High Revenue + High Volatility,128722.09,0.5591,2.0,3.5,114,73.89311678642076,228.0,16847.63,399.0,29483.35,0.0733
SKU_0259,High Revenue + High Volatility,119904.28,0.7878,2.0,3.5,52,140.7430884035811,104.0,14637.28,182.0,25615.24,0.0866
SKU_0260,High Revenue + High Volatility,86802.35,0.7462,2.0,3.5,191,97.71673304271792,382.0,37327.79,668.0,65274.78,0.1061
SKU_0261,High Revenue + High Volatility,123050.51,0.7268,2.0,3.5,169,179.9658001291468,338.0,60828.44,592.0,106539.75,0.0759
SKU_0262,High Revenue + High Volatility,149303.77,0.5032,2.0,3.5,117,199.00054060379426,234.0,46566.13,410.0,81590.22,0.0786
SKU_0263,High Revenue + High Volatility,89805.88,0.4684,2.0,3.5,195,162.86416439233588,390.0,63517.02,682.0,111073.36,0.096
SKU_0264,High Revenue + High Volatility,116283.08,0.6675,2.0,3.5,86,63.57225429305761,172.0,10934.43,301.0,19135.25,0.0743
SKU_0265,High Revenue + High Volatility,141416.12,0.7718,2.0,3.5,122,93.30283932959571,244.0,22765.89,427.0,39840.31,0.0951
SKU_0266,High Revenue + High Volatility,131853.8,0.6227,2.0,3.5,192,66.36644476486245,384.0,25484.71,672.0,44598.25,0.0832
SKU_0267,High Revenue + High Volatility,128791.1,0.6286,2.0,3.5,98,147.57674716875738,196.0,28925.04,343.0,50618.82,0.0621
SKU_0268,High Revenue + High Volatility,129173.89,0.512,2.0,3.5,170,164.77862968336768,340.0,56024.73,595.0,98043.28,0.0842
SKU_0269,High Revenue + High Volatility,105164.38,0.7078,2.0,3.5,137,188.85122463210678,274.0,51745.24,480.0,90648.59,0.1152
SKU_0270,High Revenue + High Volatility,100551.43,0.4748,2.0,3.5,189,115.72585196179814,378.0,43744.37,662.0,76610.51,0.0776
SKU_0271,High Revenue + High Volatility,136655.28,0.5295,2.0,3.5,86,185.20634743826665,172.0,31855.49,301.0,55747.11,0.0794
SKU_0272,High Revenue + High Volatility,136707.94,0.5702,2.0,3.5,110,181.68367385619914,220.0,39970.41,385.0,69948.21,0.064
SKU_0273,High Revenue + High Volatility,140695.06,0.603,2.0,3.5,173,97.57935751480979,346.0,33762.46,606.0,59133.09,0.0969
SKU_0274,High Revenue + High Volatility,143926.84,0.497,2.0,3.5,88,180.33509383108566,176.0,31738.98,308.0,55543.21,0.111
SKU_0275,High Revenue + High Volatility,115793.97,0.4459,2.0,3.5,112,106.35083778225896,224.0,23822.59,392.0,41689.53,0.0812
SKU_0276,High Revenue + High Volatility,115106.14,0.6442,2.0,3.5,95,94.53039118404212,190.0,17960.77,332.0,31384.09,0.0744
SKU_0277,High Revenue + High Volatility,135880.66,0.5155,2.0,3.5,137,147.36119881915897,274.0,40376.97,480.0,70733.38,0.1174
SKU_0278,High Revenue + High Volatility,125497.48,0.6325,2.0,3.5,60,99.25718418276216,120.0,11910.86,210.0,20844.01,0.1047
SKU_0279,High Revenue + High Volatility,129137.68,0.4617,2.0,3.5,111,144.53131224937164,222.0,32085.95,388.0,56078.15,0.094
SKU_0280,High Revenue + High Volatility,135705.49,0.5925,2.0,3.5,126,141.47477082480418,252.0,35651.64,441.0,62390.37,0.0783
SKU_0281,High Revenue + High Volatility,142300.37,0.613,2.0,3.5,101,134.5158391022688,202.0,27172.2,354.0,47618.61,0.0732
SKU_0282,High Revenue + High Volatility,103659.66,0.4207,2.0,3.5,53,107.06295563491966,106.0,11348.67,186.0,19913.71,0.1029
SKU_0283,High Revenue + High Volatility,106290.81,0.5346,2.0,3.5,108,132.27495824772151,216.0,28571.39,378.0,49999.93,0.0913
SKU_0284,High Revenue + High Volatility,86578.74,0.4538,2.0,3.5,121,139.47282124781324,242.0,33752.42,424.0,59136.48,0.0912
SKU_0285,High Revenue + High Volatility,120479.61,0.4253,2.0,3.5,197,131.853033274321,394.0,51950.1,690.0,90978.59,0.0644
SKU_0286,High Revenue + High Volatility,82515.96,0.796,2.0,3.5,142,116.66291791268023,284.0,33132.27,497.0,57981.47,0.0907
SKU_0287,High Revenue + High Volatility,112591.86,0.5289,2.0,3.5,112,52.200058556939574,224.0,11692.81,392.0,20462.42,0.1094
SKU_0288,High Revenue + High Volatility,117985.12,0.7239,2.0,3.5,103,138.05925615517265,206.0,28440.21,360.0,49701.33,0.1168
SKU_0289,High Revenue + High Volatility,100057.89,0.5019,2.0,3.5,166,75.26665777140795,332.0,24988.53,581.0,43729.93,0.0664
SKU_0290,High Revenue + High Volatility,121358.33,0.6726,2.0,3.5,159,146.38639534207846,318.0,46550.87,556.0,81390.84,0.0979
SKU_0291,High Revenue + High Volatility,82135.02,0.7041,2.0,3.5,123,163.9016491884299,246.0,40319.81,430.0,70477.71,0.0941
SKU_0292,High Revenue + High Volatility,82614.37,0.6383,2.0,3.5,156,125.06679636961123,312.0,39020.84,546.0,68286.47,0.1134
SKU_0293,High Revenue + High Volatility,137582.04,0.5886,2.0,3.5,106,131.35454974696074,212.0,27847.16,371.0,48732.54,0.1051
SKU_0294,High Revenue + High Volatility,105213.34,0.5647,2.0,3.5,52,192.72178394989868,104.0,20043.07,182.0,35075.36,0.1179
SKU_0295,High Revenue + High Volatility,88894.24,0.5395,2.0,3.5,169,177.07510420588613,338.0,59851.39,592.0,104828.46,0.1176
SKU_0296,High Revenue + High Volatility,116557.03,0.7718,2.0,3.5,55,187.1354773927205,110.0,20584.9,192.0,35930.01,0.0735
SKU_0297,High Revenue + High Volatility,133899.55,0.7322,2.0,3.5,54,172.06494324793795,108.0,18583.01,189.0,32520.27,0.1035
SKU_0298,High Revenue + High Volatility,95107.47,0.786,2.0,3.5,54,66.33775127700972,108.0,7164.48,189.0,12537.83,0.0918
SKU_0299,High Revenue + High Volatility,123602.33,0.4497,2.0,3.5,103,72.34877839552921,206.0,14903.85,360.0,26045.56,0.0729
SKU_0300,High Revenue + High Volatility,85974.32,0.6923,2.0,3.5,96,128.99356959034395,192.0,24766.77,336.0,43341.84,0.0717
SKU_0301,High Revenue + High Volatility,83617.72,0.7753,2.0,3.5,58,86.91044881969974,116.0,10081.61,203.0,17642.82,0.0649
SKU_0302,High Revenue + High Volatility,117194.82,0.4725,2.0,3.5,148,121.50432125617388,296.0,35965.28,518.0,62939.24,0.1077
SKU_0303,High Revenue + High Volatility,117844.46,0.4266,2.0,3.5,69,109.15479857275253,138.0,15063.36,242.0,26415.46,0.0795
SKU_0304,High Revenue + High Volatility,124620.09,0.6964,2.0,3.5,171,132.412135764568,342.0,45284.95,598.0,79182.46,0.1114
SKU_0305,High Revenue + High Volatility,130826.39,0.6298,2.0,3.5,110,162.0313574203734,220.0,35646.9,385.0,62382.07,0.0965
SKU_0306,High Revenue + High Volatility,148309.65,0.7367,2.0,3.5,172,157.32363606489116,344.0,54119.33,602.0,94708.83,0.1004
SKU_0307,High Revenue + High Volatility,116141.02,0.4559,2.0,3.5,131,128.18511987280016,262.0,33584.5,458.0,58708.78,0.0775
SKU_0308,High Revenue + High Volatility,102606.95,0.7181,2.0,3.5,111,173.35901282255873,222.0,38485.7,388.0,67263.3,0.0874
SKU_0309,High Revenue + High Volatility,135663.03,0.4807,2.0,3.5,194,114.62931373070501,388.0,44476.17,679.0,77833.3,0.0847
SKU_0310,High Revenue + High Volatility,98958.26,0.4655,2.0,3.5,52,184.50714347601834,104.0,19188.74,182.0,33580.3,0.0741
SKU_0311,High Revenue + High Volatility,110728.0,0.4657,2.0,3.5,62,60.69204050827459,124.0,7525.81,217.0,13170.17,0.11
SKU_0312,High Revenue + High Volatility,85491.95,0.7258,2.0,3.5,169,193.1990045049961,338.0,65301.26,592.0,114373.81,0.0973
SKU_0313,High Revenue + High Volatility,81774.55,0.6661,2.0,3.5,174,148.20396221470224,348.0,51574.98,609.0,90256.21,0.0622
SKU_0314,High Revenue + High Volatility,147385.39,0.6092,2.0,3.5,138,107.01117634058079,276.0,29535.08,483.0,51686.4,0.1092
SKU_0315,High Revenue + High Volatility,138518.61,0.5435,2.0,3.5,122,79.5731189859316,244.0,19415.84,427.0,33977.72,0.0664
SKU_0316,High Revenue + High Volatility,128718.19,0.7509,2.0,3.5,117,121.87748441653999,234.0,28519.33,410.0,49969.77,0.0842
SKU_0317,High Revenue + High Volatility,108626.71,0.557,2.0,3.5,191,79.18374847779515,382.0,30248.19,668.0,52894.74,0.0943
SKU_0318,High Revenue + High Volatility,92130.6,0.7266,2.0,3.5,150,74.94974116147132,300.0,22484.92,525.0,39348.61,0.0605
SKU_0319,High Revenue + High Volatility,90950.59,0.5757,2.0,3.5,147,142.60276361194613,294.0,41925.21,514.0,73297.82,0.0992
SKU_0320,High Revenue + High Volatility,97517.0,0.5508,2.0,3.5,60,128.4627086872677,120.0,15415.53,210.0,26977.17,0.0996
SKU_0321,High Revenue + High Volatility,118445.87,0.5851,2.0,3.5,154,150.51440519164126,308.0,46358.44,539.0,81127.26,0.0992
SKU_0322,High Revenue + High Volatility,130021.71,0.5206,2.0,3.5,116,189.4408816132984,232.0,43950.28,406.0,76913.0,0.0698
SKU_0323,High Revenue + High Volatility,126213.82,0.699,2.0,3.5,172,129.83903200085604,344.0,44664.63,602.0,78163.1,0.0753
SKU_0324,High Revenue + High Volatility,99595.37,0.6011,2.0,3.5,78,137.13980798941967,156.0,21393.81,273.0,37439.17,0.0748
SKU_0325,High Revenue + High Volatility,146840.57,0.4929,2.0,3.5,186,63.44395087324132,372.0,23601.15,651.0,41302.01,0.1176
SKU_0326,High Revenue + High Volatility,131652.78,0.7598,2.0,3.5,125,157.64536788629442,250.0,39411.34,438.0,69048.67,0.0641
SKU_0327,High Revenue + High Volatility,118804.78,0.5536,2.0,3.5,58,109.98578102062342,116.0,12758.35,203.0,22327.11,0.0857
SKU_0328,High Revenue + High Volatility,122820.45,0.6174,2.0,3.5,89,196.50878579938683,178.0,34978.56,312.0,61310.74,0.1123
SKU_0329,High Revenue + High Volatility,109372.0,0.7626,2.0,3.5,74,173.47610233934904,148.0,25674.46,259.0,44930.31,0.1062
SKU_0330,High Revenue + High Volatility,97341.17,0.6497,2.0,3.5,54,128.37215607741774,108.0,13864.19,189.0,24262.34,0.1093
SKU_0331,High Revenue + High Volatility,104918.09,0.4468,2.0,3.5,188,68.4833981258249,376.0,25749.76,658.0,45062.08,0.1183
SKU_0332,High Revenue + High Volatility,133049.23,0.7759,2.0,3.5,173,178.91236899208837,346.0,61903.68,606.0,108420.9,0.0832
SKU_0333,High Revenue + High Volatility,81007.54,0.6511,2.0,3.5,87,169.96716431360323,174.0,29574.29,304.0,51670.02,0.0786
SKU_0334,High Revenue + High Volatility,88125.08,0.534,2.0,3.5,121,77.68776943055495,242.0,18800.44,424.0,32939.61,0.0618
SKU_0335,High Revenue + High Volatility,83220.18,0.4557,2.0,3.5,182,94.29174338304651,364.0,34322.19,637.0,60063.84,0.069
SKU_0336,High Revenue + High Volatility,82851.02,0.7176,2.0,3.5,139,169.0110887221756,278.0,46985.08,486.0,82139.39,0.0937
SKU_0337,High Revenue + High Volatility,139882.24,0.648,2.0,3.5,195,77.78426698211145,390.0,30335.86,682.0,53048.87,0.0695
SKU_0338,High Revenue + High Volatility,129256.05,0.6134,2.0,3.5,86,187.6628733757066,172.0,32278.01,301.0,56486.52,0.1042
SKU_0339,High Revenue + High Volatility,113192.17,0.7576,2.0,3.5,109,113.67911377945428,218.0,24782.05,382.0,43425.42,0.0622
SKU_0340,High Revenue + High Volatility,86848.39,0.7154,2.0,3.5,77,63.0558443881488,154.0,9710.6,270.0,17025.08,0.0756
SKU_0341,High Revenue + High Volatility,114413.11,0.4607,2.0,3.5,130,172.36229652564214,260.0,44814.2,455.0,78424.84,0.1017
SKU_0342,High Revenue + High Volatility,113143.02,0.5247,2.0,3.5,163,106.02645245575815,326.0,34564.62,570.0,60435.08,0.0753
SKU_0343,High Revenue + High Volatility,92124.13,0.4994,2.0,3.5,89,128.97487912306715,178.0,22957.53,312.0,40240.16,0.1037
SKU_0344,High Revenue + High Volatility,110369.62,0.6976,2.0,3.5,94,66.84565166168288,188.0,12566.98,329.0,21992.22,0.1198
SKU_0345,High Revenue + High Volatility,107895.33,0.4134,2.0,3.5,111,50.387602226747354,222.0,11186.05,388.0,19550.39,0.1078
SKU_0346,High Revenue + High Volatility,123109.51,0.628,2.0,3.5,142,145.69778086899464,284.0,41378.17,497.0,72411.8,0.0805
SKU_0347,High Revenue + High Volatility,124456.56,0.705,2.0,3.5,164,127.27627555005974,328.0,41746.62,574.0,73056.58,0.114
SKU_0348,High Revenue + High Volatility,83171.28,0.7507,2.0,3.5,116,139.0307853684721,232.0,32255.14,406.0,56446.5,0.0631
SKU_0349,High Revenue + High Volatility,106222.88,0.5368,2.0,3.5,105,169.06157755707744,210.0,35502.93,368.0,62214.66,0.1035
SKU_0350,High Revenue + High Volatility,123810.19,0.7285,2.0,3.5,89,146.99088701342902,178.0,26164.38,312.0,45861.16,0.0614
SKU_0351,High Revenue + High Volatility,115219.54,0.4443,2.0,3.5,147,76.21601642410657,294.0,22407.51,514.0,39175.03,0.0705
SKU_0352,High Revenue + High Volatility,139954.29,0.7386,2.0,3.5,89,104.11587786658998,178.0,18532.63,312.0,32484.15,0.1193
SKU_0353,High Revenue + High Volatility,126108.55,0.451,2.0,3.5,140,185.88366571816405,280.0,52047.43,490.0,91083.0,0.0817
SKU_0354,High Revenue + High Volatility,91405.41,0.5589,2.0,3.5,82,165.49170503775184,164.0,27140.64,287.0,47496.12,0.1092
SKU_0355,High Revenue + High Volatility,84939.81,0.7189,2.0,3.5,55,133.4955586905076,110.0,14684.51,192.0,25631.15,0.0826
SKU_0356,High Revenue + High Volatility,124969.35,0.46,2.0,3.5,196,88.34674967139085,392.0,34631.93,686.0,60605.87,0.1104
SKU_0357,High Revenue + High Volatility,81855.79,0.4917,2.0,3.5,129,95.30907527521926,258.0,24589.74,452.0,43079.7,0.1179
SKU_0358,High Revenue + High Volatility,121004.29,0.6889,2.0,3.5,141,159.79371013784518,282.0,45061.83,494.0,78938.09,0.0861
SKU_0359,High Revenue + High Volatility,145816.12,0.688,2.0,3.5,146,177.67613912791563,292.0,51881.43,511.0,90792.51,0.0936
SKU_0360,High Revenue + High Volatility,120283.19,0.6565,2.0,3.5,108,150.71370042959217,216.0,32554.16,378.0,56969.78,0.0977
SKU_0361,High Revenue + High Volatility,107171.89,0.6776,2.0,3.5,108,171.42949636526626,216.0,37028.77,378.0,64800.35,0.1161
SKU_0362,High Revenue + High Volatility,125030.18,0.6171,2.0,3.5,97,164.99842028006088,194.0,32009.69,340.0,56099.46,0.0754
SKU_0363,High Revenue + High Volatility,112077.7,0.5007,2.0,3.5,62,72.45559519354366,124.0,8984.49,217.0,15722.86,0.0967
SKU_0364,High Revenue + High Volatility,118193.18,0.5383,2.0,3.5,156,113.5917219369953,312.0,35440.62,546.0,62021.08,0.0795
SKU_0365,High Revenue + High Volatility,145902.54,0.4726,2.0,3.5,94,72.9475701242844,188.0,13714.14,329.0,23999.75,0.073
SKU_0366,High Revenue + High Volatility,107027.18,0.7634,2.0,3.5,138,85.28533772029772,276.0,23538.75,483.0,41192.82,0.0651
SKU_0367,High Revenue + High Volatility,147283.34,0.6334,2.0,3.5,149,180.38894369765788,298.0,53755.91,522.0,94163.03,0.0972
SKU_0368,High Revenue + High Volatility,143374.54,0.5603,2.0,3.5,56,120.93379484497733,112.0,13544.59,196.0,23703.02,0.1129
SKU_0369,High Revenue + High Volatility,93705.38,0.5848,2.0,3.5,182,130.30371527639915,364.0,47430.55,637.0,83003.47,0.0811
SKU_0370,High Revenue + High Volatility,84855.29,0.7789,2.0,3.5,94,76.76689478416581,188.0,14432.18,329.0,25256.31,0.0932
SKU_0371,High Revenue + High Volatility,87054.46,0.4613,2.0,3.5,107,96.8407679073194,214.0,20723.92,374.0,36218.45,0.0985
SKU_0372,High Revenue + High Volatility,81275.53,0.6345,2.0,3.5,80,84.5369252641805,160.0,13525.91,280.0,23670.34,0.0849
SKU_0373,High Revenue + High Volatility,86611.01,0.6024,2.0,3.5,72,80.92792467776397,144.0,11653.62,252.0,20393.84,0.1142
SKU_0374,High Revenue + High Volatility,127810.47,0.6446,2.0,3.5,187,145.69411899739552,374.0,54489.6,654.0,95283.95,0.0818
SKU_0375,High Revenue + High Volatility,84983.21,0.4072,2.0,3.5,156,88.53257714685722,312.0,27622.16,546.0,48338.79,0.0675
SKU_0376,High Revenue + High Volatility,102328.29,0.7488,2.0,3.5,88,144.80232290306276,176.0,25485.21,308.0,44599.12,0.0686
SKU_0377,High Revenue + High Volatility,139141.27,0.7728,2.0,3.5,131,58.76819211628309,262.0,15397.27,458.0,26915.83,0.1135
SKU_0378,High Revenue + High Volatility,81629.04,0.6261,2.0,3.5,149,71.26615902906528,298.0,21237.32,522.0,37200.94,0.1193
SKU_0379,High Revenue + High Volatility,137012.79,0.6787,2.0,3.5,51,91.18103810001881,102.0,9300.47,178.0,16230.22,0.0773
SKU_0380,High Revenue + High Volatility,99729.83,0.769,2.0,3.5,126,139.55703753435375,252.0,35168.37,441.0,61544.65,0.0686
SKU_0381,High Revenue + High Volatility,88271.54,0.6829,2.0,3.5,61,151.37618676310638,122.0,18467.89,214.0,32394.5,0.0889
SKU_0382,High Revenue + High Volatility,128771.6,0.461,2.0,3.5,88,116.40754501692906,176.0,20487.73,308.0,35853.52,0.1026
SKU_0383,High Revenue + High Volatility,124026.0,0.6305,2.0,3.5,62,116.86863718658435,124.0,14491.71,217.0,25360.49,0.0967
SKU_0384,High Revenue + High Volatility,141423.04,0.6427,2.0,3.5,95,158.6775277097927,190.0,30148.73,332.0,52680.94,0.1171
SKU_0385,High Revenue + High Volatility,131454.97,0.5697,2.0,3.5,162,52.373163764837365,324.0,16968.91,567.0,29695.58,0.1091
SKU_0386,High Revenue + High Volatility,136243.67,0.6946,2.0,3.5,66,101.16350367113307,132.0,13353.58,231.0,23368.77,0.1121
SKU_0387,High Revenue + High Volatility,99742.42,0.7737,2.0,3.5,153,172.80605856788492,306.0,52878.65,536.0,92624.05,0.0925
SKU_0388,High Revenue + High Volatility,92420.77,0.7702,2.0,3.5,147,140.48291153200583,294.0,41301.98,514.0,72208.22,0.0796
SKU_0389,High Revenue + High Volatility,132543.03,0.5803,2.0,3.5,137,100.58406991331306,274.0,27560.04,480.0,48280.35,0.1021
SKU_0390,High Revenue + High Volatility,136478.43,0.4453,2.0,3.5,158,185.8287188494511,316.0,58721.88,553.0,102763.28,0.0863
SKU_0391,High Revenue + High Volatility,149335.36,0.7939,2.0,3.5,119,165.89340911740737,238.0,39482.63,416.0,69011.66,0.0773
SKU_0392,High Revenue + High Volatility,108883.24,0.7356,2.0,3.5,123,89.73431708551001,246.0,22074.64,430.0,38585.76,0.0691
SKU_0393,High Revenue + High Volatility,106041.27,0.4499,2.0,3.5,112,146.79347562885755,224.0,32881.74,392.0,57543.04,0.0917
SKU_0394,High Revenue + High Volatility,134348.91,0.7683,2.0,3.5,109,139.3626092283435,218.0,30381.05,382.0,53236.52,0.0957
SKU_0395,High Revenue + High Volatility,103856.25,0.748,2.0,3.5,128,110.1781871058474,256.0,28205.62,448.0,49359.83,0.0941
SKU_0396,High Revenue + High Volatility,145153.01,0.6075,2.0,3.5,86,105.0434118807201,172.0,18067.47,301.0,31618.07,0.067
SKU_0397,High Revenue + High Volatility,140088.89,0.6365,2.0,3.5,71,101.53407121635558,142.0,14417.84,248.0,25180.45,0.0942
SKU_0398,High Revenue + High Volatility,110029.58,0.5596,2.0,3.5,197,142.573367509347,394.0,56173.91,690.0,98375.62,0.0701
SKU_0399,High Revenue + High Volatility,132560.97,0.4219,2.0,3.5,145,116.36149047210043,290.0,33744.83,508.0,59111.64,0.0998
SKU_0400,High Revenue + High Volatility,132818.0,0.5341,2.0,3.5,117,174.7794669877133,234.0,40898.4,410.0,71659.58,0.0858
SKU_0401,High Revenue + High Volatility,87218.67,0.7211,2.0,3.5,66,150.44039242009427,132.0,19858.13,231.0,34751.73,0.1109
SKU_0402,High Revenue + High Volatility,143178.7,0.4019,2.0,3.5,61,60.48974085641512,122.0,7379.75,214.0,12944.8,0.1067
SKU_0403,High Revenue + High Volatility,115367.67,0.5334,2.0,3.5,199,146.0252335742249,398.0,58118.04,696.0,101633.56,0.1035
SKU_0404,High Revenue + High Volatility,137852.02,0.5593,2.0,3.5,194,90.67211547502772,388.0,35180.78,679.0,61566.37,0.102
SKU_0405,High Revenue + High Volatility,102403.47,0.615,2.0,3.5,187,138.9217987480134,374.0,51956.75,654.0,90854.86,0.0936
SKU_0406,High Revenue + High Volatility,142686.63,0.7679,2.0,3.5,167,152.0197896655177,334.0,50774.61,584.0,88779.56,0.0637
SKU_0407,High Revenue + High Volatility,107244.12,0.5385,2.0,3.5,71,84.62437837310182,142.0,12016.66,248.0,20986.85,0.0993
SKU_0408,High Revenue + High Volatility,80758.64,0.5388,2.0,3.5,169,118.5287967320553,338.0,40062.73,592.0,70169.05,0.088
SKU_0409,High Revenue + High Volatility,143376.74,0.695,2.0,3.5,99,78.54872942286016,198.0,15552.65,346.0,27177.86,0.0882
SKU_0410,High Revenue + High Volatility,86390.07,0.5809,2.0,3.5,63,57.85083136797625,126.0,7289.2,220.0,12727.18,0.0827
SKU_0411,High Revenue + High Volatility,102351.95,0.4898,2.0,3.5,78,106.77146352288037,156.0,16656.35,273.0,29148.61,0.1157
SKU_0412,High Revenue + High Volatility,146504.34,0.581,2.0,3.5,174,104.4416407768988,348.0,36345.69,609.0,63604.96,0.075
SKU_0413,High Revenue + High Volatility,146542.5,0.4563,2.0,3.5,56,199.32207360563856,112.0,22324.07,196.0,39067.13,0.079
SKU_0414,High Revenue + High Volatility,120140.65,0.4706,2.0,3.5,78,116.95285267964633,156.0,18244.65,273.0,31928.13,0.1178
SKU_0415,High Revenue + High Volatility,124228.6,0.5993,2.0,3.5,188,100.03543242083006,376.0,37613.32,658.0,65823.31,0.1086
SKU_0416,High Revenue + High Volatility,111391.19,0.5676,2.0,3.5,82,137.0712510075012,164.0,22479.69,287.0,39339.45,0.0608
SKU_0417,High Revenue + High Volatility,100524.75,0.7659,2.0,3.5,183,63.31510911616527,366.0,23173.33,640.0,40521.67,0.1144
SKU_0418,High Revenue + High Volatility,103006.52,0.545,2.0,3.5,160,194.24986039322198,320.0,62159.96,560.0,108779.92,0.0736
SKU_0419,High Revenue + High Volatility,127076.29,0.6322,2.0,3.5,128,145.24400683865497,256.0,37182.47,448.0,65069.32,0.1024
SKU_0420,High Revenue + High Volatility,132666.22,0.6529,2.0,3.5,107,163.22567299112717,214.0,34930.29,374.0,61046.4,0.0932
SKU_0421,High Revenue + Low Volatility,70228.68,0.0722,2.0,1.5,139,78.38493073599027,278.0,21791.01,208.0,16304.07,0.0171
SKU_0422,High Revenue + Low Volatility,84568.67,0.1779,2.0,1.5,158,130.03728125702068,316.0,41091.78,237.0,30818.84,0.0158
SKU_0423,High Revenue + Low Volatility,85361.35,0.1566,2.0,1.5,282,127.7605205651987,564.0,72056.93,423.0,54042.7,0.0166
SKU_0424,High Revenue + Low Volatility,109308.39,0.186,2.0,1.5,161,103.41972241238658,322.0,33301.15,242.0,25027.57,0.0188
SKU_0425,High Revenue + Low Volatility,60074.2,0.0699,2.0,1.5,231,74.81495341592463,462.0,34564.51,346.0,25885.97,0.0277
SKU_0426,High Revenue + Low Volatility,78051.19,0.139,2.0,1.5,159,60.6403648515893,318.0,19283.64,238.0,14432.41,0.0247
SKU_0427,High Revenue + Low Volatility,118874.18,0.1399,2.0,1.5,215,42.70491818557552,430.0,18363.11,322.0,13750.98,0.0234
SKU_0428,High Revenue + Low Volatility,88493.19,0.103,2.0,1.5,174,72.58772201838649,348.0,25260.53,261.0,18945.4,0.0194
SKU_0429,High Revenue + Low Volatility,82951.58,0.1188,2.0,1.5,221,79.58070206492634,442.0,35174.67,332.0,26420.79,0.01
SKU_0430,High Revenue + Low Volatility,67189.74,0.0557,2.0,1.5,206,111.09875101248883,412.0,45772.69,309.0,34329.51,0.0168
SKU_0431,High Revenue + Low Volatility,118449.88,0.1619,2.0,1.5,195,108.97917891570881,390.0,42501.88,292.0,31821.92,0.0263
SKU_0432,High Revenue + Low Volatility,61201.58,0.1324,2.0,1.5,190,38.41297675695083,380.0,14596.93,285.0,10947.7,0.0178
SKU_0433,High Revenue + Low Volatility,104230.81,0.0587,2.0,1.5,257,77.43111785173893,514.0,39799.59,386.0,29888.41,0.0213
SKU_0434,High Revenue + Low Volatility,106115.99,0.1521,2.0,1.5,229,51.81346406608343,458.0,23730.57,344.0,17823.83,0.0141
SKU_0435,High Revenue + Low Volatility,74619.4,0.12,2.0,1.5,161,48.81752463801668,322.0,15719.24,242.0,11813.84,0.0283
SKU_0436,High Revenue + Low Volatility,100293.51,0.0552,2.0,1.5,148,129.2762579684695,296.0,38265.77,222.0,28699.33,0.0285
SKU_0437,High Revenue + Low Volatility,65575.75,0.1954,2.0,1.5,236,35.0298260059509,472.0,16534.08,354.0,12400.56,0.0129
SKU_0438,High Revenue + Low Volatility,75422.84,0.1924,2.0,1.5,191,80.30194510825456,382.0,30675.34,286.0,22966.36,0.0245
SKU_0439,High Revenue + Low Volatility,107274.12,0.1269,2.0,1.5,258,50.18443869198218,516.0,25895.17,387.0,19421.38,0.0115
SKU_0440,High Revenue + Low Volatility,111881.17,0.0641,2.0,1.5,223,135.51962588141689,446.0,60441.75,334.0,45263.56,0.022
SKU_0441,High Revenue + Low Volatility,96509.18,0.1632,2.0,1.5,160,96.84486159300421,320.0,30990.36,240.0,23242.77,0.0136
SKU_0442,High Revenue + Low Volatility,90410.31,0.1238,2.0,1.5,147,57.765676365221765,294.0,16983.11,220.0,12708.45,0.0129
SKU_0443,High Revenue + Low Volatility,69558.24,0.0954,2.0,1.5,252,90.29127445996517,504.0,45506.8,378.0,34130.1,0.0101
SKU_0444,High Revenue + Low Volatility,63786.54,0.1237,2.0,1.5,263,117.7783631643739,526.0,61951.42,394.0,46404.68,0.0288
SKU_0445,High Revenue + Low Volatility,67058.94,0.1284,2.0,1.5,235,144.97416107033206,470.0,68137.86,352.0,51030.9,0.0266
SKU_0446,High Revenue + Low Volatility,73641.44,0.1344,2.0,1.5,157,56.45352050945027,314.0,17726.41,236.0,13323.03,0.0115
SKU_0447,High Revenue + Low Volatility,80500.47,0.1162,2.0,1.5,200,136.3418126555214,400.0,54536.73,300.0,40902.54,0.022
SKU_0448,High Revenue + Low Volatility,82854.57,0.1409,2.0,1.5,211,142.11649370009883,422.0,59973.16,316.0,44908.81,0.0147
SKU_0449,High Revenue + Low Volatility,80779.31,0.1878,2.0,1.5,272,139.97046534384793,544.0,76143.93,408.0,57107.95,0.0153
SKU_0450,High Revenue + Low Volatility,74343.32,0.1043,2.0,1.5,161,106.24972282342918,322.0,34212.41,242.0,25712.43,0.0275
SKU_0451,High Revenue + Low Volatility,90583.45,0.1589,2.0,1.5,138,105.57847853216492,276.0,29139.66,207.0,21854.75,0.0123
SKU_0452,High Revenue + Low Volatility,109517.17,0.1842,2.0,1.5,157,78.38527598205873,314.0,24612.98,236.0,18498.93,0.022
SKU_0453,High Revenue + Low Volatility,76782.21,0.1184,2.0,1.5,198,120.28774587645455,396.0,47633.95,297.0,35725.46,0.018
SKU_0454,High Revenue + Low Volatility,116543.22,0.1165,2.0,1.5,291,93.75528220211183,582.0,54565.57,436.0,40877.3,0.0138
SKU_0455,High Revenue + Low Volatility,112400.2,0.1403,2.0,1.5,143,111.29256854739533,286.0,31829.67,214.0,23816.61,0.019
SKU_0456,High Revenue + Low Volatility,69705.85,0.1387,2.0,1.5,128,81.41494846185546,256.0,20842.23,192.0,15631.67,0.0288
SKU_0457,High Revenue + Low Volatility,107176.56,0.171,2.0,1.5,158,117.77957568517668,316.0,37218.35,237.0,27913.76,0.0256
SKU_0458,High Revenue + Low Volatility,94475.24,0.1215,2.0,1.5,170,128.9365821125459,340.0,43838.44,255.0,32878.83,0.0126
SKU_0459,High Revenue + Low Volatility,93994.52,0.1994,2.0,1.5,191,47.572350792337936,382.0,18172.64,286.0,13605.69,0.027
SKU_0460,High Revenue + Low Volatility,83462.57,0.0589,2.0,1.5,108,129.95156586890738,216.0,28069.54,162.0,21052.15,0.0287
SKU_0461,High Revenue + Low Volatility,90069.18,0.0505,2.0,1.5,226,94.83558381483687,452.0,42865.68,339.0,32149.26,0.0155
SKU_0462,High Revenue + Low Volatility,83830.73,0.146,2.0,1.5,233,131.35990909082693,466.0,61213.72,350.0,45975.97,0.0167
SKU_0463,High Revenue + Low Volatility,92383.96,0.0948,2.0,1.5,256,81.75620476092175,512.0,41859.18,384.0,31394.38,0.0125
SKU_0464,High Revenue + Low Volatility,97677.0,0.0861,2.0,1.5,285,75.4848582459642,570.0,43026.37,428.0,32307.52,0.0169
SKU_0465,High Revenue + Low Volatility,100458.23,0.0968,2.0,1.5,244,139.8072879020667,488.0,68225.96,366.0,51169.47,0.0235
SKU_0466,High Revenue + Low Volatility,91948.87,0.0884,2.0,1.5,243,60.14031210580816,486.0,29228.19,364.0,21891.07,0.0154
SKU_0467,High Revenue + Low Volatility,103285.32,0.0546,2.0,1.5,230,131.30547903433717,460.0,60400.52,345.0,45300.39,0.0101
SKU_0468,High Revenue + Low Volatility,68476.68,0.1957,2.0,1.5,120,88.08246870112849,240.0,21139.79,180.0,15854.84,0.0168
SKU_0469,High Revenue + Low Volatility,72718.95,0.0831,2.0,1.5,163,91.69145310615116,326.0,29891.41,244.0,22372.71,0.0191
SKU_0470,High Revenue + Low Volatility,109124.1,0.1601,2.0,1.5,189,67.01619377873809,378.0,25332.12,284.0,19032.6,0.0213
SKU_0471,High Revenue + Low Volatility,79351.68,0.1644,2.0,1.5,135,98.76506407428188,270.0,26666.57,202.0,19950.54,0.0237
SKU_0472,High Revenue + Low Volatility,61373.63,0.1894,2.0,1.5,161,69.02534355314535,322.0,22226.16,242.0,16704.13,0.0112
SKU_0473,High Revenue + Low Volatility,69227.47,0.0546,2.0,1.5,269,34.712329708998276,538.0,18675.23,404.0,14023.78,0.0194
SKU_0474,High Revenue + Low Volatility,73416.87,0.1808,2.0,1.5,175,62.63983264132273,350.0,21923.94,262.0,16411.64,0.0153
SKU_0475,High Revenue + Low Volatility,117439.37,0.1291,2.0,1.5,269,30.76548520879088,538.0,16551.83,404.0,12429.26,0.029
SKU_0476,High Revenue + Low Volatility,94382.49,0.1449,2.0,1.5,288,147.4025744468228,576.0,84903.88,432.0,63677.91,0.0172
SKU_0477,High Revenue + Low Volatility,115963.84,0.1467,2.0,1.5,112,145.88966517836968,224.0,32679.28,168.0,24509.46,0.012
SKU_0478,High Revenue + Low Volatility,94509.8,0.173,2.0,1.5,110,77.4186356966766,220.0,17032.1,165.0,12774.07,0.0108
SKU_0479,High Revenue + Low Volatility,88761.27,0.1,2.0,1.5,153,117.40450252075752,306.0,35925.78,230.0,27003.04,0.0153
SKU_0480,High Revenue + Low Volatility,78823.66,0.16,2.0,1.5,115,71.496731809251,230.0,16444.25,172.0,12297.44,0.0136
SKU_0481,High Revenue + Low Volatility,96382.26,0.1293,2.0,1.5,107,110.53117885031713,214.0,23653.67,160.0,17684.99,0.023
SKU_0482,High Revenue + Low Volatility,68351.88,0.169,2.0,1.5,203,126.6516051655175,406.0,51420.55,304.0,38502.09,0.0269
SKU_0483,High Revenue + Low Volatility,113895.7,0.1986,2.0,1.5,158,143.6107493630689,316.0,45381.0,237.0,34035.75,0.0163
SKU_0484,High Revenue + Low Volatility,109759.94,0.0801,2.0,1.5,156,78.02547310196064,312.0,24343.95,234.0,18257.96,0.0216
SKU_0485,High Revenue + Low Volatility,79051.89,0.1992,2.0,1.5,139,123.99575795472572,278.0,34470.82,208.0,25791.12,0.0246
SKU_0486,High Revenue + Low Volatility,117167.85,0.0635,2.0,1.5,286,61.91141407585425,572.0,35413.33,429.0,26560.0,0.018
SKU_0487,High Revenue + Low Volatility,109512.05,0.0503,2.0,1.5,229,148.8398764552378,458.0,68168.66,344.0,51200.92,0.0113
SKU_0488,High Revenue + Low Volatility,99978.41,0.0566,2.0,1.5,193,33.092351851722135,386.0,12773.65,290.0,9596.78,0.0146
SKU_0489,High Revenue + Low Volatility,67305.71,0.1013,2.0,1.5,237,102.42345678013452,474.0,48548.72,356.0,36462.75,0.0277
SKU_0490,High Revenue + Low Volatility,88694.04,0.1449,2.0,1.5,143,109.14071779815926,286.0,31214.25,214.0,23356.11,0.0265
SKU_0491,High Revenue + Low Volatility,90366.45,0.0604,2.0,1.5,238,112.56546684889545,476.0,53581.16,357.0,40185.87,0.0117
SKU_0492,High Revenue + Low Volatility,73953.08,0.0508,2.0,1.5,179,44.446509454690684,358.0,15911.85,268.0,11911.66,0.0145
SKU_0493,High Revenue + Low Volatility,64797.92,0.1906,2.0,1.5,180,142.62357401677565,360.0,51344.49,270.0,38508.36,0.0254
SKU_0494,High Revenue + Low Volatility,106603.42,0.1733,2.0,1.5,101,51.74199348600993,202.0,10451.88,152.0,7864.78,0.0197
SKU_0495,High Revenue + Low Volatility,67322.1,0.1714,2.0,1.5,277,104.73040838878093,554.0,58020.65,416.0,43567.85,0.0252
SKU_0496,High Revenue + Low Volatility,95657.45,0.1827,2.0,1.5,239,56.721129494770196,478.0,27112.7,358.0,20306.16,0.0142
SKU_0497,High Revenue + Low Volatility,116186.95,0.155,2.0,1.5,214,66.8659700425525,428.0,28618.64,321.0,21463.98,0.0291
SKU_0498,High Revenue + Low Volatility,112566.31,0.0657,2.0,1.5,189,95.57502500737492,378.0,36127.36,284.0,27143.31,0.0257
SKU_0499,High Revenue + Low Volatility,76665.16,0.1099,2.0,1.5,122,80.06321022774918,244.0,19535.42,183.0,14651.57,0.0139
SKU_0500,High Revenue + Low Volatility,111086.92,0.1585,2.0,1.5,245,49.227072117180754,490.0,24121.27,368.0,18115.56,0.0212
SKU_0501,High Revenue + Low Volatility,60019.95,0.0921,2.0,1.5,161,50.5123682905018,322.0,16264.98,242.0,12223.99,0.0123
SKU_0502,High Revenue + Low Volatility,61061.27,0.1531,2.0,1.5,212,80.17737457953595,424.0,33995.21,318.0,25496.41,0.0172
SKU_0503,High Revenue + Low Volatility,96153.19,0.0537,2.0,1.5,227,120.87395739306008,454.0,54876.78,340.0,41097.15,0.0232
SKU_0504,High Revenue + Low Volatility,81887.89,0.0959,2.0,1.5,161,137.75575762173463,322.0,44357.35,242.0,33336.89,0.0166
SKU_0505,High Revenue + Low Volatility,83187.65,0.1324,2.0,1.5,137,40.09531947112594,274.0,10986.12,206.0,8259.64,0.0231
SKU_0506,High Revenue + Low Volatility,93866.47,0.1448,2.0,1.5,294,77.17246890712812,588.0,45377.41,441.0,34033.06,0.0149
SKU_0507,High Revenue + Low Volatility,71506.95,0.1366,2.0,1.5,265,42.029467646745196,530.0,22275.62,398.0,16727.73,0.0244
SKU_0508,High Revenue + Low Volatility,72705.32,0.1547,2.0,1.5,294,31.991097675911746,588.0,18810.77,441.0,14108.07,0.0172
SKU_0509,High Revenue + Low Volatility,89076.1,0.0509,2.0,1.5,160,109.4062419172748,320.0,35010.0,240.0,26257.5,0.0258
SKU_0510,High Revenue + Low Volatility,105255.21,0.0651,2.0,1.5,228,102.29393303599053,456.0,46646.03,342.0,34984.53,0.0127
SKU_0511,High Revenue + Low Volatility,97169.87,0.1803,2.0,1.5,272,49.56229365778634,544.0,26961.89,408.0,20221.42,0.0172
SKU_0512,High Revenue + Low Volatility,77841.3,0.1523,2.0,1.5,255,58.05753997116769,510.0,29609.35,382.0,22177.98,0.0193
SKU_0513,High Revenue + Low Volatility,85820.23,0.0669,2.0,1.5,248,32.84493043734221,496.0,16291.09,372.0,12218.31,0.0185
SKU_0514,High Revenue + Low Volatility,70239.89,0.1763,2.0,1.5,221,130.19366468332845,442.0,57545.6,332.0,43224.3,0.0187
SKU_0515,High Revenue + Low Volatility,64477.79,0.0863,2.0,1.5,209,146.9628715258262,418.0,61430.48,314.0,46146.34,0.0189
SKU_0516,High Revenue + Low Volatility,106961.76,0.1217,2.0,1.5,112,46.25514441536289,224.0,10361.15,168.0,7770.86,0.0298
SKU_0517,High Revenue + Low Volatility,75923.24,0.0718,2.0,1.5,254,57.77702565183577,508.0,29350.73,381.0,22013.05,0.0139
SKU_0518,High Revenue + Low Volatility,70665.98,0.1565,2.0,1.5,199,134.2091428736321,398.0,53415.24,298.0,39994.32,0.0254
SKU_0519,High Revenue + Low Volatility,101497.08,0.15,2.0,1.5,234,141.1756557547422,468.0,66070.21,351.0,49552.66,0.021
SKU_0520,High Revenue + Low Volatility,97083.1,0.0817,2.0,1.5,121,80.35528593681724,242.0,19445.98,182.0,14624.66,0.0183
SKU_0521,High Revenue + Low Volatility,97991.38,0.1795,2.0,1.5,173,36.074696672288894,346.0,12481.85,260.0,9379.42,0.0227
SKU_0522,High Revenue + Low Volatility,73733.68,0.1102,2.0,1.5,280,34.727020043138324,560.0,19447.13,420.0,14585.35,0.0271
SKU_0523,High Revenue + Low Volatility,73958.73,0.0939,2.0,1.5,231,98.87398392828125,462.0,45679.78,346.0,34210.4,0.0193
SKU_0524,High Revenue + Low Volatility,73248.16,0.0728,2.0,1.5,122,77.14741306718147,244.0,18823.97,183.0,14117.98,0.0273
SKU_0525,High Revenue + Low Volatility,70425.16,0.0899,2.0,1.5,218,33.438291309318544,436.0,14579.1,327.0,10934.32,0.0119
SKU_0526,High Revenue + Low Volatility,99343.42,0.0533,2.0,1.5,169,99.9902870775068,338.0,33796.72,254.0,25397.53,0.0231
SKU_0527,High Revenue + Low Volatility,110880.95,0.1375,2.0,1.5,183,31.356304390682695,366.0,11476.41,274.0,8591.63,0.0167
SKU_0528,High Revenue + Low Volatility,103459.05,0.1763,2.0,1.5,200,124.48463497791276,400.0,49793.85,300.0,37345.39,0.0177
SKU_0529,High Revenue + Low Volatility,107525.62,0.1323,2.0,1.5,183,66.77193872440459,366.0,24438.53,274.0,18295.51,0.0214
SKU_0530,High Revenue + Low Volatility,84287.91,0.0829,2.0,1.5,260,34.830960361107856,520.0,18112.1,390.0,13584.07,0.0196
SKU_0531,High Revenue + Low Volatility,99244.55,0.0551,2.0,1.5,127,100.60226651797839,254.0,25552.98,190.0,19114.43,0.0176
SKU_0532,High Revenue + Low Volatility,81254.17,0.0822,2.0,1.5,235,77.72212973196656,470.0,36529.4,352.0,27358.19,0.0162
SKU_0533,High Revenue + Low Volatility,91530.28,0.1124,2.0,1.5,100,146.85604960285792,200.0,29371.21,150.0,22028.41,0.0224
SKU_0534,High Revenue + Low Volatility,88898.09,0.1639,2.0,1.5,264,95.30383950044427,528.0,50320.43,396.0,37740.32,0.0201
SKU_0535,High Revenue + Low Volatility,70613.23,0.0782,2.0,1.5,162,63.02870172444099,324.0,20421.3,243.0,15315.97,0.0165
SKU_0536,High Revenue + Low Volatility,83224.73,0.158,2.0,1.5,121,115.13266375607697,242.0,27862.1,182.0,20954.14,0.0141
SKU_0537,High Revenue + Low Volatility,117829.34,0.18,2.0,1.5,169,62.57904030512536,338.0,21151.72,254.0,15895.08,0.0255
SKU_0538,High Revenue + Low Volatility,74914.82,0.1181,2.0,1.5,224,138.50919496890782,448.0,62052.12,336.0,46539.09,0.026
SKU_0539,High Revenue + Low Volatility,68028.22,0.1732,2.0,1.5,248,74.96663646088517,496.0,37183.45,372.0,27887.59,0.0143
SKU_0540,High Revenue + Low Volatility,85114.84,0.1332,2.0,1.5,195,95.98422753314463,390.0,37433.85,292.0,28027.39,0.0152
SKU_0541,High Revenue + Low Volatility,107420.26,0.1456,2.0,1.5,262,36.06877245890746,524.0,18900.04,393.0,14175.03,0.0148
SKU_0542,High Revenue + Low Volatility,94928.89,0.1289,2.0,1.5,178,81.1345485542677,356.0,28883.9,267.0,21662.92,0.0277
SKU_0543,High Revenue + Low Volatility,100858.49,0.1195,2.0,1.5,104,129.8836247593194,208.0,27015.79,156.0,20261.85,0.0255
SKU_0544,High Revenue + Low Volatility,71381.69,0.0852,2.0,1.5,159,126.67785664360103,318.0,40283.56,238.0,30149.33,0.0115
SKU_0545,High Revenue + Low Volatility,97136.89,0.0955,2.0,1.5,219,56.91822706242315,438.0,24930.18,328.0,18669.18,0.0267
SKU_0546,High Revenue + Low Volatility,79410.02,0.0935,2.0,1.5,145,57.12948852126752,290.0,16567.55,218.0,12454.23,0.0107
SKU_0547,High Revenue + Low Volatility,110058.2,0.1345,2.0,1.5,277,128.07663746558842,554.0,70954.46,416.0,53279.88,0.0151
SKU_0548,High Revenue + Low Volatility,97757.93,0.068,2.0,1.5,275,141.64781042031905,550.0,77906.3,412.0,58358.9,0.0284
SKU_0549,High Revenue + Low Volatility,71931.38,0.1875,2.0,1.5,233,41.44331055276042,466.0,19312.58,350.0,14505.16,0.0273
SKU_0550,High Revenue + Low Volatility,63877.0,0.1581,2.0,1.5,155,84.00703673114702,310.0,26042.18,232.0,19489.63,0.0256
SKU_0551,High Revenue + Low Volatility,62557.99,0.1102,2.0,1.5,209,70.49451347570748,418.0,29466.71,314.0,22135.28,0.0192
SKU_0552,High Revenue + Low Volatility,82284.51,0.0738,2.0,1.5,286,134.4826146548927,572.0,76924.06,429.0,57693.04,0.0164
SKU_0553,High Revenue + Low Volatility,75951.07,0.1823,2.0,1.5,256,40.022989761602254,512.0,20491.77,384.0,15368.83,0.0276
SKU_0554,High Revenue + Low Volatility,98765.41,0.1736,2.0,1.5,298,55.335113106964485,596.0,32979.73,447.0,24734.8,0.0231
SKU_0555,High Revenue + Low Volatility,89960.03,0.1583,2.0,1.5,203,120.29620051037932,406.0,48840.26,304.0,36570.04,0.0159
SKU_0556,High Revenue + Low Volatility,75961.16,0.0907,2.0,1.5,176,36.15526187774587,352.0,12726.65,264.0,9544.99,0.0193
SKU_0557,High Revenue + Low Volatility,68954.27,0.1104,2.0,1.5,245,89.10424568571472,490.0,43661.08,368.0,32790.36,0.0276
SKU_0558,High Revenue + Low Volatility,67631.99,0.0654,2.0,1.5,101,83.0528441615664,202.0,16776.67,152.0,12624.03,0.0281
SKU_0559,High Revenue + Low Volatility,111879.62,0.0784,2.0,1.5,107,70.12814147864984,214.0,15007.42,160.0,11220.5,0.0232
SKU_0560,High Revenue + Low Volatility,74608.68,0.1675,2.0,1.5,174,77.34867783827085,348.0,26917.34,261.0,20188.0,0.0247
SKU_0561,High Revenue + Low Volatility,99102.64,0.1573,2.0,1.5,281,93.59287043162794,562.0,52599.19,422.0,39496.19,0.0108
SKU_0562,High Revenue + Low Volatility,108641.16,0.139,2.0,1.5,224,49.36408300660597,448.0,22115.11,336.0,16586.33,0.0221
SKU_0563,High Revenue + Low Volatility,96844.88,0.1844,2.0,1.5,137,98.63950539403113,274.0,27027.22,206.0,20319.74,0.0238
SKU_0564,High Revenue + Low Volatility,111573.91,0.1375,2.0,1.5,275,126.65187951599836,550.0,69658.53,412.0,52180.57,0.0104
SKU_0565,High Revenue + Low Volatility,83543.62,0.12,2.0,1.5,126,121.21931157481909,252.0,30547.27,189.0,22910.45,0.0269
SKU_0566,High Revenue + Low Volatility,117373.33,0.1011,2.0,1.5,119,48.467988563252845,238.0,11535.38,178.0,8627.3,0.0286
SKU_0567,High Revenue + Low Volatility,67988.7,0.1911,2.0,1.5,239,47.90993636897687,478.0,22900.95,358.0,17151.76,0.0148
SKU_0568,High Revenue + Low Volatility,66128.97,0.0624,2.0,1.5,142,62.180924129389595,284.0,17659.38,213.0,13244.54,0.0269
SKU_0569,High Revenue + Low Volatility,99521.53,0.1896,2.0,1.5,288,73.32896716092446,576.0,42237.49,432.0,31678.11,0.0233
SKU_0570,High Revenue + Low Volatility,116569.87,0.174,2.0,1.5,130,79.01466976901791,260.0,20543.81,195.0,15407.86,0.0216
SKU_0571,High Revenue + Low Volatility,108533.01,0.0695,2.0,1.5,190,111.56366602000143,380.0,42394.19,285.0,31795.64,0.0269
SKU_0572,High Revenue + Low Volatility,64585.01,0.1347,2.0,1.5,160,36.80165185990025,320.0,11776.53,240.0,8832.4,0.0157
SKU_0573,High Revenue + Low Volatility,76762.06,0.18,2.0,1.5,294,34.160724507127966,588.0,20086.51,441.0,15064.88,0.0258
SKU_0574,High Revenue + Low Volatility,115819.13,0.1358,2.0,1.5,208,77.02926755326908,416.0,32044.18,312.0,24033.13,0.0163
SKU_0575,High Revenue + Low Volatility,75183.51,0.1861,2.0,1.5,190,113.65964305655766,380.0,43190.66,285.0,32393.0,0.0257
SKU_0576,High Revenue + Low Volatility,106870.23,0.1914,2.0,1.5,262,53.21224115477791,524.0,27883.21,393.0,20912.41,0.019
SKU_0577,High Revenue + Low Volatility,109507.93,0.1134,2.0,1.5,194,106.9805377507502,388.0,41508.45,291.0,31131.34,0.0123
SKU_0578,High Revenue + Low Volatility,89727.13,0.1066,2.0,1.5,242,61.17937655283593,484.0,29610.82,363.0,22208.11,0.0176
SKU_0579,High Revenue + Low Volatility,83180.93,0.1904,2.0,1.5,243,136.33033305762194,486.0,66256.54,364.0,49624.24,0.0147
SKU_0580,High Revenue + Low Volatility,87007.47,0.1513,2.0,1.5,112,137.482793311994,224.0,30796.15,168.0,23097.11,0.012
SKU_0581,High Revenue + Low Volatility,73617.88,0.0674,2.0,1.5,212,65.67446451375918,424.0,27845.97,318.0,20884.48,0.0122
SKU_0582,High Revenue + Low Volatility,113363.45,0.0563,2.0,1.5,134,57.59925047558886,268.0,15436.6,201.0,11577.45,0.0256
SKU_0583,High Revenue + Low Volatility,87037.18,0.1347,2.0,1.5,286,79.35647664794774,572.0,45391.9,429.0,34043.93,0.0276
SKU_0584,High Revenue + Low Volatility,112947.57,0.1895,2.0,1.5,248,58.86379022161785,496.0,29196.44,372.0,21897.33,0.0285
SKU_0585,High Revenue + Low Volatility,66341.61,0.1766,2.0,1.5,281,110.68606119500444,562.0,62205.57,422.0,46709.52,0.0271
SKU_0586,High Revenue + Low Volatility,119296.52,0.1514,2.0,1.5,257,129.12776214579426,514.0,66371.67,386.0,49843.32,0.0266
SKU_0587,High Revenue + Low Volatility,86596.39,0.0709,2.0,1.5,147,110.77105570934604,294.0,32566.69,220.0,24369.63,0.0114
SKU_0588,High Revenue + Low Volatility,62869.85,0.0881,2.0,1.5,134,128.92205366992192,268.0,34551.11,201.0,25913.33,0.0258
SKU_0589,High Revenue + Low Volatility,62281.31,0.1813,2.0,1.5,185,77.63905946489689,370.0,28726.45,278.0,21583.66,0.0257
SKU_0590,High Revenue + Low Volatility,104772.44,0.0774,2.0,1.5,265,48.7580364850633,530.0,25841.76,398.0,19405.7,0.0126
SKU_0591,High Revenue + Low Volatility,99542.13,0.0918,2.0,1.5,258,118.55411368771105,516.0,61173.92,387.0,45880.44,0.0232
SKU_0592,High Revenue + Low Volatility,108127.83,0.0694,2.0,1.5,251,73.25694061698647,502.0,36774.98,376.0,27544.61,0.0191
SKU_0593,High Revenue + Low Volatility,66322.05,0.1514,2.0,1.5,213,110.5524990274959,426.0,47095.36,320.0,35376.8,0.028
SKU_0594,High Revenue + Low Volatility,62134.25,0.1916,2.0,1.5,276,62.477273037811884,552.0,34487.45,414.0,25865.59,0.0239
SKU_0595,High Revenue + Low Volatility,90514.76,0.0903,2.0,1.5,199,39.74755617680072,398.0,15819.53,298.0,11844.77,0.029
SKU_0596,High Revenue + Low Volatility,83255.71,0.1213,2.0,1.5,259,149.1098154585316,518.0,77238.88,388.0,57854.61,0.0121
SKU_0597,High Revenue + Low Volatility,87716.82,0.1452,2.0,1.5,282,48.744180951671915,564.0,27491.72,423.0,20618.79,0.0108
SKU_0598,High Revenue + Low Volatility,119495.3,0.1999,2.0,1.5,285,148.61051927561772,570.0,84708.0,428.0,63605.3,0.0295
SKU_0599,High Revenue + Low Volatility,118245.0,0.0657,2.0,1.5,198,147.2735919079737,396.0,58320.34,297.0,43740.26,0.0116
SKU_0600,High Revenue + Low Volatility,116538.92,0.1248,2.0,1.5,102,125.25817246896476,204.0,25552.67,153.0,19164.5,0.0177
SKU_0601,High Revenue + Low Volatility,107030.56,0.1078,2.0,1.5,296,109.13075544983971,592.0,64605.41,444.0,48454.06,0.023
SKU_0602,High Revenue + Low Volatility,81290.48,0.1799,2.0,1.5,184,99.33684603013016,368.0,36555.96,276.0,27416.97,0.0276
SKU_0603,High Revenue + Low Volatility,84727.86,0.1214,2.0,1.5,224,133.93218544534017,448.0,60001.62,336.0,45001.21,0.0151
SKU_0604,High Revenue + Low Volatility,92976.96,0.0666,2.0,1.5,237,64.73274259433856,474.0,30683.32,356.0,23044.86,0.0106
SKU_0605,High Revenue + Low Volatility,109832.07,0.1452,2.0,1.5,182,86.12174549818525,364.0,31348.32,273.0,23511.24,0.0204
SKU_0606,High Revenue + Low Volatility,64122.77,0.1656,2.0,1.5,124,104.32679632398023,248.0,25873.05,186.0,19404.78,0.0194
SKU_0607,High Revenue + Low Volatility,85457.81,0.0504,2.0,1.5,167,79.34285710433893,334.0,26500.51,250.0,19835.71,0.0161
SKU_0608,High Revenue + Low Volatility,64957.06,0.1788,2.0,1.5,160,81.29837449083216,320.0,26015.48,240.0,19511.61,0.0275
SKU_0609,High Revenue + Low Volatility,90879.46,0.0779,2.0,1.5,128,69.63416010025013,256.0,17826.34,192.0,13369.76,0.025
SKU_0610,High Revenue + Low Volatility,113934.05,0.1328,2.0,1.5,226,97.70781800214432,452.0,44163.93,339.0,33122.95,0.0272
SKU_0611,High Revenue + Low Volatility,106949.1,0.1124,2.0,1.5,118,132.06894336181392,236.0,31168.27,177.0,23376.2,0.0132
SKU_0612,High Revenue + Low Volatility,73670.55,0.1579,2.0,1.5,270,54.18340536075754,540.0,29259.04,405.0,21944.28,0.0238
SKU_0613,High Revenue + Low Volatility,118559.45,0.1057,2.0,1.5,293,142.13196465041295,586.0,83289.33,440.0,62538.06,0.0295
SKU_0614,High Revenue + Low Volatility,100041.02,0.1805,2.0,1.5,173,112.69051844978756,346.0,38990.92,260.0,29299.53,0.0222
SKU_0615,High Revenue + Low Volatility,60625.66,0.1596,2.0,1.5,160,128.7927855216036,320.0,41213.69,240.0,30910.27,0.0134
SKU_0616,High Revenue + Low Volatility,75324.81,0.1472,2.0,1.5,270,96.7428831156014,540.0,52241.16,405.0,39180.87,0.0299
SKU_0617,High Revenue + Low Volatility,75642.8,0.1694,2.0,1.5,252,123.54200417088762,504.0,62265.17,378.0,46698.88,0.0206
SKU_0618,High Revenue + Low Volatility,64155.26,0.1631,2.0,1.5,119,31.944047680736066,238.0,7602.68,178.0,5686.04,0.0268
SKU_0619,High Revenue + Low Volatility,117589.59,0.0554,2.0,1.5,147,128.2056509735442,294.0,37692.46,220.0,28205.24,0.013
SKU_0620,High Revenue + Low Volatility,88695.32,0.1092,2.0,1.5,186,34.816663090243985,372.0,12951.8,279.0,9713.85,0.0233
SKU_0621,High Revenue + Low Volatility,113748.88,0.1896,2.0,1.5,251,136.7896051635435,502.0,68668.38,376.0,51432.89,0.0283
SKU_0622,High Revenue + Low Volatility,79332.93,0.0689,2.0,1.5,238,149.0355296686372,476.0,70940.91,357.0,53205.68,0.0206
SKU_0623,High Revenue + Low Volatility,67514.01,0.1606,2.0,1.5,209,65.28809546121335,418.0,27290.42,314.0,20500.46,0.0158
SKU_0624,High Revenue + Low Volatility,88460.17,0.1962,2.0,1.5,282,55.23822675429524,564.0,31154.36,423.0,23365.77,0.0125
SKU_0625,High Revenue + Low Volatility,66837.4,0.0578,2.0,1.5,127,121.84360366296488,254.0,30948.28,190.0,23150.28,0.0159
SKU_0626,High Revenue + Low Volatility,89160.93,0.1523,2.0,1.5,296,60.36316091043039,592.0,35734.99,444.0,26801.24,0.0171
SKU_0627,High Revenue + Low Volatility,115217.83,0.1202,2.0,1.5,290,133.8674859806644,580.0,77643.14,435.0,58232.36,0.0242
SKU_0628,High Revenue + Low Volatility,91246.09,0.1369,2.0,1.5,158,42.341111058897205,316.0,13379.79,237.0,10034.84,0.0136
SKU_0629,High Revenue + Low Volatility,96989.98,0.0628,2.0,1.5,232,45.11462356552299,464.0,20933.19,348.0,15699.89,0.0121
SKU_0630,High Revenue + Low Volatility,69398.31,0.0565,2.0,1.5,150,147.49818661207388,300.0,44249.46,225.0,33187.09,0.0177
SKU_0631,High Revenue + Low Volatility,62624.14,0.15,2.0,1.5,248,110.86066779240056,496.0,54986.89,372.0,41240.17,0.0192
SKU_0632,High Revenue + Low Volatility,66648.48,0.1735,2.0,1.5,111,131.62646693147434,222.0,29221.08,166.0,21849.99,0.0226
SKU_0633,High Revenue + Low Volatility,95911.89,0.1673,2.0,1.5,149,68.91952528218216,298.0,20538.02,224.0,15437.97,0.0242
SKU_0634,High Revenue + Low Volatility,65700.7,0.1316,2.0,1.5,231,111.17804994247253,462.0,51364.26,346.0,38467.61,0.0278
SKU_0635,High Revenue + Low Volatility,82559.57,0.065,2.0,1.5,212,101.30901927703167,424.0,42955.02,318.0,32216.27,0.0158
SKU_0636,High Revenue + Low Volatility,93005.52,0.1532,2.0,1.5,269,102.37801441475364,538.0,55079.37,404.0,41360.72,0.0206
SKU_0637,High Revenue + Low Volatility,83319.17,0.0863,2.0,1.5,265,111.90389514452659,530.0,59309.06,398.0,44537.75,0.0173
SKU_0638,High Revenue + Low Volatility,69821.03,0.1867,2.0,1.5,252,99.04310077549182,504.0,49917.72,378.0,37438.29,0.01
SKU_0639,High Revenue + Low Volatility,76427.48,0.1757,2.0,1.5,113,81.48748431631992,226.0,18416.17,170.0,13852.87,0.0216
SKU_0640,High Revenue + Low Volatility,115699.05,0.1564,2.0,1.5,131,63.11072332566562,262.0,16535.01,196.0,12369.7,0.0263
SKU_0641,High Revenue + Low Volatility,100558.94,0.1923,2.0,1.5,238,122.22975970958424,476.0,58181.37,357.0,43636.02,0.0107
SKU_0642,High Revenue + Low Volatility,89762.87,0.0547,2.0,1.5,288,57.15269160038234,576.0,32919.95,432.0,24689.96,0.0101
SKU_0643,High Revenue + Low Volatility,60762.89,0.1604,2.0,1.5,245,113.0825167385297,490.0,55410.43,368.0,41614.37,0.0246
SKU_0644,High Revenue + Low Volatility,119544.92,0.0995,2.0,1.5,254,57.99993871791919,508.0,29463.97,381.0,22097.98,0.0237
SKU_0645,High Revenue + Low Volatility,100287.3,0.1859,2.0,1.5,154,105.03962039453447,308.0,32352.2,231.0,24264.15,0.0181
SKU_0646,High Revenue + Low Volatility,79015.35,0.09,2.0,1.5,281,119.64939205548347,562.0,67242.96,422.0,50492.04,0.0232
SKU_0647,High Revenue + Low Volatility,112756.12,0.1587,2.0,1.5,219,56.24566666878471,438.0,24635.6,328.0,18448.58,0.0291
SKU_0648,High Revenue + Low Volatility,75505.9,0.1816,2.0,1.5,174,37.193196103356996,348.0,12943.23,261.0,9707.42,0.015
SKU_0649,High Revenue + Low Volatility,92640.99,0.0562,2.0,1.5,120,45.71684915930089,240.0,10972.04,180.0,8229.03,0.0149
SKU_0650,High Revenue + Low Volatility,98164.25,0.1096,2.0,1.5,271,102.71963607252306,542.0,55674.04,406.0,41704.17,0.0137
SKU_0651,High Revenue + Low Volatility,73263.8,0.1643,2.0,1.5,232,131.93356874708826,464.0,61217.18,348.0,45912.88,0.0245
SKU_0652,High Revenue + Low Volatility,118703.84,0.1182,2.0,1.5,186,35.39961854825093,372.0,13168.66,279.0,9876.49,0.0171
SKU_0653,High Revenue + Low Volatility,104891.51,0.0901,2.0,1.5,268,118.09815108499755,536.0,63300.61,402.0,47475.46,0.0298
SKU_0654,High Revenue + Low Volatility,93468.79,0.083,2.0,1.5,158,70.95823751400626,316.0,22422.8,237.0,16817.1,0.0243
SKU_0655,High Revenue + Low Volatility,70835.68,0.0697,2.0,1.5,188,87.42340439034271,376.0,32871.2,282.0,24653.4,0.0173
SKU_0656,High Revenue + Low Volatility,63231.49,0.1786,2.0,1.5,281,141.46314598146787,562.0,79502.29,422.0,59697.45,0.013
SKU_0657,High Revenue + Low Volatility,79203.59,0.1363,2.0,1.5,249,69.83658056830146,498.0,34778.62,374.0,26118.88,0.0218
SKU_0658,High Revenue + Low Volatility,105191.24,0.0615,2.0,1.5,182,85.84043207273832,364.0,31245.92,273.0,23434.44,0.0159
SKU_0659,High Revenue + Low Volatility,76159.88,0.1074,2.0,1.5,164,31.641889771281733,328.0,10378.54,246.0,7783.9,0.0281
SKU_0660,High Revenue + Low Volatility,92373.37,0.1052,2.0,1.5,163,39.7918464005806,326.0,12972.14,244.0,9709.21,0.0188
SKU_0661,High Revenue + Low Volatility,103676.83,0.0773,2.0,1.5,170,61.030990936174085,340.0,20750.54,255.0,15562.9,0.0159
SKU_0662,High Revenue + Low Volatility,66476.62,0.1153,2.0,1.5,103,33.34226889852893,206.0,6868.51,154.0,5134.71,0.0218
SKU_0663,High Revenue + Low Volatility,101117.88,0.0998,2.0,1.5,292,105.76503912579011,584.0,61766.78,438.0,46325.09,0.0127
SKU_0664,High Revenue + Low Volatility,65512.25,0.1013,2.0,1.5,242,81.1678028161947,484.0,39285.22,363.0,29463.91,0.0212
SKU_0665,High Revenue + Low Volatility,117907.78,0.1609,2.0,1.5,203,95.77742432736264,406.0,38885.63,304.0,29116.34,0.0111
SKU_0666,High Revenue + Low Volatility,89303.65,0.0835,2.0,1.5,249,50.957662307559545,498.0,25376.92,374.0,19058.17,0.0221
SKU_0667,High Revenue + Low Volatility,69040.57,0.1463,2.0,1.5,274,65.51184353239393,548.0,35900.49,411.0,26925.37,0.0206
SKU_0668,High Revenue + Low Volatility,80543.02,0.1356,2.0,1.5,192,109.65893698232702,384.0,42109.03,288.0,31581.77,0.0204
SKU_0669,High Revenue + Low Volatility,84804.99,0.1352,2.0,1.5,273,145.83632683564798,546.0,79626.63,410.0,59792.89,0.0237
SKU_0670,High Revenue + Low Volatility,105491.1,0.1495,2.0,1.5,241,36.050012832265104,482.0,17376.11,362.0,13050.1,0.0109
SKU_0671,High Revenue + Low Volatility,104605.43,0.1323,2.0,1.5,277,136.84611850263192,554.0,75812.75,416.0,56927.99,0.0192
SKU_0672,High Revenue + Low Volatility,96716.43,0.1819,2.0,1.5,247,99.22574415734502,494.0,49017.52,370.0,36713.53,0.0189
SKU_0673,High Revenue + Low Volatility,66355.84,0.1513,2.0,1.5,277,97.67034801067484,554.0,54109.37,416.0,40630.86,0.0192
SKU_0674,High Revenue + Low Volatility,69094.16,0.132,2.0,1.5,211,90.03342422493124,422.0,37994.11,316.0,28450.56,0.0296
SKU_0675,High Revenue + Low Volatility,65625.42,0.1745,2.0,1.5,260,38.32729030850201,520.0,19930.19,390.0,14947.64,0.0128
SKU_0676,High Revenue + Low Volatility,94630.37,0.1409,2.0,1.5,218,40.78522220833928,436.0,17782.36,327.0,13336.77,0.0238
SKU_0677,High Revenue + Low Volatility,112628.31,0.0937,2.0,1.5,158,102.10944067909033,316.0,32266.58,237.0,24199.94,0.018
SKU_0678,High Revenue + Low Volatility,86028.03,0.0811,2.0,1.5,142,70.915028572267,284.0,20139.87,213.0,15104.9,0.0202
SKU_0679,High Revenue + Low Volatility,69650.89,0.0728,2.0,1.5,111,140.07216798932168,222.0,31096.02,166.0,23251.98,0.0252
SKU_0680,High Revenue + Low Volatility,93482.54,0.1849,2.0,1.5,139,78.79086448313667,278.0,21903.86,208.0,16388.5,0.0131
SKU_0681,High Revenue + Low Volatility,108705.13,0.1565,2.0,1.5,217,47.19377504431693,434.0,20482.1,326.0,15385.17,0.0253
SKU_0682,High Revenue + Low Volatility,104502.72,0.1906,2.0,1.5,119,115.76626002024432,238.0,27552.37,178.0,20606.39,0.0114
SKU_0683,High Revenue + Low Volatility,112887.05,0.1405,2.0,1.5,265,65.20241057292118,530.0,34557.28,398.0,25950.56,0.0197
SKU_0684,High Revenue + Low Volatility,76674.13,0.121,2.0,1.5,230,93.05643688270717,460.0,42805.96,345.0,32104.47,0.0248
SKU_0685,High Revenue + Low Volatility,71637.23,0.059,2.0,1.5,255,113.7399342606204,510.0,58007.37,382.0,43448.65,0.0139
SKU_0686,High Revenue + Low Volatility,112788.99,0.1507,2.0,1.5,283,138.03169334424845,566.0,78125.94,424.0,58525.44,0.0254
SKU_0687,High Revenue + Low Volatility,99453.62,0.1373,2.0,1.5,189,125.06294337620113,378.0,47273.79,284.0,35517.88,0.0133
SKU_0688,High Revenue + Low Volatility,78655.74,0.1985,2.0,1.5,193,111.16332814472689,386.0,42909.04,290.0,32237.37,0.026
SKU_0689,High Revenue + Low Volatility,104540.88,0.0859,2.0,1.5,112,111.55598188741723,224.0,24988.54,168.0,18741.4,0.0194
SKU_0690,High Revenue + Low Volatility,108907.1,0.1296,2.0,1.5,165,143.5109572838504,330.0,47358.62,248.0,35590.72,0.0237
SKU_0691,High Revenue + Low Volatility,96898.69,0.1476,2.0,1.5,136,65.49889169958433,272.0,17815.7,204.0,13361.77,0.0283
SKU_0692,High Revenue + Low Volatility,101273.05,0.1467,2.0,1.5,276,30.13345130354249,552.0,16633.67,414.0,12475.25,0.0182
SKU_0693,High Revenue + Low Volatility,82515.59,0.1342,2.0,1.5,165,62.63454712778384,330.0,20669.4,248.0,15533.37,0.0147
SKU_0694,High Revenue + Low Volatility,92321.74,0.1665,2.0,1.5,135,56.14696555520928,270.0,15159.68,202.0,11341.69,0.0273
SKU_0695,High Revenue + Low Volatility,91449.55,0.0807,2.0,1.5,281,109.42015021367978,562.0,61494.12,422.0,46175.3,0.0132
SKU_0696,High Revenue + Low Volatility,110882.87,0.1588,2.0,1.5,125,106.04539197186348,250.0,26511.35,188.0,19936.53,0.0226
SKU_0697,High Revenue + Low Volatility,110397.84,0.143,2.0,1.5,174,101.21536592456685,348.0,35222.95,261.0,26417.21,0.0285
SKU_0698,High Revenue + Low Volatility,109960.83,0.1844,2.0,1.5,299,31.949213185134443,598.0,19105.63,448.0,14313.25,0.0235
SKU_0699,High Revenue + Low Volatility,60661.9,0.1771,2.0,1.5,207,117.4533665340777,414.0,48625.69,310.0,36410.54,0.0139
SKU_0700,High Revenue + Low Volatility,104972.73,0.0973,2.0,1.5,267,68.82364949825899,534.0,36751.83,400.0,27529.46,0.013
SKU_0701,High Revenue + Low Volatility,105520.58,0.0914,2.0,1.5,142,109.80671868079573,284.0,31185.11,213.0,23388.83,0.015
SKU_0702,High Revenue + Low Volatility,100702.73,0.1972,2.0,1.5,249,96.7894114202584,498.0,48201.13,374.0,36199.24,0.0178
SKU_0703,High Revenue + Low Volatility,105375.88,0.1291,2.0,1.5,247,71.12771105134885,494.0,35137.09,370.0,26317.25,0.0132
SKU_0704,High Revenue + Low Volatility,110518.22,0.186,2.0,1.5,107,46.14915205249293,214.0,9875.92,160.0,7383.86,0.026
SKU_0705,High Revenue + Low Volatility,88219.14,0.0746,2.0,1.5,128,41.33026771925771,256.0,10580.55,192.0,7935.41,0.0171
SKU_0706,High Revenue + Low Volatility,90123.01,0.1464,2.0,1.5,139,129.78219997346685,278.0,36079.45,208.0,26994.7,0.0287
SKU_0707,High Revenue + Low Volatility,67482.84,0.1715,2.0,1.5,257,140.20770504978697,514.0,72066.76,386.0,54120.17,0.0268
SKU_0708,High Revenue + Low Volatility,83122.55,0.1921,2.0,1.5,227,107.97456561171595,454.0,49020.45,340.0,36711.35,0.0282
SKU_0709,High Revenue + Low Volatility,98601.91,0.1006,2.0,1.5,183,42.412093783258,366.0,15522.83,274.0,11620.91,0.0159
SKU_0710,High Revenue + Low Volatility,106823.99,0.1587,2.0,1.5,215,78.24326602658888,430.0,33644.6,322.0,25194.33,0.0215
SKU_0711,High Revenue + Low Volatility,73032.55,0.1308,2.0,1.5,282,117.47270401261886,564.0,66254.61,423.0,49690.95,0.0164
SKU_0712,High Revenue + Low Volatility,68269.37,0.0591,2.0,1.5,243,123.57850608120818,486.0,60059.15,364.0,44982.58,0.0151
SKU_0713,High Revenue + Low Volatility,99782.52,0.1535,2.0,1.5,273,44.18623467493063,546.0,24125.68,410.0,18116.36,0.0221
SKU_0714,High Revenue + Low Volatility,60112.79,0.1535,2.0,1.5,161,30.00368626144589,322.0,9661.19,242.0,7260.89,0.0264
SKU_0715,High Revenue + Low Volatility,70702.36,0.1896,2.0,1.5,106,115.4564455056726,212.0,24476.77,159.0,18357.57,0.0119
SKU_0716,High Revenue + Low Volatility,61744.28,0.1246,2.0,1.5,144,72.79154111834467,288.0,20963.96,216.0,15722.97,0.0155
SKU_0717,High Revenue + Low Volatility,70013.11,0.0845,2.0,1.5,286,60.53775979419123,572.0,34627.6,429.0,25970.7,0.0141
SKU_0718,High Revenue + Low Volatility,70879.16,0.0567,2.0,1.5,283,31.547696374743055,566.0,17856.0,424.0,13376.22,0.026
SKU_0719,High Revenue + Low Volatility,83260.42,0.1123,2.0,1.5,275,94.83592881137996,550.0,52159.76,412.0,39072.4,0.0287
SKU_0720,High Revenue + Low Volatility,84139.63,0.0953,2.0,1.5,254,132.1380882511178,508.0,67126.15,381.0,50344.61,0.0116
SKU_0721,High Revenue + Low Volatility,112455.75,0.1642,2.0,1.5,280,144.91579755271056,560.0,81152.85,420.0,60864.63,0.0176
SKU_0722,High Revenue + Low Volatility,90606.58,0.1031,2.0,1.5,187,97.8893940735947,374.0,36610.63,280.0,27409.03,0.0283
SKU_0723,High Revenue + Low Volatility,103404.29,0.1924,2.0,1.5,172,91.7353593287873,344.0,31556.96,258.0,23667.72,0.0169
SKU_0724,High Revenue + Low Volatility,66248.24,0.1943,2.0,1.5,262,40.20676625870893,524.0,21068.35,393.0,15801.26,0.0243
SKU_0725,High Revenue + Low Volatility,73526.33,0.1431,2.0,1.5,278,95.86473618511197,556.0,53300.79,417.0,39975.59,0.012
SKU_0726,High Revenue + Low Volatility,102176.61,0.1893,2.0,1.5,136,75.59748947584735,272.0,20562.52,204.0,15421.89,0.0189
SKU_0727,High Revenue + Low Volatility,63168.24,0.1641,2.0,1.5,218,102.85623370602923,436.0,44845.32,327.0,33633.99,0.0201
SKU_0728,High Revenue + Low Volatility,89195.86,0.132,2.0,1.5,156,76.6471617451856,312.0,23913.91,234.0,17935.44,0.0252
SKU_0729,High Revenue + Low Volatility,95962.14,0.077,2.0,1.5,107,58.83589481404401,214.0,12590.88,160.0,9413.74,0.0158
SKU_0730,High Revenue + Low Volatility,96128.74,0.1188,2.0,1.5,194,41.39583302740518,388.0,16061.58,291.0,12046.19,0.0153
SKU_0731,High Revenue + Low Volatility,61375.97,0.1341,2.0,1.5,216,67.79021335066749,432.0,29285.37,324.0,21964.03,0.0161
SKU_0732,High Revenue + Low Volatility,79326.48,0.1796,2.0,1.5,209,41.597380114530274,418.0,17387.7,314.0,13061.58,0.0211
SKU_0733,High Revenue + Low Volatility,98189.44,0.1222,2.0,1.5,119,51.22763409887807,238.0,12192.18,178.0,9118.52,0.0275
SKU_0734,High Revenue + Low Volatility,68939.98,0.1847,2.0,1.5,223,148.48033902954552,446.0,66222.23,334.0,49592.43,0.0266
SKU_0735,High Revenue + Low Volatility,101724.94,0.1512,2.0,1.5,152,83.29242682879423,304.0,25320.9,228.0,18990.67,0.0112
SKU_0736,High Revenue + Low Volatility,104755.51,0.0705,2.0,1.5,218,93.82461198060199,436.0,40907.53,327.0,30680.65,0.0276
SKU_0737,High Revenue + Low Volatility,118918.15,0.1992,2.0,1.5,111,134.83422344846585,222.0,29933.2,166.0,22382.48,0.0119
SKU_0738,High Revenue + Low Volatility,72590.52,0.1291,2.0,1.5,276,149.46826805888253,552.0,82506.48,414.0,61879.86,0.0183
SKU_0739,High Revenue + Low Volatility,109507.84,0.1088,2.0,1.5,116,99.92573392136178,232.0,23182.77,174.0,17387.08,0.0253
SKU_0740,High Revenue + Low Volatility,91217.79,0.1489,2.0,1.5,163,127.4968585253006,326.0,41563.98,244.0,31109.23,0.0116
SKU_0741,High Revenue + Low Volatility,82407.76,0.0663,2.0,1.5,141,69.23292292040102,282.0,19523.68,212.0,14677.38,0.0108
SKU_0742,High Revenue + Low Volatility,67342.61,0.1455,2.0,1.5,193,66.68927489367493,386.0,25742.06,290.0,19339.89,0.0166
SKU_0743,High Revenue + Low Volatility,104130.34,0.1247,2.0,1.5,256,78.32444651934722,512.0,40102.12,384.0,30076.59,0.0246
SKU_0744,High Revenue + Low Volatility,74151.46,0.111,2.0,1.5,246,110.7008715208379,492.0,54464.83,369.0,40848.62,0.0204
SKU_0745,High Revenue + Low Volatility,82285.32,0.193,2.0,1.5,110,111.86300271061185,220.0,24609.86,165.0,18457.4,0.0183
SKU_0746,High Revenue + Low Volatility,63752.53,0.1284,2.0,1.5,197,67.8287321579341,394.0,26724.52,296.0,20077.3,0.0263
SKU_0747,High Revenue + Low Volatility,108082.01,0.0829,2.0,1.5,277,45.985190896395444,554.0,25475.8,416.0,19129.84,0.0253
SKU_0748,High Revenue + Low Volatility,105995.31,0.1188,2.0,1.5,170,105.88755077586103,340.0,36001.77,255.0,27001.33,0.0257
SKU_0749,High Revenue + Low Volatility,104016.95,0.1879,2.0,1.5,207,45.39910346265174,414.0,18795.23,310.0,14073.72,0.0192
SKU_0750,High Revenue + Low Volatility,77966.61,0.0764,2.0,1.5,157,99.41910098751961,314.0,31217.6,236.0,23462.91,0.0104
SKU_0751,High Revenue + Low Volatility,70408.8,0.0821,2.0,1.5,133,113.21065536675708,266.0,30114.03,200.0,22642.13,0.0134
SKU_0752,High Revenue + Low Volatility,98253.2,0.052,2.0,1.5,119,114.0733795673342,238.0,27149.46,178.0,20305.06,0.0248
SKU_0753,High Revenue + Low Volatility,89769.98,0.0521,2.0,1.5,149,120.4166532791516,298.0,35884.16,224.0,26973.33,0.0251
SKU_0754,High Revenue + Low Volatility,70695.15,0.1744,2.0,1.5,201,134.74313058787976,402.0,54166.74,302.0,40692.43,0.0294
SKU_0755,High Revenue + Low Volatility,101154.68,0.1598,2.0,1.5,237,89.99507903577461,474.0,42657.67,356.0,32038.25,0.0138
SKU_0756,High Revenue + Low Volatility,119467.59,0.1033,2.0,1.5,259,117.62990274354854,518.0,60932.29,388.0,45640.4,0.0125
SKU_0757,High Revenue + Low Volatility,104833.18,0.1547,2.0,1.5,151,104.30072824390041,302.0,31498.82,226.0,23571.96,0.0128
SKU_0758,High Revenue + Low Volatility,104399.18,0.1093,2.0,1.5,114,52.396792775721906,228.0,11946.47,171.0,8959.85,0.0137
SKU_0759,High Revenue + Low Volatility,117018.77,0.1929,2.0,1.5,183,33.08275738432898,366.0,12108.29,274.0,9064.68,0.0206
SKU_0760,High Revenue + Low Volatility,72176.18,0.1951,2.0,1.5,230,64.14496628123206,460.0,29506.68,345.0,22130.01,0.0295
SKU_0761,High Revenue + Low Volatility,93933.0,0.1089,2.0,1.5,136,83.16404476051433,272.0,22620.62,204.0,16965.47,0.0218
SKU_0762,High Revenue + Low Volatility,118778.8,0.1781,2.0,1.5,225,104.05271333143875,450.0,46823.72,338.0,35169.82,0.0205
SKU_0763,High Revenue + Low Volatility,69917.65,0.166,2.0,1.5,139,131.99511966038466,278.0,36694.64,208.0,27454.98,0.0235
SKU_0764,High Revenue + Low Volatility,102015.12,0.0965,2.0,1.5,171,53.549486004739876,342.0,18313.92,256.0,13708.67,0.0115
SKU_0765,High Revenue + Low Volatility,95148.61,0.0848,2.0,1.5,139,45.065974787817254,278.0,12528.34,208.0,9373.72,0.0263
SKU_0766,High Revenue + Low Volatility,95188.75,0.1187,2.0,1.5,155,145.6175936969193,310.0,45141.45,232.0,33783.28,0.0229
SKU_0767,High Revenue + Low Volatility,101860.24,0.1672,2.0,1.5,250,42.965347125168854,500.0,21482.67,375.0,16112.01,0.0134
SKU_0768,High Revenue + Low Volatility,115777.02,0.194,2.0,1.5,203,87.4189284128627,406.0,35492.08,304.0,26575.35,0.0226
SKU_0769,High Revenue + Low Volatility,106954.92,0.1645,2.0,1.5,238,100.26764745519623,476.0,47727.4,357.0,35795.55,0.0219
SKU_0770,High Revenue + Low Volatility,63368.17,0.1783,2.0,1.5,209,94.96493050889259,418.0,39695.34,314.0,29818.99,0.0113
SKU_0771,High Revenue + Low Volatility,111163.68,0.1405,2.0,1.5,291,40.32385884395318,582.0,23468.49,436.0,17581.2,0.0153
SKU_0772,High Revenue + Low Volatility,73532.48,0.1753,2.0,1.5,235,36.84322968043433,470.0,17316.32,352.0,12968.82,0.0178
SKU_0773,High Revenue + Low Volatility,82614.85,0.1677,2.0,1.5,192,42.65801129532428,384.0,16380.68,288.0,12285.51,0.0149
SKU_0774,High Revenue + Low Volatility,87703.97,0.1065,2.0,1.5,193,100.2705220647135,386.0,38704.42,290.0,29078.45,0.0149
SKU_0775,High Revenue + Low Volatility,88854.36,0.1328,2.0,1.5,155,95.32138651611854,310.0,29549.63,232.0,22114.56,0.0215
SKU_0776,High Revenue + Low Volatility,86110.82,0.1707,2.0,1.5,159,58.048895044409306,318.0,18459.55,238.0,13815.64,0.0194
SKU_0777,High Revenue + Low Volatility,116241.2,0.0569,2.0,1.5,237,106.53289702147099,474.0,50496.59,356.0,37925.71,0.0233
SKU_0778,High Revenue + Low Volatility,102361.14,0.1712,2.0,1.5,138,128.40810024667792,276.0,35440.64,207.0,26580.48,0.0291
SKU_0779,High Revenue + Low Volatility,97870.24,0.0767,2.0,1.5,127,34.98947518159125,254.0,8887.33,190.0,6648.0,0.0232
SKU_0780,High Revenue + Low Volatility,62990.52,0.1272,2.0,1.5,148,89.77559322576509,296.0,26573.58,222.0,19930.18,0.0216
SKU_0781,High Revenue + Low Volatility,114234.8,0.1712,2.0,1.5,263,112.71724945232283,526.0,59289.27,394.0,44410.6,0.027
SKU_0782,High Revenue + Low Volatility,114563.41,0.0881,2.0,1.5,224,60.27743124836245,448.0,27004.29,336.0,20253.22,0.0226
SKU_0783,High Revenue + Low Volatility,106812.78,0.0869,2.0,1.5,112,66.9325086351779,224.0,14992.88,168.0,11244.66,0.0133
SKU_0784,High Revenue + Low Volatility,60421.75,0.1104,2.0,1.5,135,103.63654835872606,270.0,27981.87,202.0,20934.58,0.0163
SKU_0785,High Revenue + Low Volatility,63436.82,0.1842,2.0,1.5,200,137.7522352132484,400.0,55100.89,300.0,41325.67,0.0247
SKU_0786,High Revenue + Low Volatility,73513.42,0.0501,2.0,1.5,125,127.19093043634793,250.0,31797.73,188.0,23911.89,0.0248
SKU_0787,High Revenue + Low Volatility,67880.96,0.1852,2.0,1.5,185,99.97562629195002,370.0,36990.98,278.0,27793.22,0.0297
SKU_0788,High Revenue + Low Volatility,83930.16,0.0731,2.0,1.5,103,117.6266061308699,206.0,24231.08,154.0,18114.5,0.0225
SKU_0789,High Revenue + Low Volatility,115357.38,0.1985,2.0,1.5,181,73.77869642493584,362.0,26707.89,272.0,20067.81,0.028
SKU_0790,High Revenue + Low Volatility,88323.63,0.1932,2.0,1.5,291,106.91586337185093,582.0,62225.03,436.0,46615.32,0.0111
SKU_0791,High Revenue + Low Volatility,60804.16,0.1242,2.0,1.5,265,85.94179093530684,530.0,45549.15,398.0,34204.83,0.0213
SKU_0792,High Revenue + Low Volatility,76964.74,0.1269,2.0,1.5,226,52.79233637490731,452.0,23862.14,339.0,17896.6,0.0284
SKU_0793,High Revenue + Low Volatility,62675.69,0.1222,2.0,1.5,187,114.20859286527086,374.0,42714.01,280.0,31978.41,0.0157
SKU_0794,High Revenue + Low Volatility,62177.26,0.1453,2.0,1.5,226,96.77575648185864,452.0,43742.64,339.0,32806.98,0.0131
SKU_0795,High Revenue + Low Volatility,76543.19,0.0636,2.0,1.5,219,73.03458983443096,438.0,31989.15,328.0,23955.35,0.017
SKU_0796,High Revenue + Low Volatility,76536.74,0.0549,2.0,1.5,121,139.36070280943568,242.0,33725.29,182.0,25363.65,0.0258
SKU_0797,High Revenue + Low Volatility,107227.6,0.0587,2.0,1.5,229,32.51209413920799,458.0,14890.54,344.0,11184.16,0.0117
SKU_0798,High Revenue + Low Volatility,118490.08,0.1167,2.0,1.5,130,67.89277814993952,260.0,17652.12,195.0,13239.09,0.022
SKU_0799,High Revenue + Low Volatility,82272.43,0.0913,2.0,1.5,218,36.82576773331759,436.0,16056.03,327.0,12042.03,0.0127
SKU_0800,High Revenue + Low Volatility,85733.21,0.1433,2.0,1.5,110,121.98327794659527,220.0,26836.32,165.0,20127.24,0.0187
SKU_0801,High Revenue + Low Volatility,110687.37,0.1989,2.0,1.5,145,114.2528944936551,290.0,33133.34,218.0,24907.13,0.0293
SKU_0802,High Revenue + Low Volatility,76088.34,0.1079,2.0,1.5,195,69.76226624835805,390.0,27207.28,292.0,20370.58,0.0139
SKU_0803,High Revenue + Low Volatility,69382.91,0.1361,2.0,1.5,289,111.07954826484877,578.0,64203.98,434.0,48208.52,0.0107
SKU_0804,High Revenue + Low Volatility,111185.38,0.1123,2.0,1.5,296,77.51246714351399,592.0,45887.38,444.0,34415.54,0.0185
SKU_0805,High Revenue + Low Volatility,62790.04,0.1771,2.0,1.5,291,120.75045497069212,582.0,70276.76,436.0,52647.2,0.0216
SKU_0806,High Revenue + Low Volatility,97181.97,0.1853,2.0,1.5,109,84.50203952840474,218.0,18421.44,164.0,13858.33,0.016
SKU_0807,High Revenue + Low Volatility,93719.57,0.1816,2.0,1.5,267,79.47356733979987,534.0,42438.88,400.0,31789.43,0.0208
SKU_0808,High Revenue + Low Volatility,80755.23,0.1962,2.0,1.5,227,142.1675898585961,454.0,64544.09,340.0,48336.98,0.0291
SKU_0809,High Revenue + Low Volatility,78911.37,0.0541,2.0,1.5,251,60.105491986884026,502.0,30172.96,376.0,22599.66,0.0162
SKU_0810,High Revenue + Low Volatility,106311.46,0.176,2.0,1.5,198,44.45368079958785,396.0,17603.66,297.0,13202.74,0.0162
SKU_0811,High Revenue + Low Volatility,65185.48,0.1628,2.0,1.5,271,100.14517359113498,542.0,54278.68,406.0,40658.94,0.0197
SKU_0812,High Revenue + Low Volatility,74207.06,0.0843,2.0,1.5,211,146.31861747410147,422.0,61746.46,316.0,46236.68,0.0203
SKU_0813,High Revenue + Low Volatility,103946.92,0.1934,2.0,1.5,159,75.3407056472624,318.0,23958.34,238.0,17931.09,0.01
SKU_0814,High Revenue + Low Volatility,92899.24,0.0722,2.0,1.5,289,37.44441163545378,578.0,21642.87,434.0,16250.87,0.0223
SKU_0815,High Revenue + Low Volatility,67679.29,0.1519,2.0,1.5,186,70.71663207714809,372.0,26306.59,279.0,19729.94,0.0299
SKU_0816,High Revenue + Low Volatility,112928.14,0.0837,2.0,1.5,244,90.71179851834701,488.0,44267.36,366.0,33200.52,0.0158
SKU_0817,High Revenue + Low Volatility,83606.87,0.1147,2.0,1.5,164,49.430760795865645,328.0,16213.29,246.0,12159.97,0.0226
SKU_0818,High Revenue + Low Volatility,109672.1,0.1579,2.0,1.5,156,108.97226616677905,312.0,33999.35,234.0,25499.51,0.0101
SKU_0819,High Revenue + Low Volatility,107262.78,0.1345,2.0,1.5,282,149.72992668122407,564.0,84447.68,423.0,63335.76,0.0221
SKU_0820,High Revenue + Low Volatility,97465.53,0.1141,2.0,1.5,205,84.20873711777327,410.0,34525.58,308.0,25936.29,0.0189
SKU_0821,High Revenue + Low Volatility,89668.87,0.099,2.0,1.5,280,72.56742680762551,560.0,40637.76,420.0,30478.32,0.0206
SKU_0822,High Revenue + Low Volatility,118773.05,0.1759,2.0,1.5,283,78.084500020136,566.0,44195.83,424.0,33107.83,0.0209
SKU_0823,High Revenue + Low Volatility,68697.9,0.0716,2.0,1.5,108,43.81754140742414,216.0,9464.59,162.0,7098.44,0.0135
SKU_0824,High Revenue + Low Volatility,103509.34,0.1145,2.0,1.5,121,135.99283217114686,242.0,32910.27,182.0,24750.7,0.0254
SKU_0825,High Revenue + Low Volatility,71471.44,0.1856,2.0,1.5,240,79.77907866256223,480.0,38293.96,360.0,28720.47,0.0211
SKU_0826,High Revenue + Low Volatility,80295.79,0.1769,2.0,1.5,188,76.47292937098095,376.0,28753.82,282.0,21565.37,0.0154
SKU_0827,High Revenue + Low Volatility,78521.92,0.1101,2.0,1.5,275,109.16283275165692,550.0,60039.56,412.0,44975.09,0.0287
SKU_0828,High Revenue + Low Volatility,116822.16,0.1645,2.0,1.5,117,83.04401051173483,234.0,19432.3,176.0,14615.75,0.0103
SKU_0829,High Revenue + Low Volatility,118041.37,0.1735,2.0,1.5,214,107.78801625694153,428.0,46133.27,321.0,34599.95,0.0245
SKU_0830,High Revenue + Low Volatility,70980.93,0.1833,2.0,1.5,267,37.373554815694504,534.0,19957.48,400.0,14949.42,0.0176
SKU_0831,High Revenue + Low Volatility,61322.11,0.1317,2.0,1.5,244,127.6468012466673,488.0,62291.64,366.0,46718.73,0.0205
SKU_0832,High Revenue + Low Volatility,103200.48,0.0807,2.0,1.5,242,142.8604743455283,484.0,69144.47,363.0,51858.35,0.0158
SKU_0833,High Revenue + Low Volatility,85079.4,0.0883,2.0,1.5,205,107.85184633912631,410.0,44219.26,308.0,33218.37,0.0164
SKU_0834,High Revenue + Low Volatility,65330.41,0.0944,2.0,1.5,114,144.5479114630573,228.0,32956.92,171.0,24717.69,0.0103
SKU_0835,High Revenue + Low Volatility,101025.25,0.1391,2.0,1.5,162,48.1718777243956,324.0,15607.69,243.0,11705.77,0.0246
SKU_0836,High Revenue + Low Volatility,92706.33,0.0549,2.0,1.5,266,87.28994273764243,532.0,46438.25,399.0,34828.69,0.0242
SKU_0837,High Revenue + Low Volatility,118831.01,0.1454,2.0,1.5,112,102.21680807345368,224.0,22896.57,168.0,17172.42,0.0231
SKU_0838,High Revenue + Low Volatility,73644.57,0.1047,2.0,1.5,180,99.8083976905424,360.0,35931.02,270.0,26948.27,0.0276
SKU_0839,High Revenue + Low Volatility,84238.67,0.0943,2.0,1.5,131,78.17541349068519,262.0,20481.96,196.0,15322.38,0.028
SKU_0840,High Revenue + Low Volatility,92552.75,0.1819,2.0,1.5,236,70.57012912395138,472.0,33309.1,354.0,24981.83,0.0211
SKU_0841,High Revenue + Low Volatility,107502.0,0.119,2.0,1.5,139,45.21888270605025,278.0,12570.85,208.0,9405.53,0.0237
SKU_0842,High Revenue + Low Volatility,92930.32,0.0643,2.0,1.5,247,77.00909406747338,494.0,38042.49,370.0,28493.36,0.0102
SKU_0843,High Revenue + Low Volatility,96774.01,0.174,2.0,1.5,181,49.519297812658216,362.0,17925.99,272.0,13469.25,0.0269
SKU_0844,High Revenue + Low Volatility,73568.82,0.0571,2.0,1.5,176,118.1238811790662,352.0,41579.61,264.0,31184.7,0.0263
SKU_0845,High Revenue + Low Volatility,110815.12,0.159,2.0,1.5,290,55.059712259350796,580.0,31934.63,435.0,23950.97,0.0104
SKU_0846,High Revenue + Low Volatility,85717.83,0.1661,2.0,1.5,175,37.027836634144066,350.0,12959.74,262.0,9701.29,0.0209
SKU_0847,High Revenue + Low Volatility,68457.58,0.1029,2.0,1.5,271,96.28393653806812,542.0,52185.89,406.0,39091.28,0.0281
SKU_0848,High Revenue + Low Volatility,99851.27,0.1737,2.0,1.5,137,101.4275679263282,274.0,27791.15,206.0,20894.08,0.0136
SKU_0849,High Revenue + Low Volatility,72965.43,0.1273,2.0,1.5,287,134.62956735366066,574.0,77277.37,430.0,57890.71,0.0171
SKU_0850,High Revenue + Low Volatility,65853.75,0.1195,2.0,1.5,170,99.23779349012182,340.0,33740.85,255.0,25305.64,0.0166
SKU_0851,High Revenue + Low Volatility,111719.21,0.0568,2.0,1.5,147,71.45770244681349,294.0,21008.56,220.0,15720.69,0.0171
SKU_0852,High Revenue + Low Volatility,87609.74,0.0935,2.0,1.5,117,126.36142578315847,234.0,29568.57,176.0,22239.61,0.0108
SKU_0853,High Revenue + Low Volatility,104957.02,0.1897,2.0,1.5,243,94.83346718249052,486.0,46089.07,364.0,34519.38,0.0156
SKU_0854,High Revenue + Low Volatility,77435.25,0.1088,2.0,1.5,282,39.513634155743006,564.0,22285.69,423.0,16714.27,0.0159
SKU_0855,High Revenue + Low Volatility,107218.21,0.132,2.0,1.5,138,97.90206723758959,276.0,27020.97,207.0,20265.73,0.0273
SKU_0856,High Revenue + Low Volatility,66716.16,0.1298,2.0,1.5,295,138.96222545059948,590.0,81987.71,442.0,61421.3,0.017
SKU_0857,High Revenue + Low Volatility,81358.4,0.1386,2.0,1.5,286,77.55751505978647,572.0,44362.9,429.0,33272.17,0.0189
SKU_0858,High Revenue + Low Volatility,118683.71,0.0592,2.0,1.5,188,65.559096227976,376.0,24650.22,282.0,18487.67,0.0176
SKU_0859,High Revenue + Low Volatility,107639.38,0.1043,2.0,1.5,161,47.21633484216241,322.0,15203.66,242.0,11426.35,0.0124
SKU_0860,High Revenue + Low Volatility,89835.36,0.1585,2.0,1.5,240,48.173462632242874,480.0,23123.26,360.0,17342.45,0.0298
SKU_0861,High Revenue + Low Volatility,80386.65,0.0801,2.0,1.5,208,81.93257812101827,416.0,34083.95,312.0,25562.96,0.0265
SKU_0862,High Revenue + Low Volatility,112328.14,0.0805,2.0,1.5,180,101.48157889938355,360.0,36533.37,270.0,27400.03,0.0208
SKU_0863,High Revenue + Low Volatility,92690.87,0.0515,2.0,1.5,233,39.67384862035221,466.0,18488.01,350.0,13885.85,0.0195
SKU_0864,High Revenue + Low Volatility,105505.5,0.1156,2.0,1.5,176,142.74823068301987,352.0,50247.38,264.0,37685.53,0.023
SKU_0865,High Revenue + Low Volatility,105246.46,0.1824,2.0,1.5,287,120.61603409342351,574.0,69233.6,430.0,51864.89,0.0165
SKU_0866,High Revenue + Low Volatility,61076.74,0.0578,2.0,1.5,189,100.39487019403953,378.0,37949.26,284.0,28512.14,0.011
SKU_0867,High Revenue + Low Volatility,67575.23,0.0787,2.0,1.5,113,129.4126405126789,226.0,29247.26,170.0,22000.15,0.0181
SKU_0868,High Revenue + Low Volatility,99577.76,0.0965,2.0,1.5,194,39.6224108174536,388.0,15373.5,291.0,11530.12,0.0297
SKU_0869,High Revenue + Low Volatility,69697.19,0.1598,2.0,1.5,153,87.22066532797493,306.0,26689.52,230.0,20060.75,0.0136
SKU_0870,High Revenue + Low Volatility,75329.6,0.1461,2.0,1.5,231,105.61117522339961,462.0,48792.36,346.0,36541.47,0.0206
SKU_0871,High Revenue + Low Volatility,116798.28,0.1124,2.0,1.5,138,129.4383487341947,276.0,35724.98,207.0,26793.74,0.0102
SKU_0872,High Revenue + Low Volatility,93610.94,0.1639,2.0,1.5,171,124.01634720591213,342.0,42413.59,256.0,31748.18,0.0124
SKU_0873,High Revenue + Low Volatility,105043.77,0.1414,2.0,1.5,124,63.24830996560796,248.0,15685.58,186.0,11764.19,0.0217
SKU_0874,High Revenue + Low Volatility,93478.84,0.1844,2.0,1.5,176,142.9056203471045,352.0,50302.78,264.0,37727.08,0.0159
SKU_0875,High Revenue + Low Volatility,93150.82,0.1727,2.0,1.5,259,44.92150097170445,518.0,23269.34,388.0,17429.54,0.0281
SKU_0876,High Revenue + Low Volatility,65649.11,0.0879,2.0,1.5,286,135.01603423453827,572.0,77229.17,429.0,57921.88,0.0181
SKU_0877,High Revenue + Low Volatility,80619.79,0.0907,2.0,1.5,290,146.51282995255423,580.0,84977.44,435.0,63733.08,0.0142
SKU_0878,High Revenue + Low Volatility,76945.85,0.0688,2.0,1.5,265,51.258422786715066,530.0,27166.96,398.0,20400.85,0.0209
SKU_0879,High Revenue + Low Volatility,83443.7,0.1005,2.0,1.5,219,116.64792770445423,438.0,51091.79,328.0,38260.52,0.0259
SKU_0880,High Revenue + Low Volatility,107900.65,0.1999,2.0,1.5,152,34.83426225335982,304.0,10589.62,228.0,7942.21,0.0104
SKU_0881,High Revenue + Low Volatility,82315.96,0.1109,2.0,1.5,294,78.6507390166986,588.0,46246.63,441.0,34684.98,0.0201
SKU_0882,High Revenue + Low Volatility,87101.81,0.0831,2.0,1.5,255,91.95399590372088,510.0,46896.54,382.0,35126.43,0.0255
SKU_0883,High Revenue + Low Volatility,83842.88,0.1644,2.0,1.5,230,99.67742710915608,460.0,45851.62,345.0,34388.71,0.0121
SKU_0884,High Revenue + Low Volatility,65604.48,0.1314,2.0,1.5,249,142.31246978982713,498.0,70871.61,374.0,53224.86,0.0281
SKU_0885,High Revenue + Low Volatility,86464.33,0.0724,2.0,1.5,195,110.67008247530336,390.0,43161.33,292.0,32315.66,0.0153
SKU_0886,High Revenue + Low Volatility,71736.56,0.1071,2.0,1.5,265,87.75335414630844,530.0,46509.28,398.0,34925.83,0.0134
SKU_0887,High Revenue + Low Volatility,71203.4,0.1122,2.0,1.5,299,127.16100435190671,598.0,76042.28,448.0,56968.13,0.0218
SKU_0888,High Revenue + Low Volatility,65642.17,0.1631,2.0,1.5,171,144.06393851452907,342.0,49269.87,256.0,36880.37,0.0135
SKU_0889,High Revenue + Low Volatility,81400.26,0.0531,2.0,1.5,161,32.6479378418749,322.0,10512.64,242.0,7900.8,0.0236
SKU_0890,High Revenue + Low Volatility,105448.91,0.0904,2.0,1.5,284,147.90255267072465,568.0,84008.65,426.0,63006.49,0.0198
SKU_0891,High Revenue + Low Volatility,76586.5,0.1276,2.0,1.5,105,40.33585668764164,210.0,8470.53,158.0,6373.07,0.0122
SKU_0892,High Revenue + Low Volatility,78740.95,0.0903,2.0,1.5,131,127.72641351225136,262.0,33464.32,196.0,25034.38,0.0282
SKU_0893,High Revenue + Low Volatility,98560.48,0.1443,2.0,1.5,198,63.6401703061695,396.0,25201.51,297.0,18901.13,0.0235
SKU_0894,High Revenue + Low Volatility,71750.45,0.1223,2.0,1.5,237,45.86155893046461,474.0,21738.38,356.0,16326.71,0.0209
SKU_0895,High Revenue + Low Volatility,113817.48,0.1043,2.0,1.5,230,82.78267676566018,460.0,38080.03,345.0,28560.02,0.0175
SKU_0896,High Revenue + Low Volatility,91211.43,0.1924,2.0,1.5,286,107.27478953371363,572.0,61361.18,429.0,46020.88,0.0127
SKU_0897,High Revenue + Low Volatility,86856.18,0.1448,2.0,1.5,175,75.714221402817,350.0,26499.98,262.0,19837.13,0.0242
SKU_0898,High Revenue + Low Volatility,93469.21,0.0695,2.0,1.5,276,36.54784899392388,552.0,20174.41,414.0,15130.81,0.0263
SKU_0899,High Revenue + Low Volatility,69962.06,0.134,2.0,1.5,158,101.935336759046,316.0,32211.57,237.0,24158.67,0.0125
SKU_0900,High Revenue + Low Volatility,96808.39,0.1671,2.0,1.5,130,138.28839313328098,260.0,35954.98,195.0,26966.24,0.0199
SKU_0901,High Revenue + Low Volatility,81786.04,0.1563,2.0,1.5,192,75.98584391367021,384.0,29178.56,288.0,21883.92,0.0197
SKU_0902,High Revenue + Low Volatility,113831.18,0.0758,2.0,1.5,168,55.959933315699246,336.0,18802.54,252.0,14101.9,0.017
SKU_0903,High Revenue + Low Volatility,70131.25,0.1959,2.0,1.5,289,83.10928151193784,578.0,48037.16,434.0,36069.43,0.0258
SKU_0904,High Revenue + Low Volatility,90423.07,0.1173,2.0,1.5,151,35.803525325853705,302.0,10812.66,226.0,8091.6,0.012
SKU_0905,High Revenue + Low Volatility,95886.76,0.0739,2.0,1.5,188,128.45851013763297,376.0,48300.4,282.0,36225.3,0.0141
SKU_0906,High Revenue + Low Volatility,62003.02,0.077,2.0,1.5,226,129.1608973140224,452.0,58380.73,339.0,43785.54,0.01
SKU_0907,High Revenue + Low Volatility,81821.59,0.0647,2.0,1.5,268,100.56005561155541,536.0,53900.19,402.0,40425.14,0.0175
SKU_0908,High Revenue + Low Volatility,103958.11,0.1705,2.0,1.5,130,72.37234667260674,260.0,18816.81,195.0,14112.61,0.0158
SKU_0909,High Revenue + Low Volatility,109222.65,0.0683,2.0,1.5,183,125.974003733494,366.0,46106.49,274.0,34516.88,0.0273
SKU_0910,High Revenue + Low Volatility,78789.72,0.0688,2.0,1.5,226,96.56244297460407,452.0,43646.22,339.0,32734.67,0.0249
SKU_0911,High Revenue + Low Volatility,107915.6,0.1776,2.0,1.5,249,129.11187702600193,498.0,64297.71,374.0,48287.84,0.0117
SKU_0912,High Revenue + Low Volatility,118065.35,0.1017,2.0,1.5,231,105.77505510996248,462.0,48868.08,346.0,36598.17,0.0248
SKU_0913,High Revenue + Low Volatility,111412.44,0.0546,2.0,1.5,112,124.12865678553568,224.0,27804.82,168.0,20853.61,0.0235
SKU_0914,High Revenue + Low Volatility,67058.64,0.0578,2.0,1.5,144,101.8275591861312,288.0,29326.34,216.0,21994.75,0.0156
SKU_0915,High Revenue + Low Volatility,104383.82,0.0713,2.0,1.5,226,79.69692818587995,452.0,36023.01,339.0,27017.26,0.0103
SKU_0916,High Revenue + Low Volatility,79180.01,0.082,2.0,1.5,269,144.95350319113652,538.0,77984.98,404.0,58561.22,0.0123
SKU_0917,High Revenue + Low Volatility,119304.96,0.1498,2.0,1.5,213,94.93365898546136,426.0,40441.74,320.0,30378.77,0.015
SKU_0918,High Revenue + Low Volatility,89121.54,0.0736,2.0,1.5,276,102.61074222486461,552.0,56641.13,414.0,42480.85,0.0263
SKU_0919,High Revenue + Low Volatility,67346.03,0.0678,2.0,1.5,119,56.45851672976991,238.0,13437.13,178.0,10049.62,0.0193
SKU_0920,High Revenue + Low Volatility,103511.13,0.1647,2.0,1.5,180,105.07809473127318,360.0,37828.11,270.0,28371.09,0.0284
SKU_0921,High Revenue + Low Volatility,79380.67,0.1507,2.0,1.5,281,98.59291793795326,562.0,55409.22,422.0,41606.21,0.0258
SKU_0922,High Revenue + Low Volatility,119824.69,0.1153,2.0,1.5,263,52.180607753642995,526.0,27447.0,394.0,20559.16,0.0157
SKU_0923,High Revenue + Low Volatility,118786.95,0.1324,2.0,1.5,228,37.150451682377245,456.0,16940.61,342.0,12705.45,0.0269
SKU_0924,High Revenue + Low Volatility,99368.04,0.0968,2.0,1.5,242,102.52311836577253,484.0,49621.19,363.0,37215.89,0.0123
SKU_0925,High Revenue + Low Volatility,67789.59,0.1224,2.0,1.5,116,121.64307232203846,232.0,28221.19,174.0,21165.89,0.0107
SKU_0926,High Revenue + Low Volatility,101211.66,0.126,2.0,1.5,251,92.80816451064098,502.0,46589.7,376.0,34895.87,0.0222
SKU_0927,High Revenue + Low Volatility,65581.83,0.1081,2.0,1.5,157,57.21271503835749,314.0,17964.79,236.0,13502.2,0.0168
SKU_0928,High Revenue + Low Volatility,61761.85,0.186,2.0,1.5,171,109.98263720316419,342.0,37614.06,256.0,28155.56,0.0166
SKU_0929,High Revenue + Low Volatility,109377.51,0.0524,2.0,1.5,208,39.61268719315227,416.0,16478.88,312.0,12359.16,0.0237
SKU_0930,High Revenue + Low Volatility,72585.18,0.1673,2.0,1.5,122,83.02004457623455,244.0,20256.89,183.0,15192.67,0.027
SKU_0931,High Revenue + Low Volatility,82741.63,0.0687,2.0,1.5,273,49.60401100781042,546.0,27083.79,410.0,20337.64,0.0164
SKU_0932,High Revenue + Low Volatility,118407.44,0.1696,2.0,1.5,171,52.135086127186,342.0,17830.2,256.0,13346.58,0.0165
SKU_0933,High Revenue + Low Volatility,80210.43,0.1424,2.0,1.5,107,54.27527389898444,214.0,11614.91,160.0,8684.04,0.0207
SKU_0934,High Revenue + Low Volatility,77789.39,0.1765,2.0,1.5,158,76.40484684527735,316.0,24143.93,237.0,18107.95,0.0231
SKU_0935,High Revenue + Low Volatility,115092.48,0.0646,2.0,1.5,210,36.13802467444771,420.0,15177.97,315.0,11383.48,0.0141
SKU_0936,High Revenue + Low Volatility,66644.91,0.1338,2.0,1.5,286,77.73521291149179,572.0,44464.54,429.0,33348.41,0.0283
SKU_0937,High Revenue + Low Volatility,105574.94,0.1252,2.0,1.5,112,91.4048936537641,224.0,20474.7,168.0,15356.02,0.0231
SKU_0938,High Revenue + Low Volatility,119283.93,0.1559,2.0,1.5,266,87.99531419595903,532.0,46813.51,399.0,35110.13,0.0225
SKU_0939,High Revenue + Low Volatility,114077.76,0.1301,2.0,1.5,255,75.93409204836487,510.0,38726.39,382.0,29006.82,0.0281
SKU_0940,High Revenue + Low Volatility,99100.08,0.1311,2.0,1.5,288,130.6975929684903,576.0,75281.81,432.0,56461.36,0.0281
SKU_0941,High Revenue + Low Volatility,78843.65,0.1144,2.0,1.5,115,47.439203090460495,230.0,10911.02,172.0,8159.54,0.0127
SKU_0942,High Revenue + Low Volatility,75259.32,0.0963,2.0,1.5,218,90.68360925376487,436.0,39538.05,327.0,29653.54,0.0129
SKU_0943,High Revenue + Low Volatility,109155.31,0.1223,2.0,1.5,101,37.444970034786515,202.0,7563.88,152.0,5691.64,0.0252
SKU_0944,High Revenue + Low Volatility,112789.31,0.0678,2.0,1.5,244,38.53868146534917,488.0,18806.88,366.0,14105.16,0.0291
SKU_0945,High Revenue + Low Volatility,91526.09,0.1942,2.0,1.5,129,98.86390196125156,258.0,25506.89,194.0,19179.6,0.0233
SKU_0946,High Revenue + Low Volatility,74660.4,0.1572,2.0,1.5,202,97.92221098653852,404.0,39560.57,303.0,29670.43,0.0182
SKU_0947,High Revenue + Low Volatility,66776.59,0.1929,2.0,1.5,112,135.36402154133484,224.0,30321.54,168.0,22741.16,0.0237
SKU_0948,High Revenue + Low Volatility,65230.77,0.084,2.0,1.5,195,96.94484107920879,390.0,37808.49,292.0,28307.89,0.0146
SKU_0949,High Revenue + Low Volatility,103144.65,0.1819,2.0,1.5,193,145.17492244858204,386.0,56037.52,290.0,42100.73,0.03
SKU_0950,High Revenue + Low Volatility,85207.12,0.1713,2.0,1.5,181,35.84338180799157,362.0,12975.3,272.0,9749.4,0.0186
SKU_0951,High Revenue + Low Volatility,114321.59,0.1516,2.0,1.5,112,41.760922173688925,224.0,9354.45,168.0,7015.83,0.0286
SKU_0952,High Revenue + Low Volatility,104380.28,0.1438,2.0,1.5,270,35.28790338844577,540.0,19055.47,405.0,14291.6,0.0186
SKU_0953,High Revenue + Low Volatility,71475.63,0.0975,2.0,1.5,193,52.2332220400248,386.0,20162.02,290.0,15147.63,0.0286
SKU_0954,High Revenue + Low Volatility,96826.65,0.1725,2.0,1.5,248,94.95241331300137,496.0,47096.4,372.0,35322.3,0.0167
SKU_0955,High Revenue + Low Volatility,86130.33,0.1252,2.0,1.5,211,107.46866177129137,422.0,45351.78,316.0,33960.1,0.0252
SKU_0956,High Revenue + Low Volatility,94634.98,0.0606,2.0,1.5,154,35.47021895384026,308.0,10924.83,231.0,8193.62,0.029
SKU_0957,High Revenue + Low Volatility,104284.15,0.0969,2.0,1.5,180,143.51650678147192,360.0,51665.94,270.0,38749.46,0.0229
SKU_0958,High Revenue + Low Volatility,108371.75,0.1903,2.0,1.5,267,131.0598451980457,534.0,69985.96,400.0,52423.94,0.0236
SKU_0959,High Revenue + Low Volatility,110624.24,0.1776,2.0,1.5,215,65.59349785885118,430.0,28205.2,322.0,21121.11,0.0121
SKU_0960,High Revenue + Low Volatility,75238.49,0.1973,2.0,1.5,242,39.26250362717616,484.0,19003.05,363.0,14252.29,0.0195
SKU_0961,High Revenue + Low Volatility,61866.94,0.1442,2.0,1.5,279,50.38644878628688,558.0,28115.64,418.0,21061.54,0.0277
SKU_0962,High Revenue + Low Volatility,104357.68,0.0871,2.0,1.5,207,45.23332965059672,414.0,18726.6,310.0,14022.33,0.0148
SKU_0963,High Revenue + Low Volatility,66380.62,0.0744,2.0,1.5,152,44.79405351587362,304.0,13617.39,228.0,10213.04,0.0258
SKU_0964,High Revenue + Low Volatility,78895.18,0.078,2.0,1.5,227,92.22740263988807,454.0,41871.24,340.0,31357.32,0.0235
SKU_0965,High Revenue + Low Volatility,60229.03,0.053,2.0,1.5,279,59.50169309920803,558.0,33201.94,418.0,24871.71,0.0145
SKU_0966,High Revenue + Low Volatility,100900.17,0.1086,2.0,1.5,257,72.97676598349733,514.0,37510.06,386.0,28169.03,0.0157
SKU_0967,High Revenue + Low Volatility,70027.92,0.0787,2.0,1.5,260,148.7406400061187,520.0,77345.13,390.0,58008.85,0.0186
SKU_0968,High Revenue + Low Volatility,99316.94,0.1117,2.0,1.5,156,112.11770987104137,312.0,34980.73,234.0,26235.54,0.0125
SKU_0969,High Revenue + Low Volatility,119504.56,0.1902,2.0,1.5,151,143.87768004564015,302.0,43451.06,226.0,32516.36,0.0283
SKU_0970,High Revenue + Low Volatility,64360.25,0.1146,2.0,1.5,236,47.10678660397387,472.0,22234.4,354.0,16675.8,0.0248
SKU_0971,High Revenue + Low Volatility,64624.68,0.1817,2.0,1.5,281,75.8567369799083,562.0,42631.49,422.0,32011.54,0.0173
SKU_0972,High Revenue + Low Volatility,80422.81,0.1408,2.0,1.5,210,96.56781639388251,420.0,40558.48,315.0,30418.86,0.016
SKU_0973,High Revenue + Low Volatility,111983.19,0.0871,2.0,1.5,100,39.210967426648565,200.0,7842.19,150.0,5881.65,0.0238
SKU_0974,High Revenue + Low Volatility,72931.79,0.1034,2.0,1.5,143,30.502493235354944,286.0,8723.71,214.0,6527.53,0.0185
SKU_0975,High Revenue + Low Volatility,81622.67,0.0626,2.0,1.5,174,110.4521200556301,348.0,38437.34,261.0,28828.0,0.0146
SKU_0976,High Revenue + Low Volatility,64110.32,0.1,2.0,1.5,197,107.01834201617224,394.0,42165.23,296.0,31677.43,0.0186
SKU_0977,High Revenue + Low Volatility,105789.32,0.1516,2.0,1.5,108,79.2946571999534,216.0,17127.65,162.0,12845.73,0.0274
SKU_0978,High Revenue + Low Volatility,84498.38,0.0608,2.0,1.5,131,88.75728912384392,262.0,23254.41,196.0,17396.43,0.0114
SKU_0979,High Revenue + Low Volatility,105554.92,0.0808,2.0,1.5,114,79.85316007105075,228.0,18206.52,171.0,13654.89,0.0174
SKU_0980,High Revenue + Low Volatility,114216.47,0.1072,2.0,1.5,239,32.880605381386665,478.0,15716.93,358.0,11771.26,0.0292
SKU_0981,High Revenue + Low Volatility,73965.79,0.1973,2.0,1.5,284,70.24459274609549,568.0,39898.93,426.0,29924.2,0.0103
SKU_0982,High Revenue + Low Volatility,108443.76,0.1677,2.0,1.5,235,51.24987064767478,470.0,24087.44,352.0,18039.95,0.0278
SKU_0983,High Revenue + Low Volatility,63545.63,0.16,2.0,1.5,171,41.81090269216425,342.0,14299.33,256.0,10703.59,0.0175
SKU_0984,High Revenue + Low Volatility,113930.84,0.0674,2.0,1.5,254,144.806452066722,508.0,73561.68,381.0,55171.26,0.0138
SKU_0985,High Revenue + Low Volatility,99046.11,0.1671,2.0,1.5,289,101.92316700505987,578.0,58911.59,434.0,44234.65,0.0103
SKU_0986,High Revenue + Low Volatility,112453.6,0.1678,2.0,1.5,111,117.43875410839232,222.0,26071.4,166.0,19494.83,0.0114
SKU_0987,High Revenue + Low Volatility,60011.3,0.1402,2.0,1.5,164,67.8436491919341,328.0,22252.72,246.0,16689.54,0.0134
SKU_0988,High Revenue + Low Volatility,70144.86,0.1986,2.0,1.5,206,77.17765553928183,412.0,31797.19,309.0,23847.9,0.0105
SKU_0989,High Revenue + Low Volatility,83385.56,0.0988,2.0,1.5,141,58.43087926760681,282.0,16477.51,212.0,12387.35,0.0167
SKU_0990,High Revenue + Low Volatility,82770.17,0.1912,2.0,1.5,289,41.63588051585097,578.0,24065.54,434.0,18069.97,0.0109
SKU_0991,High Revenue + Low Volatility,73603.82,0.1872,2.0,1.5,214,51.48379649299005,428.0,22035.06,321.0,16526.3,0.0238
SKU_0992,High Revenue + Low Volatility,82896.72,0.0517,2.0,1.5,238,125.7016854355783,476.0,59834.0,357.0,44875.5,0.0264
SKU_0993,High Revenue + Low Volatility,67730.92,0.1175,2.0,1.5,202,111.3054966220531,404.0,44967.42,303.0,33725.57,0.0277
SKU_0994,High Revenue + Low Volatility,84765.67,0.1966,2.0,1.5,270,95.63146511825722,540.0,51640.99,405.0,38730.74,0.021
SKU_0995,High Revenue + Low Volatility,108141.26,0.0655,2.0,1.5,194,87.01078474401217,388.0,33760.18,291.0,25320.14,0.0289
SKU_0996,High Revenue + Low Volatility,88744.2,0.1322,2.0,1.5,116,140.69211403873493,232.0,32640.57,174.0,24480.43,0.0101
SKU_0997,High Revenue + Low Volatility,61080.01,0.1968,2.0,1.5,259,38.72819373344021,518.0,20061.2,388.0,15026.54,0.0127
SKU_0998,High Revenue + Low Volatility,85286.64,0.1333,2.0,1.5,184,63.67209758854992,368.0,23431.33,276.0,17573.5,0.0159
SKU_0999,High Revenue + Low Volatility,61630.5,0.0785,2.0,1.5,267,71.99254242848568,534.0,38444.02,400.0,28797.02,0.0258
SKU_1000,High Revenue + Low Volatility,117974.6,0.1373,2.0,1.5,250,123.89109746553454,500.0,61945.55,375.0,46459.16,0.0277
SKU_1001,High Revenue + Low Volatility,67647.24,0.0807,2.0,1.5,155,149.10175441943656,310.0,46221.54,232.0,34591.61,0.0224
SKU_1002,High Revenue + Low Volatility,102461.3,0.128,2.0,1.5,233,58.88046177085837,466.0,27438.3,350.0,20608.16,0.0177
SKU_1003,High Revenue + Low Volatility,118366.58,0.0611,2.0,1.5,185,134.9168800964497,370.0,49919.25,278.0,37506.89,0.0233
SKU_1004,High Revenue + Low Volatility,109562.34,0.1408,2.0,1.5,277,129.67473125181496,554.0,71839.8,416.0,53944.69,0.0136
SKU_1005,High Revenue + Low Volatility,101958.92,0.1275,2.0,1.5,201,56.95888771701199,402.0,22897.47,302.0,17201.58,0.0192
SKU_1006,High Revenue + Low Volatility,110367.65,0.161,2.0,1.5,264,77.9199096239067,528.0,41141.71,396.0,30856.28,0.0202
SKU_1007,High Revenue + Low Volatility,118907.92,0.1446,2.0,1.5,291,79.16074431510229,582.0,46071.55,436.0,34514.08,0.0121
SKU_1008,High Revenue + Low Volatility,97280.67,0.1324,2.0,1.5,153,147.386480223187,306.0,45100.26,230.0,33898.89,0.0107
SKU_1009,High Revenue + Low Volatility,93551.09,0.1535,2.0,1.5,299,51.7070281654678,598.0,30920.8,448.0,23164.75,0.025
SKU_1010,High Revenue + Low Volatility,97694.29,0.0716,2.0,1.5,276,125.89895653257385,552.0,69496.22,414.0,52122.17,0.0207
SKU_1011,High Revenue + Low Volatility,91960.55,0.1393,2.0,1.5,214,70.10312570077319,428.0,30004.14,321.0,22503.1,0.0166
SKU_1012,High Revenue + Low Volatility,98105.35,0.0758,2.0,1.5,238,117.70444149313924,476.0,56027.31,357.0,42020.49,0.0187
SKU_1013,High Revenue + Low Volatility,86990.53,0.1888,2.0,1.5,187,80.40132051547954,374.0,30070.09,280.0,22512.37,0.0292
SKU_1014,High Revenue + Low Volatility,73106.59,0.0603,2.0,1.5,148,99.4031715739848,296.0,29423.34,222.0,22067.5,0.0177
SKU_1015,High Revenue + Low Volatility,67214.83,0.1146,2.0,1.5,248,129.91341279913573,496.0,64437.05,372.0,48327.79,0.0121
SKU_1016,High Revenue + Low Volatility,64100.46,0.1544,2.0,1.5,214,126.49986779806609,428.0,54141.94,321.0,40606.46,0.0193
SKU_1017,High Revenue + Low Volatility,75798.95,0.1187,2.0,1.5,293,133.97078202476402,586.0,78506.88,440.0,58947.14,0.023
SKU_1018,High Revenue + Low Volatility,62767.41,0.0638,2.0,1.5,162,37.15407904135908,324.0,12037.92,243.0,9028.44,0.0102
SKU_1019,High Revenue + Low Volatility,94030.25,0.133,2.0,1.5,203,113.04606636476937,406.0,45896.7,304.0,34366.0,0.0166
SKU_1020,High Revenue + Low Volatility,77029.71,0.1462,2.0,1.5,182,46.798485206611545,364.0,17034.65,273.0,12775.99,0.0179
SKU_1021,High Revenue + Low Volatility,109472.09,0.1556,2.0,1.5,202,79.89822816220932,404.0,32278.88,303.0,24209.16,0.0193
SKU_1022,High Revenue + Low Volatility,64454.45,0.106,2.0,1.5,255,95.83060980656262,510.0,48873.61,382.0,36607.29,0.016
SKU_1023,High Revenue + Low Volatility,73581.09,0.1345,2.0,1.5,116,78.3287381696197,232.0,18172.27,174.0,13629.2,0.0233
SKU_1024,High Revenue + Low Volatility,103814.77,0.1176,2.0,1.5,105,92.3534010963609,210.0,19394.21,158.0,14591.84,0.0289
SKU_1025,High Revenue + Low Volatility,95928.5,0.1508,2.0,1.5,246,149.5831570558343,492.0,73594.91,369.0,55196.18,0.0283
SKU_1026,High Revenue + Low Volatility,63869.48,0.1375,2.0,1.5,283,46.22607764554257,566.0,26163.96,424.0,19599.86,0.0233
SKU_1027,High Revenue + Low Volatility,112634.37,0.1289,2.0,1.5,127,111.05472544037107,254.0,28207.9,190.0,21100.4,0.0201
SKU_1028,High Revenue + Low Volatility,112635.71,0.0874,2.0,1.5,293,77.52011596627383,586.0,45426.79,440.0,34108.85,0.0265
SKU_1029,High Revenue + Low Volatility,79824.48,0.0503,2.0,1.5,137,45.96117586887945,274.0,12593.36,206.0,9468.0,0.0267
SKU_1030,High Revenue + Low Volatility,80424.35,0.0761,2.0,1.5,218,49.04841160491714,436.0,21385.11,327.0,16038.83,0.0266
SKU_1031,High Revenue + Low Volatility,119341.7,0.0676,2.0,1.5,136,143.91277274947402,272.0,39144.27,204.0,29358.21,0.0132
SKU_1032,High Revenue + Low Volatility,97570.57,0.1174,2.0,1.5,214,135.55217960541142,428.0,58016.33,321.0,43512.25,0.0105
SKU_1033,High Revenue + Low Volatility,91878.99,0.1418,2.0,1.5,167,138.8450352498026,334.0,46374.24,250.0,34711.26,0.0297
SKU_1034,High Revenue + Low Volatility,110289.13,0.082,2.0,1.5,276,148.9839330992864,552.0,82239.13,414.0,61679.35,0.0292
SKU_1035,High Revenue + Low Volatility,77117.42,0.1909,2.0,1.5,142,54.997846801022156,284.0,15619.39,213.0,11714.54,0.0213
SKU_1036,High Revenue + Low Volatility,85750.96,0.051,2.0,1.5,263,72.6527204836874,526.0,38215.33,394.0,28625.17,0.0299
SKU_1037,High Revenue + Low Volatility,76066.6,0.1658,2.0,1.5,157,110.30628359098401,314.0,34636.17,236.0,26032.28,0.0254
SKU_1038,High Revenue + Low Volatility,107349.65,0.1438,2.0,1.5,112,88.05630478327767,224.0,19724.61,168.0,14793.46,0.0203
SKU_1039,High Revenue + Low Volatility,94400.96,0.106,2.0,1.5,151,80.20674400540003,302.0,24222.44,226.0,18126.72,0.0178
SKU_1040,High Revenue + Low Volatility,99529.5,0.0576,2.0,1.5,157,72.93734992027117,314.0,22902.33,236.0,17213.21,0.0219
SKU_1041,High Revenue + Low Volatility,75138.43,0.1441,2.0,1.5,131,101.25367583321426,262.0,26528.46,196.0,19845.72,0.0203
SKU_1042,High Revenue + Low Volatility,73213.52,0.1078,2.0,1.5,204,99.07121143680985,408.0,40421.05,306.0,30315.79,0.0299
SKU_1043,High Revenue + Low Volatility,89302.48,0.1904,2.0,1.5,287,49.37494008770881,574.0,28341.22,430.0,21231.22,0.0198
SKU_1044,High Revenue + Low Volatility,104253.94,0.1313,2.0,1.5,182,86.60878050221268,364.0,31525.6,273.0,23644.2,0.0267
SKU_1045,High Revenue + Low Volatility,91514.39,0.1909,2.0,1.5,285,96.41661314518198,570.0,54957.47,428.0,41266.31,0.0263
SKU_1046,High Revenue + Low Volatility,61958.74,0.0831,2.0,1.5,198,98.43443264776685,396.0,38980.04,297.0,29235.03,0.0114
SKU_1047,High Revenue + Low Volatility,112113.09,0.1589,2.0,1.5,203,55.21286314948222,406.0,22416.42,304.0,16784.71,0.0117
SKU_1048,High Revenue + Low Volatility,63881.21,0.1426,2.0,1.5,283,119.07256707027442,566.0,67395.07,424.0,50486.77,0.0232
SKU_1049,High Revenue + Low Volatility,117349.47,0.1609,2.0,1.5,127,33.023891378528354,254.0,8388.07,190.0,6274.54,0.0152
SKU_1050,High Revenue + Low Volatility,61508.52,0.0822,2.0,1.5,228,72.57982266517952,456.0,33096.4,342.0,24822.3,0.0232
SKU_1051,High Revenue + Low Volatility,101667.03,0.1497,2.0,1.5,269,123.62551782427603,538.0,66510.53,404.0,49944.71,0.0129
SKU_1052,High Revenue + Low Volatility,64932.42,0.1247,2.0,1.5,147,97.66715052664829,294.0,28714.14,220.0,21486.77,0.0179
SKU_1053,High Revenue + Low Volatility,114640.59,0.1614,2.0,1.5,139,61.339491901303234,278.0,17052.38,208.0,12758.61,0.012
SKU_1054,High Revenue + Low Volatility,87865.99,0.0991,2.0,1.5,196,113.39437432116573,392.0,44450.59,294.0,33337.95,0.0156
SKU_1055,High Revenue + Low Volatility,68251.43,0.1835,2.0,1.5,290,98.0869132987288,580.0,56890.41,435.0,42667.81,0.0118
SKU_1056,High Revenue + Low Volatility,80448.94,0.0626,2.0,1.5,299,125.54923313476647,598.0,75078.44,448.0,56246.06,0.0294
SKU_1057,High Revenue + Low Volatility,69889.48,0.1711,2.0,1.5,213,118.20302234277881,426.0,50354.49,320.0,37824.97,0.0179
SKU_1058,High Revenue + Low Volatility,70234.91,0.1792,2.0,1.5,231,103.21295064434815,462.0,47684.38,346.0,35711.68,0.028
SKU_1059,High Revenue + Low Volatility,116886.5,0.1726,2.0,1.5,265,88.58132103729768,530.0,46948.1,398.0,35255.37,0.0294
SKU_1060,High Revenue + Low Volatility,86714.77,0.1269,2.0,1.5,254,45.98185508010281,508.0,23358.78,381.0,17519.09,0.0282
SKU_1061,High Revenue + Low Volatility,107328.14,0.1158,2.0,1.5,236,61.35996214624605,472.0,28961.9,354.0,21721.43,0.0191
SKU_1062,High Revenue + Low Volatility,98376.33,0.1994,2.0,1.5,210,80.29193675005024,420.0,33722.61,315.0,25291.96,0.0256
SKU_1063,High Revenue + Low Volatility,100585.58,0.0844,2.0,1.5,243,101.91591444076664,486.0,49531.13,364.0,37097.39,0.0131
SKU_1064,High Revenue + Low Volatility,67901.61,0.132,2.0,1.5,283,91.64494262583658,566.0,51871.04,424.0,38857.46,0.0119
SKU_1065,High Revenue + Low Volatility,74051.07,0.1506,2.0,1.5,175,64.58214311514354,350.0,22603.75,262.0,16920.52,0.0275
SKU_1066,High Revenue + Low Volatility,107205.02,0.1551,2.0,1.5,130,30.775722934765266,260.0,8001.69,195.0,6001.27,0.0106
SKU_1067,High Revenue + Low Volatility,118245.97,0.0806,2.0,1.5,218,89.54870662809768,436.0,39043.24,327.0,29282.43,0.0294
SKU_1068,High Revenue + Low Volatility,75760.54,0.1481,2.0,1.5,241,64.27511862746917,482.0,30980.61,362.0,23267.59,0.0234
SKU_1069,High Revenue + Low Volatility,76294.13,0.1728,2.0,1.5,124,118.1529960852642,248.0,29301.94,186.0,21976.46,0.0184
SKU_1070,High Revenue + Low Volatility,88373.83,0.0575,2.0,1.5,133,32.87355183245802,266.0,8744.36,200.0,6574.71,0.0128
SKU_1071,High Revenue + Low Volatility,119030.42,0.1867,2.0,1.5,166,100.1793373566949,332.0,33259.54,249.0,24944.66,0.0245
SKU_1072,High Revenue + Low Volatility,76137.54,0.0544,2.0,1.5,251,142.97690850072786,502.0,71774.41,376.0,53759.32,0.0213
SKU_1073,High Revenue + Low Volatility,84418.31,0.1034,2.0,1.5,217,50.92911205337994,434.0,22103.23,326.0,16602.89,0.0242
SKU_1074,High Revenue + Low Volatility,113488.8,0.0524,2.0,1.5,172,86.59793889007145,344.0,29789.69,258.0,22342.27,0.0184
SKU_1075,High Revenue + Low Volatility,60175.26,0.0616,2.0,1.5,125,40.97063901805658,250.0,10242.66,188.0,7702.48,0.0113
SKU_1076,High Revenue + Low Volatility,62385.96,0.1867,2.0,1.5,247,105.08182947136231,494.0,51910.42,370.0,38880.28,0.0163
SKU_1077,High Revenue + Low Volatility,96244.3,0.1032,2.0,1.5,291,96.06380167154707,582.0,55909.13,436.0,41883.82,0.0163
SKU_1078,High Revenue + Low Volatility,114442.81,0.1137,2.0,1.5,203,78.88386290553987,406.0,32026.85,304.0,23980.69,0.0102
SKU_1079,High Revenue + Low Volatility,74331.4,0.0823,2.0,1.5,109,92.56524257684895,218.0,20179.22,164.0,15180.7,0.0102
SKU_1080,High Revenue + Low Volatility,88178.51,0.1396,2.0,1.5,166,137.58895901628122,332.0,45679.53,249.0,34259.65,0.0166
SKU_1081,High Revenue + Low Volatility,87027.92,0.1392,2.0,1.5,251,53.555316277328046,502.0,26884.77,376.0,20136.8,0.0246
SKU_1082,High Revenue + Low Volatility,88378.28,0.1058,2.0,1.5,104,32.707741404641666,208.0,6803.21,156.0,5102.41,0.0225
SKU_1083,High Revenue + Low Volatility,97351.18,0.1,2.0,1.5,294,133.39978616389212,588.0,78439.07,441.0,58829.31,0.0148
SKU_1084,High Revenue + Low Volatility,88184.63,0.1827,2.0,1.5,285,99.25404988654878,570.0,56574.81,428.0,42480.73,0.0221
SKU_1085,High Revenue + Low Volatility,86848.09,0.1075,2.0,1.5,126,136.8790146554211,252.0,34493.51,189.0,25870.13,0.0229
SKU_1086,High Revenue + Low Volatility,88457.31,0.124,2.0,1.5,212,101.63342680958071,424.0,43092.57,318.0,32319.43,0.0205
SKU_1087,High Revenue + Low Volatility,95452.05,0.0925,2.0,1.5,114,127.2193307951643,228.0,29006.01,171.0,21754.51,0.0204
SKU_1088,High Revenue + Low Volatility,92220.45,0.168,2.0,1.5,262,81.56080360261775,524.0,42737.86,393.0,32053.4,0.0174
SKU_1089,High Revenue + Low Volatility,111248.16,0.1096,2.0,1.5,204,119.98319175459226,408.0,48953.14,306.0,36714.86,0.0125
SKU_1090,High Revenue + Low Volatility,62969.81,0.127,2.0,1.5,280,139.56497602678272,560.0,78156.39,420.0,58617.29,0.0177
SKU_1091,High Revenue + Low Volatility,109999.02,0.088,2.0,1.5,143,98.65475564666475,286.0,28215.26,214.0,21112.12,0.0169
SKU_1092,High Revenue + Low Volatility,110635.48,0.1981,2.0,1.5,125,51.694218067485544,250.0,12923.55,188.0,9718.51,0.0218
SKU_1093,High Revenue + Low Volatility,77094.48,0.0937,2.0,1.5,274,62.25571380362378,548.0,34116.13,411.0,25587.1,0.0271
SKU_1094,High Revenue + Low Volatility,87771.12,0.1656,2.0,1.5,261,53.83734922768869,522.0,28103.1,392.0,21104.24,0.0175
SKU_1095,High Revenue + Low Volatility,86312.31,0.1141,2.0,1.5,194,59.62284331148795,388.0,23133.66,291.0,17350.25,0.0242
SKU_1096,High Revenue + Low Volatility,73110.59,0.0809,2.0,1.5,277,66.76985392212435,554.0,36990.5,416.0,27776.26,0.0262
SKU_1097,High Revenue + Low Volatility,83807.81,0.17,2.0,1.5,183,96.61605441038262,366.0,35361.48,274.0,26472.8,0.0142
SKU_1098,High Revenue + Low Volatility,62663.27,0.1,2.0,1.5,239,100.55899553565993,478.0,48067.2,358.0,36000.12,0.028
SKU_1099,High Revenue + Low Volatility,76669.32,0.1798,2.0,1.5,231,81.17996966902334,462.0,37505.15,346.0,28088.27,0.0114
SKU_1100,High Revenue + Low Volatility,109000.93,0.1873,2.0,1.5,186,103.85049357850025,372.0,38632.38,279.0,28974.29,0.028
SKU_1101,High Revenue + Low Volatility,77073.74,0.179,2.0,1.5,275,39.78899107336391,550.0,21883.95,412.0,16393.06,0.0133
SKU_1102,High Revenue + Low Volatility,109092.4,0.0553,2.0,1.5,282,40.5345884469792,564.0,22861.51,423.0,17146.13,0.0167
SKU_1103,High Revenue + Low Volatility,91895.97,0.1681,2.0,1.5,211,50.619535242919014,422.0,21361.44,316.0,15995.77,0.0221
SKU_1104,High Revenue + Low Volatility,112791.76,0.1117,2.0,1.5,228,92.16929976484137,456.0,42029.2,342.0,31521.9,0.0281
SKU_1105,High Revenue + Low Volatility,94486.77,0.1811,2.0,1.5,188,55.67936144379763,376.0,20935.44,282.0,15701.58,0.0151
SKU_1106,High Revenue + Low Volatility,61780.09,0.1457,2.0,1.5,165,63.99412841910928,330.0,21118.06,248.0,15870.54,0.0253
SKU_1107,High Revenue + Low Volatility,100525.21,0.175,2.0,1.5,257,78.03754034075928,514.0,40111.3,386.0,30122.49,0.0242
SKU_1108,High Revenue + Low Volatility,62691.21,0.1249,2.0,1.5,230,127.42393488124559,460.0,58615.01,345.0,43961.26,0.0132
SKU_1109,High Revenue + Low Volatility,87035.82,0.1303,2.0,1.5,221,31.663456309543214,442.0,13995.25,332.0,10512.27,0.0196
SKU_1110,High Revenue + Low Volatility,115765.6,0.0717,2.0,1.5,248,107.92545842839469,496.0,53531.03,372.0,40148.27,0.0196
SKU_1111,High Revenue + Low Volatility,69912.24,0.1676,2.0,1.5,183,110.26518372488223,366.0,40357.06,274.0,30212.66,0.0161
SKU_1112,High Revenue + Low Volatility,83392.34,0.1129,2.0,1.5,276,125.83869364279639,552.0,69462.96,414.0,52097.22,0.0256
SKU_1113,High Revenue + Low Volatility,103791.62,0.125,2.0,1.5,215,141.9303526872376,430.0,61030.05,322.0,45701.57,0.0285
SKU_1114,High Revenue + Low Volatility,112935.51,0.1678,2.0,1.5,289,32.41654187391478,578.0,18736.76,434.0,14068.78,0.0243
SKU_1115,High Revenue + Low Volatility,100256.58,0.1398,2.0,1.5,215,48.45404466158594,430.0,20835.24,322.0,15602.2,0.0295
SKU_1116,High Revenue + Low Volatility,75490.4,0.0802,2.0,1.5,137,136.34055528671917,274.0,37357.31,206.0,28086.15,0.011
SKU_1117,High Revenue + Low Volatility,100476.47,0.1385,2.0,1.5,242,85.02222746244185,484.0,41150.76,363.0,30863.07,0.0107
SKU_1118,High Revenue + Low Volatility,77803.66,0.1111,2.0,1.5,209,97.75087667201562,418.0,40859.87,314.0,30693.78,0.0279
SKU_1119,High Revenue + Low Volatility,103105.75,0.1204,2.0,1.5,279,109.56326444677768,558.0,61136.3,418.0,45797.44,0.028
SKU_1120,High Revenue + Low Volatility,117241.99,0.0542,2.0,1.5,145,111.48799253947648,290.0,32331.52,218.0,24304.38,0.0121
SKU_1121,High Revenue + Low Volatility,103283.61,0.0815,2.0,1.5,124,141.80884839798097,248.0,35168.59,186.0,26376.45,0.0171
SKU_1122,High Revenue + Low Volatility,111772.83,0.0922,2.0,1.5,120,149.63393008940034,240.0,35912.14,180.0,26934.11,0.0267
SKU_1123,High Revenue + Low Volatility,60126.23,0.1569,2.0,1.5,220,116.41889531171283,440.0,51224.31,330.0,38418.24,0.0126
SKU_1124,High Revenue + Low Volatility,103054.33,0.0517,2.0,1.5,221,64.46654510461809,442.0,28494.21,332.0,21402.89,0.0153
SKU_1125,High Revenue + Low Volatility,109775.25,0.1113,2.0,1.5,232,135.57028827532122,464.0,62904.61,348.0,47178.46,0.0236
SKU_1126,High Revenue + Low Volatility,62433.52,0.1886,2.0,1.5,169,35.906509744891395,338.0,12136.4,254.0,9120.25,0.0296
SKU_1127,High Revenue + Low Volatility,112295.86,0.0668,2.0,1.5,212,57.72970234493954,424.0,24477.39,318.0,18358.05,0.0259
SKU_1128,High Revenue + Low Volatility,75401.65,0.1275,2.0,1.5,206,137.68628609564578,412.0,56726.75,309.0,42545.06,0.0255
SKU_1129,High Revenue + Low Volatility,99917.53,0.168,2.0,1.5,211,60.7429817327226,422.0,25633.54,316.0,19194.78,0.0169
SKU_1130,High Revenue + Low Volatility,108021.29,0.1914,2.0,1.5,207,56.478127154609815,414.0,23381.94,310.0,17508.22,0.0232
SKU_1131,High Revenue + Low Volatility,99759.87,0.162,2.0,1.5,146,46.57503517682967,292.0,13599.91,219.0,10199.93,0.0123
SKU_1132,High Revenue + Low Volatility,65537.09,0.1581,2.0,1.5,295,133.09341091762997,590.0,78525.11,442.0,58827.29,0.0298
SKU_1133,High Revenue + Low Volatility,95779.29,0.174,2.0,1.5,190,90.00699110293041,380.0,34202.66,285.0,25651.99,0.0196
SKU_1134,High Revenue + Low Volatility,92975.02,0.1169,2.0,1.5,117,110.98718436649858,234.0,25971.0,176.0,19533.74,0.0228
SKU_1135,High Revenue + Low Volatility,114019.28,0.1709,2.0,1.5,248,58.68796608900356,496.0,29109.23,372.0,21831.92,0.0275
SKU_1136,High Revenue + Low Volatility,84254.38,0.0512,2.0,1.5,203,120.96485052134598,406.0,49111.73,304.0,36773.31,0.01
SKU_1137,High Revenue + Low Volatility,79264.87,0.1887,2.0,1.5,250,121.20066539545182,500.0,60600.33,375.0,45450.25,0.0295
SKU_1138,High Revenue + Low Volatility,104991.05,0.1165,2.0,1.5,291,67.51176298899603,582.0,39291.85,436.0,29435.13,0.0172
SKU_1139,High Revenue + Low Volatility,84760.52,0.133,2.0,1.5,294,79.28191596123395,588.0,46617.77,441.0,34963.32,0.0168
SKU_1140,High Revenue + Low Volatility,98765.77,0.0882,2.0,1.5,139,55.1628332916241,278.0,15335.27,208.0,11473.87,0.0129
SKU_1141,High Revenue + Low Volatility,98787.01,0.1614,2.0,1.5,237,147.1873227987485,474.0,69766.79,356.0,52398.69,0.0272
SKU_1142,High Revenue + Low Volatility,113282.34,0.0615,2.0,1.5,188,107.47230924700939,376.0,40409.59,282.0,30307.19,0.0274
SKU_1143,High Revenue + Low Volatility,95921.54,0.1809,2.0,1.5,279,142.14526568586186,558.0,79317.06,418.0,59416.72,0.0104
SKU_1144,High Revenue + Low Volatility,90129.22,0.1742,2.0,1.5,299,66.40626523549598,598.0,39710.95,448.0,29750.01,0.0111
SKU_1145,High Revenue + Low Volatility,68332.28,0.0824,2.0,1.5,160,123.82690955962677,320.0,39624.61,240.0,29718.46,0.0284
SKU_1146,High Revenue + Low Volatility,66944.26,0.1714,2.0,1.5,291,121.90303726616904,582.0,70947.57,436.0,53149.72,0.0125
SKU_1147,High Revenue + Low Volatility,69259.29,0.168,2.0,1.5,104,112.99867822398498,208.0,23503.73,156.0,17627.79,0.0224
SKU_1148,High Revenue + Low Volatility,70310.91,0.1448,2.0,1.5,221,145.87667703201606,442.0,64477.49,332.0,48431.06,0.0224
SKU_1149,High Revenue + Low Volatility,98272.63,0.106,2.0,1.5,280,77.22664033275787,560.0,43246.92,420.0,32435.19,0.0274
SKU_1150,High Revenue + Low Volatility,104458.88,0.0907,2.0,1.5,154,45.686078830770875,308.0,14071.31,231.0,10553.48,0.0215
SKU_1151,High Revenue + Low Volatility,91799.49,0.0848,2.0,1.5,136,110.60506310928729,272.0,30084.58,204.0,22563.43,0.0187
SKU_1152,High Revenue + Low Volatility,109741.06,0.0978,2.0,1.5,155,117.51717605726473,310.0,36430.32,232.0,27263.98,0.0295
SKU_1153,High Revenue + Low Volatility,119475.79,0.1855,2.0,1.5,286,99.00726881505776,572.0,56632.16,429.0,42474.12,0.0146
SKU_1154,High Revenue + Low Volatility,109200.76,0.0616,2.0,1.5,201,54.81814717600756,402.0,22036.9,302.0,16555.08,0.0153
SKU_1155,High Revenue + Low Volatility,101692.94,0.1743,2.0,1.5,192,90.53471300032265,384.0,34765.33,288.0,26074.0,0.0117
SKU_1156,High Revenue + Low Volatility,91949.56,0.1023,2.0,1.5,296,67.46276838829553,592.0,39937.96,444.0,29953.47,0.0295
SKU_1157,High Revenue + Low Volatility,86931.18,0.1282,2.0,1.5,172,81.2959833800027,344.0,27965.82,258.0,20974.36,0.0241
SKU_1158,High Revenue + Low Volatility,65063.54,0.1692,2.0,1.5,158,107.42622910135967,316.0,33946.69,237.0,25460.02,0.0102
SKU_1159,High Revenue + Low Volatility,83962.12,0.1827,2.0,1.5,101,119.42576912290015,202.0,24124.01,152.0,18152.72,0.0241
SKU_1160,High Revenue + Low Volatility,114608.08,0.1017,2.0,1.5,292,57.86696290816117,584.0,33794.31,438.0,25345.73,0.0181
SKU_1161,High Revenue + Low Volatility,108481.36,0.1193,2.0,1.5,203,78.6390432776344,406.0,31927.45,304.0,23906.27,0.0294
SKU_1162,High Revenue + Low Volatility,72963.08,0.1122,2.0,1.5,287,62.2993885189955,574.0,35759.85,430.0,26788.74,0.0155
SKU_1163,High Revenue + Low Volatility,87996.47,0.052,2.0,1.5,150,53.8357936634243,300.0,16150.74,225.0,12113.05,0.0242
SKU_1164,High Revenue + Low Volatility,109003.39,0.0944,2.0,1.5,129,124.00646639950061,258.0,31993.67,194.0,24057.25,0.0225
SKU_1165,High Revenue + Low Volatility,64043.07,0.1189,2.0,1.5,110,139.1103233324391,220.0,30604.27,165.0,22953.2,0.0102
SKU_1166,High Revenue + Low Volatility,83243.56,0.1117,2.0,1.5,207,74.4278622821492,414.0,30813.13,310.0,23072.64,0.0277
SKU_1167,High Revenue + Low Volatility,111110.47,0.1583,2.0,1.5,175,120.15347092485203,350.0,42053.71,262.0,31480.21,0.0128
SKU_1168,High Revenue + Low Volatility,84233.87,0.1077,2.0,1.5,266,137.63943472372932,532.0,73224.18,399.0,54918.13,0.0233
SKU_1169,High Revenue + Low Volatility,64656.88,0.1234,2.0,1.5,189,131.5349052636278,378.0,49720.19,284.0,37355.91,0.0255
SKU_1170,High Revenue + Low Volatility,92552.06,0.1144,2.0,1.5,222,51.93760662470711,444.0,23060.3,333.0,17295.22,0.0226
SKU_1171,High Revenue + Low Volatility,111704.55,0.1611,2.0,1.5,299,144.75502578160336,598.0,86563.51,448.0,64850.25,0.0119
SKU_1172,High Revenue + Low Volatility,95417.13,0.1794,2.0,1.5,290,75.20117285153549,580.0,43616.68,435.0,32712.51,0.0295
SKU_1173,High Revenue + Low Volatility,73576.75,0.1298,2.0,1.5,291,70.70887934086036,582.0,41152.57,436.0,30829.07,0.0147
SKU_1174,High Revenue + Low Volatility,83054.38,0.1684,2.0,1.5,288,37.49175927333364,576.0,21595.25,432.0,16196.44,0.0226
SKU_1175,High Revenue + Low Volatility,87007.4,0.0945,2.0,1.5,224,88.34083849258596,448.0,39576.7,336.0,29682.52,0.0259
SKU_1176,High Revenue + Low Volatility,94755.98,0.1312,2.0,1.5,281,43.08163387691145,562.0,24211.88,422.0,18180.45,0.0288
SKU_1177,High Revenue + Low Volatility,105561.06,0.1018,2.0,1.5,221,59.824778511291115,442.0,26442.55,332.0,19861.83,0.0221
SKU_1178,High Revenue + Low Volatility,65932.42,0.1121,2.0,1.5,193,68.03311461207377,386.0,26260.78,290.0,19729.6,0.0152
SKU_1179,High Revenue + Low Volatility,113379.12,0.1599,2.0,1.5,202,127.05915881900208,404.0,51331.9,303.0,38498.93,0.0267
SKU_1180,High Revenue + Low Volatility,60738.58,0.1822,2.0,1.5,285,135.0586380475076,570.0,76983.42,428.0,57805.1,0.0133
SKU_1181,High Revenue + Low Volatility,82203.14,0.0682,2.0,1.5,283,66.29595809537636,566.0,37523.51,424.0,28109.49,0.0104
SKU_1182,High Revenue + Low Volatility,61645.22,0.1452,2.0,1.5,261,133.04377454934888,522.0,69448.85,392.0,52153.16,0.0282
SKU_1183,High Revenue + Low Volatility,83578.45,0.1373,2.0,1.5,130,132.86771248437492,260.0,34545.61,195.0,25909.2,0.0215
SKU_1184,High Revenue + Low Volatility,91548.76,0.0678,2.0,1.5,151,121.75811404618483,302.0,36770.95,226.0,27517.33,0.0114
SKU_1185,High Revenue + Low Volatility,90700.88,0.0818,2.0,1.5,188,47.603413681821785,376.0,17898.88,282.0,13424.16,0.0216
SKU_1186,High Revenue + Low Volatility,69937.7,0.0967,2.0,1.5,175,112.83874162808748,350.0,39493.56,262.0,29563.75,0.0129
SKU_1187,High Revenue + Low Volatility,98744.43,0.075,2.0,1.5,228,143.40288774966825,456.0,65391.72,342.0,49043.79,0.0106
SKU_1188,High Revenue + Low Volatility,62686.71,0.0866,2.0,1.5,282,111.90485745205885,564.0,63114.34,423.0,47335.75,0.0123
SKU_1189,High Revenue + Low Volatility,105714.41,0.0901,2.0,1.5,121,69.79402189294007,242.0,16890.15,182.0,12702.51,0.0255
SKU_1190,High Revenue + Low Volatility,116798.67,0.1004,2.0,1.5,139,90.06951809169976,278.0,25039.33,208.0,18734.46,0.0251
SKU_1191,High Revenue + Low Volatility,80386.13,0.1624,2.0,1.5,200,107.48700520212644,400.0,42994.8,300.0,32246.1,0.0221
SKU_1192,High Revenue + Low Volatility,91034.36,0.1358,2.0,1.5,210,91.26844904742043,420.0,38332.75,315.0,28749.56,0.0142
SKU_1193,High Revenue + Low Volatility,82734.62,0.1979,2.0,1.5,228,44.394353007716376,456.0,20243.82,342.0,15182.87,0.0248
SKU_1194,High Revenue + Low Volatility,60402.62,0.1122,2.0,1.5,164,67.44768535824248,328.0,22122.84,246.0,16592.13,0.0182
SKU_1195,High Revenue + Low Volatility,83152.47,0.1631,2.0,1.5,290,126.2875236664359,580.0,73246.76,435.0,54935.07,0.0202
SKU_1196,High Revenue + Low Volatility,107503.22,0.1807,2.0,1.5,281,133.37016553146208,562.0,74954.03,422.0,56282.21,0.028
SKU_1197,High Revenue + Low Volatility,95759.33,0.1518,2.0,1.5,269,46.476003925868426,538.0,25004.09,404.0,18776.31,0.0192
SKU_1198,High Revenue + Low Volatility,66075.59,0.1118,2.0,1.5,248,144.28641028784693,496.0,71566.06,372.0,53674.54,0.0225
SKU_1199,High Revenue + Low Volatility,110828.37,0.163,2.0,1.5,178,69.45871414183313,356.0,24727.3,267.0,18545.48,0.0292
SKU_1200,High Revenue + Low Volatility,91865.12,0.0806,2.0,1.5,121,109.4776486476864,242.0,26493.59,182.0,19924.93,0.019
SKU_1201,High Revenue + Low Volatility,110503.4,0.0991,2.0,1.5,265,120.21901751480173,530.0,63716.08,398.0,47847.17,0.0212
SKU_1202,High Revenue + Low Volatility,94813.29,0.132,2.0,1.5,198,127.43354815654601,396.0,50463.69,297.0,37847.76,0.0217
SKU_1203,High Revenue + Low Volatility,93581.31,0.1363,2.0,1.5,107,143.48996426711162,214.0,30706.85,160.0,22958.39,0.0148
SKU_1204,High Revenue + Low Volatility,66315.55,0.0533,2.0,1.5,289,67.55034576345872,578.0,39044.1,434.0,29316.85,0.0247
SKU_1205,High Revenue + Low Volatility,70041.58,0.1918,2.0,1.5,274,133.02077454618654,548.0,72895.38,411.0,54671.54,0.0245
SKU_1206,High Revenue + Low Volatility,118321.52,0.1545,2.0,1.5,116,45.802428412344845,232.0,10626.16,174.0,7969.62,0.0143
SKU_1207,High Revenue + Low Volatility,73709.2,0.1244,2.0,1.5,116,114.60490876243112,232.0,26588.34,174.0,19941.25,0.0103
SKU_1208,High Revenue + Low Volatility,118647.13,0.19,2.0,1.5,189,119.03732754167831,378.0,44996.11,284.0,33806.6,0.03
SKU_1209,High Revenue + Low Volatility,91914.76,0.1159,2.0,1.5,240,111.32678894415845,480.0,53436.86,360.0,40077.64,0.0216
SKU_1210,High Revenue + Low Volatility,68147.34,0.1971,2.0,1.5,244,60.27776833621836,488.0,29415.55,366.0,22061.66,0.0136
SKU_1211,High Revenue + Low Volatility,65958.13,0.1268,2.0,1.5,265,134.7651776418244,530.0,71425.54,398.0,53636.54,0.0157
SKU_1212,High Revenue + Low Volatility,72531.84,0.0671,2.0,1.5,180,50.2630156044474,360.0,18094.69,270.0,13571.01,0.0224
SKU_1213,High Revenue + Low Volatility,115538.24,0.1647,2.0,1.5,177,36.4361749824997,354.0,12898.41,266.0,9692.02,0.0128
SKU_1214,High Revenue + Low Volatility,84849.01,0.1518,2.0,1.5,272,116.09579887342946,544.0,63156.11,408.0,47367.09,0.0107
SKU_1215,High Revenue + Low Volatility,83726.06,0.1659,2.0,1.5,105,87.05708582792803,210.0,18281.99,158.0,13755.02,0.026
SKU_1216,High Revenue + Low Volatility,78792.38,0.1927,2.0,1.5,262,131.89176239504113,524.0,69111.28,393.0,51833.46,0.0243
SKU_1217,High Revenue + Low Volatility,68823.71,0.1665,2.0,1.5,209,76.00765692699107,418.0,31771.2,314.0,23866.4,0.0162
SKU_1218,High Revenue + Low Volatility,89271.07,0.1417,2.0,1.5,113,50.19343062092554,226.0,11343.72,170.0,8532.88,0.0112
SKU_1219,High Revenue + Low Volatility,67802.87,0.1786,2.0,1.5,171,130.37306309638439,342.0,44587.59,256.0,33375.5,0.0197
SKU_1220,High Revenue + Low Volatility,110128.81,0.151,2.0,1.5,288,95.8691557968086,576.0,55220.63,432.0,41415.48,0.0155
SKU_1221,High Revenue + Low Volatility,82223.82,0.1112,2.0,1.5,242,52.70349508684259,484.0,25508.49,363.0,19131.37,0.018
SKU_1222,High Revenue + Low Volatility,82488.21,0.1828,2.0,1.5,153,116.44607983037349,306.0,35632.5,230.0,26782.6,0.0155
SKU_1223,High Revenue + Low Volatility,88440.39,0.0833,2.0,1.5,126,91.33363661874006,252.0,23016.08,189.0,17262.06,0.0135
SKU_1224,High Revenue + Low Volatility,86647.66,0.1572,2.0,1.5,112,102.51755786883838,224.0,22963.93,168.0,17222.95,0.0177
SKU_1225,High Revenue + Low Volatility,119691.48,0.1822,2.0,1.5,258,85.30780058478982,516.0,44018.83,387.0,33014.12,0.0293
SKU_1226,High Revenue + Low Volatility,92722.87,0.1597,2.0,1.5,262,129.44507805816076,524.0,67829.22,393.0,50871.92,0.0153
SKU_1227,High Revenue + Low Volatility,65292.1,0.1546,2.0,1.5,159,129.54752588196598,318.0,41196.11,238.0,30832.31,0.0167
SKU_1228,High Revenue + Low Volatility,96412.64,0.1629,2.0,1.5,105,115.12665861892634,210.0,24176.6,158.0,18190.01,0.0166
SKU_1229,High Revenue + Low Volatility,69095.06,0.1198,2.0,1.5,296,42.64816528757547,592.0,25247.71,444.0,18935.79,0.0196
SKU_1230,High Revenue + Low Volatility,61856.26,0.1811,2.0,1.5,157,130.66246342848825,314.0,41028.01,236.0,30836.34,0.0269
SKU_1231,High Revenue + Low Volatility,118244.53,0.0805,2.0,1.5,148,110.52155766394918,296.0,32714.38,222.0,24535.79,0.018
SKU_1232,High Revenue + Low Volatility,106412.33,0.0691,2.0,1.5,250,113.64289992051594,500.0,56821.45,375.0,42616.09,0.0261
SKU_1233,High Revenue + Low Volatility,118806.54,0.0928,2.0,1.5,261,73.5579408484646,522.0,38397.25,392.0,28834.71,0.0123
SKU_1234,High Revenue + Low Volatility,88672.71,0.1297,2.0,1.5,125,135.5135467388408,250.0,33878.39,188.0,25476.55,0.0279
SKU_1235,High Revenue + Low Volatility,91935.45,0.1266,2.0,1.5,146,117.04459202818289,292.0,34177.02,219.0,25632.77,0.0137
SKU_1236,High Revenue + Low Volatility,70100.22,0.1731,2.0,1.5,104,43.51085598350333,208.0,9050.26,156.0,6787.69,0.0108
SKU_1237,High Revenue + Low Volatility,74814.45,0.1107,2.0,1.5,119,78.93336412873953,238.0,18786.14,178.0,14050.14,0.0132
SKU_1238,High Revenue + Low Volatility,110312.95,0.1227,2.0,1.5,233,136.365643435217,466.0,63546.39,350.0,47727.98,0.0138
SKU_1239,High Revenue + Low Volatility,81371.14,0.052,2.0,1.5,297,35.66360420368548,594.0,21184.18,446.0,15905.97,0.0202
SKU_1240,High Revenue + Low Volatility,109608.9,0.1115,2.0,1.5,158,145.36999435704593,316.0,45936.92,237.0,34452.69,0.019
SKU_1241,High Revenue + Low Volatility,102540.82,0.1472,2.0,1.5,291,111.49950819834754,582.0,64892.71,436.0,48613.79,0.0243
SKU_1242,High Revenue + Low Volatility,70630.26,0.0523,2.0,1.5,245,105.7651173172052,490.0,51824.91,368.0,38921.56,0.011
SKU_1243,High Revenue + Low Volatility,90446.78,0.0921,2.0,1.5,231,62.46711077855897,462.0,28859.81,346.0,21613.62,0.02
SKU_1244,High Revenue + Low Volatility,100643.24,0.0812,2.0,1.5,116,59.85501464870125,232.0,13886.36,174.0,10414.77,0.0166
SKU_1245,High Revenue + Low Volatility,74102.23,0.0563,2.0,1.5,113,143.04698633863146,226.0,32328.62,170.0,24317.99,0.0226
SKU_1246,High Revenue + Low Volatility,109841.31,0.1219,2.0,1.5,112,65.79269450809473,224.0,14737.56,168.0,11053.17,0.0109
SKU_1247,High Revenue + Low Volatility,92689.66,0.0773,2.0,1.5,234,123.06063560627993,468.0,57592.38,351.0,43194.28,0.0107
SKU_1248,High Revenue + Low Volatility,69914.52,0.1615,2.0,1.5,227,77.1746157848495,454.0,35037.28,340.0,26239.37,0.0185
SKU_1249,High Revenue + Low Volatility,94979.07,0.1772,2.0,1.5,143,46.71048849416448,286.0,13359.2,214.0,9996.04,0.0262
SKU_1250,High Revenue + Low Volatility,119982.83,0.1318,2.0,1.5,218,31.285835723443075,436.0,13640.62,327.0,10230.47,0.0234
SKU_1251,High Revenue + Low Volatility,69031.29,0.1973,2.0,1.5,242,95.3108804418301,484.0,46130.47,363.0,34597.85,0.0103
SKU_1252,High Revenue + Low Volatility,109005.42,0.1176,2.0,1.5,118,147.09345822587193,236.0,34714.06,177.0,26035.54,0.0136
SKU_1253,High Revenue + Low Volatility,72438.54,0.127,2.0,1.5,162,74.29634325710454,324.0,24072.02,243.0,18054.01,0.0145
SKU_1254,High Revenue + Low Volatility,106943.3,0.1984,2.0,1.5,262,72.86308007916537,524.0,38180.25,393.0,28635.19,0.0185
SKU_1255,High Revenue + Low Volatility,104074.68,0.0847,2.0,1.5,180,71.29099414193306,360.0,25664.76,270.0,19248.57,0.0217
SKU_1256,High Revenue + Low Volatility,78029.36,0.1914,2.0,1.5,262,92.46526047658301,524.0,48451.8,393.0,36338.85,0.0143
SKU_1257,High Revenue + Low Volatility,79549.39,0.0564,2.0,1.5,246,82.87978601091523,492.0,40776.85,369.0,30582.64,0.0177
SKU_1258,High Revenue + Low Volatility,107551.28,0.117,2.0,1.5,247,135.58975520724175,494.0,66981.34,370.0,50168.21,0.0217
SKU_1259,High Revenue + Low Volatility,87686.73,0.0605,2.0,1.5,199,90.66249500681883,398.0,36083.67,298.0,27017.42,0.0177
SKU_1260,High Revenue + Low Volatility,103849.08,0.1594,2.0,1.5,262,90.93094058262825,524.0,47647.81,393.0,35735.86,0.0129
SKU_1261,Low Revenue + High Volatility,22767.43,0.5319,2.0,2.0,42,31.422850933430773,84.0,2639.52,84.0,2639.52,0.0735
SKU_1262,Low Revenue + High Volatility,39654.79,0.5531,2.0,2.0,40,51.15477440621386,80.0,4092.38,80.0,4092.38,0.0973
SKU_1263,Low Revenue + High Volatility,24999.46,0.4776,2.0,2.0,76,96.13619251124297,152.0,14612.7,152.0,14612.7,0.0954
SKU_1264,Low Revenue + High Volatility,21467.28,0.4949,2.0,2.0,20,45.57766794718834,40.0,1823.11,40.0,1823.11,0.1182
SKU_1265,Low Revenue + High Volatility,33262.92,0.4261,2.0,2.0,40,89.44785278936503,80.0,7155.83,80.0,7155.83,0.0636
SKU_1266,Low Revenue + High Volatility,31907.33,0.491,2.0,2.0,46,90.50005453455118,92.0,8326.01,92.0,8326.01,0.0665
SKU_1267,Low Revenue + High Volatility,28302.91,0.69,2.0,2.0,61,48.01492194655688,122.0,5857.82,122.0,5857.82,0.0904
SKU_1268,Low Revenue + High Volatility,28443.84,0.6834,2.0,2.0,78,26.66061264405057,156.0,4159.06,156.0,4159.06,0.0916
SKU_1269,Low Revenue + High Volatility,35701.28,0.5005,2.0,2.0,25,77.96463273270547,50.0,3898.23,50.0,3898.23,0.0624
SKU_1270,Low Revenue + High Volatility,23914.25,0.5713,2.0,2.0,74,44.92098392111888,148.0,6648.31,148.0,6648.31,0.1096
SKU_1271,Low Revenue + High Volatility,36405.07,0.6729,2.0,2.0,63,82.63388914060579,126.0,10411.87,126.0,10411.87,0.0897
SKU_1272,Low Revenue + High Volatility,32974.94,0.4019,2.0,2.0,55,55.41238786083465,110.0,6095.36,110.0,6095.36,0.0808
SKU_1273,Low Revenue + High Volatility,28379.4,0.6432,2.0,2.0,47,58.82133938740972,94.0,5529.21,94.0,5529.21,0.0791
SKU_1274,Low Revenue + High Volatility,29160.57,0.6845,2.0,2.0,64,82.23275253988294,128.0,10525.79,128.0,10525.79,0.1117
SKU_1275,Low Revenue + High Volatility,25132.94,0.4274,2.0,2.0,36,50.58906648493023,72.0,3642.41,72.0,3642.41,0.0718
SKU_1276,Low Revenue + High Volatility,35042.29,0.4484,2.0,2.0,78,55.450187625833166,156.0,8650.23,156.0,8650.23,0.0696
SKU_1277,Low Revenue + High Volatility,30257.49,0.6882,2.0,2.0,59,50.09523750156977,118.0,5911.24,118.0,5911.24,0.0728
SKU_1278,Low Revenue + High Volatility,26417.09,0.5613,2.0,2.0,77,49.387241222182396,154.0,7605.64,154.0,7605.64,0.0975
SKU_1279,Low Revenue + High Volatility,31921.0,0.4043,2.0,2.0,71,62.07572615211675,142.0,8814.75,142.0,8814.75,0.1087
SKU_1280,Low Revenue + High Volatility,39914.69,0.4773,2.0,2.0,22,84.70395556009206,44.0,3726.97,44.0,3726.97,0.0799
SKU_1281,Low Revenue + High Volatility,28705.25,0.535,2.0,2.0,31,48.941464953805266,62.0,3034.37,62.0,3034.37,0.0704
SKU_1282,Low Revenue + High Volatility,38413.83,0.6079,2.0,2.0,58,61.940377643018934,116.0,7185.08,116.0,7185.08,0.0726
SKU_1283,Low Revenue + High Volatility,26900.34,0.6199,2.0,2.0,31,73.65818603540806,62.0,4566.81,62.0,4566.81,0.0972
SKU_1284,Low Revenue + High Volatility,21094.65,0.6986,2.0,2.0,21,41.5551557042924,42.0,1745.32,42.0,1745.32,0.0748
SKU_1285,Low Revenue + High Volatility,24084.84,0.4863,2.0,2.0,75,42.201824392191405,150.0,6330.27,150.0,6330.27,0.1126
SKU_1286,Low Revenue + High Volatility,28373.9,0.5615,2.0,2.0,65,94.67305016187639,130.0,12307.5,130.0,12307.5,0.0662
SKU_1287,Low Revenue + High Volatility,24392.7,0.56,2.0,2.0,41,77.88276586648709,82.0,6386.39,82.0,6386.39,0.0619
SKU_1288,Low Revenue + High Volatility,20004.54,0.5217,2.0,2.0,42,66.1749340978647,84.0,5558.69,84.0,5558.69,0.0653
SKU_1289,Low Revenue + High Volatility,38300.03,0.4507,2.0,2.0,49,71.81760435364896,98.0,7038.13,98.0,7038.13,0.1107
SKU_1290,Low Revenue + High Volatility,36877.59,0.6932,2.0,2.0,24,22.34395544827347,48.0,1072.51,48.0,1072.51,0.0991
SKU_1291,Low Revenue + High Volatility,34845.84,0.656,2.0,2.0,28,69.44823724493574,56.0,3889.1,56.0,3889.1,0.1175
SKU_1292,Low Revenue + High Volatility,23356.29,0.5495,2.0,2.0,40,60.76070985793615,80.0,4860.86,80.0,4860.86,0.0802
SKU_1293,Low Revenue + High Volatility,22407.27,0.581,2.0,2.0,30,63.659974382354854,60.0,3819.6,60.0,3819.6,0.0728
SKU_1294,Low Revenue + High Volatility,21352.09,0.4682,2.0,2.0,24,48.75390614646537,48.0,2340.19,48.0,2340.19,0.0937
SKU_1295,Low Revenue + High Volatility,34480.58,0.5631,2.0,2.0,54,26.51791181703535,108.0,2863.93,108.0,2863.93,0.0923
SKU_1296,Low Revenue + High Volatility,38576.16,0.6085,2.0,2.0,46,35.46713868896418,92.0,3262.98,92.0,3262.98,0.0955
SKU_1297,Low Revenue + High Volatility,28610.72,0.5546,2.0,2.0,68,96.05957705701374,136.0,13064.1,136.0,13064.1,0.0809
SKU_1298,Low Revenue + High Volatility,22382.81,0.6971,2.0,2.0,21,52.69596498167472,42.0,2213.23,42.0,2213.23,0.0604
SKU_1299,Low Revenue + High Volatility,30247.86,0.5834,2.0,2.0,43,57.33465246646914,86.0,4930.78,86.0,4930.78,0.0621
SKU_1300,Low Revenue + High Volatility,26976.64,0.5113,2.0,2.0,50,24.21678318827512,100.0,2421.68,100.0,2421.68,0.0998
SKU_1301,Low Revenue + High Volatility,27496.5,0.6316,2.0,2.0,52,23.00529836351845,104.0,2392.55,104.0,2392.55,0.0914
SKU_1302,Low Revenue + High Volatility,32426.61,0.4511,2.0,2.0,58,77.37451576374062,116.0,8975.44,116.0,8975.44,0.1093
SKU_1303,Low Revenue + High Volatility,34374.36,0.5154,2.0,2.0,49,63.0475731296889,98.0,6178.66,98.0,6178.66,0.078
SKU_1304,Low Revenue + High Volatility,22212.07,0.5041,2.0,2.0,65,60.696478737301334,130.0,7890.54,130.0,7890.54,0.1089
SKU_1305,Low Revenue + High Volatility,20711.8,0.5295,2.0,2.0,56,39.449962433813496,112.0,4418.4,112.0,4418.4,0.0855
SKU_1306,Low Revenue + High Volatility,39886.61,0.6345,2.0,2.0,70,79.58005853039379,140.0,11141.21,140.0,11141.21,0.0658
SKU_1307,Low Revenue + High Volatility,24654.57,0.5453,2.0,2.0,47,33.458926328679354,94.0,3145.14,94.0,3145.14,0.1187
SKU_1308,Low Revenue + High Volatility,21076.61,0.6382,2.0,2.0,79,35.1947794928816,158.0,5560.78,158.0,5560.78,0.0907
SKU_1309,Low Revenue + High Volatility,23797.51,0.5729,2.0,2.0,50,56.85697370786204,100.0,5685.7,100.0,5685.7,0.0978
SKU_1310,Low Revenue + High Volatility,20779.16,0.5026,2.0,2.0,30,42.90238896895527,60.0,2574.14,60.0,2574.14,0.1002
SKU_1311,Low Revenue + High Volatility,27836.22,0.643,2.0,2.0,42,39.79703849865171,84.0,3342.95,84.0,3342.95,0.0817
SKU_1312,Low Revenue + High Volatility,36048.04,0.4715,2.0,2.0,76,71.61901156426653,152.0,10886.09,152.0,10886.09,0.1049
SKU_1313,Low Revenue + High Volatility,26824.89,0.4673,2.0,2.0,21,72.07773961748356,42.0,3027.27,42.0,3027.27,0.1122
SKU_1314,Low Revenue + High Volatility,28883.67,0.5514,2.0,2.0,59,85.96136558399434,118.0,10143.44,118.0,10143.44,0.0832
SKU_1315,Low Revenue + High Volatility,33511.74,0.4783,2.0,2.0,60,53.41668535783807,120.0,6410.0,120.0,6410.0,0.0994
SKU_1316,Low Revenue + High Volatility,30177.88,0.4027,2.0,2.0,46,25.84680728209202,92.0,2377.91,92.0,2377.91,0.1054
SKU_1317,Low Revenue + High Volatility,37228.91,0.5945,2.0,2.0,54,41.893310793716616,108.0,4524.48,108.0,4524.48,0.0714
SKU_1318,Low Revenue + High Volatility,37320.71,0.5533,2.0,2.0,21,98.40043705574536,42.0,4132.82,42.0,4132.82,0.08
SKU_1319,Low Revenue + High Volatility,20198.21,0.5337,2.0,2.0,58,67.70068601861617,116.0,7853.28,116.0,7853.28,0.0665
SKU_1320,Low Revenue + High Volatility,35560.93,0.6901,2.0,2.0,56,76.77896678408162,112.0,8599.24,112.0,8599.24,0.0961
SKU_1321,Low Revenue + High Volatility,29214.67,0.5714,2.0,2.0,40,20.58862637003316,80.0,1647.09,80.0,1647.09,0.1081
SKU_1322,Low Revenue + High Volatility,39776.81,0.659,2.0,2.0,77,61.45645857460167,154.0,9464.29,154.0,9464.29,0.0967
SKU_1323,Low Revenue + High Volatility,29664.64,0.4418,2.0,2.0,24,23.00229260254425,48.0,1104.11,48.0,1104.11,0.0708
SKU_1324,Low Revenue + High Volatility,39737.92,0.5708,2.0,2.0,71,65.53841696731584,142.0,9306.46,142.0,9306.46,0.0928
SKU_1325,Low Revenue + High Volatility,35091.39,0.6604,2.0,2.0,64,93.66166797088603,128.0,11988.69,128.0,11988.69,0.1101
SKU_1326,Low Revenue + High Volatility,24972.1,0.5749,2.0,2.0,40,97.47353044003263,80.0,7797.88,80.0,7797.88,0.0782
SKU_1327,Low Revenue + High Volatility,30767.9,0.6154,2.0,2.0,48,63.244214031113934,96.0,6071.44,96.0,6071.44,0.11
SKU_1328,Low Revenue + High Volatility,39842.71,0.5116,2.0,2.0,39,56.656384420177275,78.0,4419.2,78.0,4419.2,0.1071
SKU_1329,Low Revenue + High Volatility,37150.61,0.4277,2.0,2.0,57,95.60136753987952,114.0,10898.56,114.0,10898.56,0.0613
SKU_1330,Low Revenue + High Volatility,21947.34,0.5374,2.0,2.0,39,73.8887865597356,78.0,5763.33,78.0,5763.33,0.0744
SKU_1331,Low Revenue + High Volatility,34127.44,0.5183,2.0,2.0,69,25.191942363072755,138.0,3476.49,138.0,3476.49,0.0926
SKU_1332,Low Revenue + High Volatility,26911.59,0.6601,2.0,2.0,44,57.25804621339981,88.0,5038.71,88.0,5038.71,0.1031
SKU_1333,Low Revenue + High Volatility,20139.65,0.4732,2.0,2.0,21,39.21960147714431,42.0,1647.22,42.0,1647.22,0.1128
SKU_1334,Low Revenue + High Volatility,28069.62,0.69,2.0,2.0,76,57.58434571589453,152.0,8752.82,152.0,8752.82,0.0985
SKU_1335,Low Revenue + High Volatility,24695.09,0.6874,2.0,2.0,51,56.43724576050894,102.0,5756.6,102.0,5756.6,0.0828
SKU_1336,Low Revenue + High Volatility,36377.39,0.4743,2.0,2.0,45,66.57158422517936,90.0,5991.44,90.0,5991.44,0.0711
SKU_1337,Low Revenue + High Volatility,26746.61,0.5044,2.0,2.0,25,48.541639227940095,50.0,2427.08,50.0,2427.08,0.1056
SKU_1338,Low Revenue + High Volatility,36550.47,0.6687,2.0,2.0,60,33.141635956474246,120.0,3977.0,120.0,3977.0,0.0724
SKU_1339,Low Revenue + High Volatility,20011.96,0.69,2.0,2.0,76,60.2975547671965,152.0,9165.23,152.0,9165.23,0.1017
SKU_1340,Low Revenue + High Volatility,26156.38,0.533,2.0,2.0,22,86.41623074766096,44.0,3802.31,44.0,3802.31,0.0709
SKU_1341,Low Revenue + High Volatility,24823.3,0.4963,2.0,2.0,52,73.12097824540818,104.0,7604.58,104.0,7604.58,0.0655
SKU_1342,Low Revenue + High Volatility,24671.35,0.5578,2.0,2.0,20,47.06942927401727,40.0,1882.78,40.0,1882.78,0.0751
SKU_1343,Low Revenue + High Volatility,21363.73,0.6063,2.0,2.0,70,94.84184182070858,140.0,13277.86,140.0,13277.86,0.0771
SKU_1344,Low Revenue + High Volatility,23742.49,0.482,2.0,2.0,24,92.97660569993457,48.0,4462.88,48.0,4462.88,0.0988
SKU_1345,Low Revenue + High Volatility,31110.99,0.6209,2.0,2.0,32,36.7478719507279,64.0,2351.86,64.0,2351.86,0.0697
SKU_1346,Low Revenue + High Volatility,25827.22,0.4155,2.0,2.0,38,23.15340680962904,76.0,1759.66,76.0,1759.66,0.1158
SKU_1347,Low Revenue + High Volatility,28347.9,0.4148,2.0,2.0,31,79.30469666806098,62.0,4916.89,62.0,4916.89,0.0933
SKU_1348,Low Revenue + High Volatility,27537.34,0.5159,2.0,2.0,67,86.20882090793226,134.0,11551.98,134.0,11551.98,0.0895
SKU_1349,Low Revenue + High Volatility,37518.1,0.506,2.0,2.0,44,97.42916527610842,88.0,8573.77,88.0,8573.77,0.0861
SKU_1350,Low Revenue + High Volatility,38105.98,0.4947,2.0,2.0,76,91.18691152706486,152.0,13860.41,152.0,13860.41,0.094
SKU_1351,Low Revenue + High Volatility,29859.14,0.5473,2.0,2.0,70,68.04278145651318,140.0,9525.99,140.0,9525.99,0.0613
SKU_1352,Low Revenue + High Volatility,26603.12,0.4962,2.0,2.0,54,62.404187136990465,108.0,6739.65,108.0,6739.65,0.1194
SKU_1353,Low Revenue + High Volatility,22136.01,0.4577,2.0,2.0,31,22.2272841010069,62.0,1378.09,62.0,1378.09,0.0935
SKU_1354,Low Revenue + High Volatility,39068.06,0.4928,2.0,2.0,49,39.73251574758223,98.0,3893.79,98.0,3893.79,0.0621
SKU_1355,Low Revenue + High Volatility,21204.54,0.6925,2.0,2.0,24,56.76918013863411,48.0,2724.92,48.0,2724.92,0.0954
SKU_1356,Low Revenue + High Volatility,25953.01,0.5233,2.0,2.0,53,70.28031200668542,106.0,7449.71,106.0,7449.71,0.0862
SKU_1357,Low Revenue + High Volatility,25961.32,0.5334,2.0,2.0,41,64.58014666547285,82.0,5295.57,82.0,5295.57,0.0614
SKU_1358,Low Revenue + High Volatility,26408.03,0.573,2.0,2.0,58,79.41087917453524,116.0,9211.66,116.0,9211.66,0.1155
SKU_1359,Low Revenue + High Volatility,23285.74,0.695,2.0,2.0,32,42.38135447096327,64.0,2712.41,64.0,2712.41,0.0606
SKU_1360,Low Revenue + High Volatility,35663.23,0.4725,2.0,2.0,76,65.19620861219786,152.0,9909.82,152.0,9909.82,0.0947
SKU_1361,Low Revenue + High Volatility,22449.96,0.6044,2.0,2.0,66,27.05137947126337,132.0,3570.78,132.0,3570.78,0.1177
SKU_1362,Low Revenue + High Volatility,32698.13,0.6148,2.0,2.0,73,53.09324188665656,146.0,7751.61,146.0,7751.61,0.0743
SKU_1363,Low Revenue + High Volatility,22476.92,0.5822,2.0,2.0,22,80.01286663636807,44.0,3520.57,44.0,3520.57,0.0753
SKU_1364,Low Revenue + High Volatility,21410.71,0.4266,2.0,2.0,79,75.47206827432352,158.0,11924.59,158.0,11924.59,0.06
SKU_1365,Low Revenue + High Volatility,38188.59,0.6031,2.0,2.0,72,99.25141897377432,144.0,14292.2,144.0,14292.2,0.064
SKU_1366,Low Revenue + High Volatility,23802.58,0.4192,2.0,2.0,39,42.23129007902048,78.0,3294.04,78.0,3294.04,0.0627
SKU_1367,Low Revenue + High Volatility,36425.0,0.5788,2.0,2.0,50,59.85514393391833,100.0,5985.51,100.0,5985.51,0.1094
SKU_1368,Low Revenue + High Volatility,30892.62,0.6219,2.0,2.0,24,46.362433101919734,48.0,2225.4,48.0,2225.4,0.1102
SKU_1369,Low Revenue + High Volatility,21557.13,0.4633,2.0,2.0,43,55.24824912473398,86.0,4751.35,86.0,4751.35,0.1036
SKU_1370,Low Revenue + High Volatility,39108.96,0.6525,2.0,2.0,59,88.55601038955105,118.0,10449.61,118.0,10449.61,0.0812
SKU_1371,Low Revenue + High Volatility,24939.22,0.4091,2.0,2.0,73,74.73672601507893,146.0,10911.56,146.0,10911.56,0.1093
SKU_1372,Low Revenue + High Volatility,37192.91,0.6531,2.0,2.0,52,90.59529530780654,104.0,9421.91,104.0,9421.91,0.0924
SKU_1373,Low Revenue + High Volatility,23376.2,0.5381,2.0,2.0,27,36.280888666550915,54.0,1959.17,54.0,1959.17,0.0783
SKU_1374,Low Revenue + High Volatility,37078.86,0.4653,2.0,2.0,43,89.86888942731504,86.0,7728.72,86.0,7728.72,0.0862
SKU_1375,Low Revenue + High Volatility,20264.58,0.4401,2.0,2.0,69,24.780981934270756,138.0,3419.78,138.0,3419.78,0.0639
SKU_1376,Low Revenue + High Volatility,30235.61,0.686,2.0,2.0,39,91.08794243497219,78.0,7104.86,78.0,7104.86,0.1167
SKU_1377,Low Revenue + High Volatility,35388.85,0.4218,2.0,2.0,79,46.325902356858236,158.0,7319.49,158.0,7319.49,0.0971
SKU_1378,Low Revenue + High Volatility,38695.91,0.4597,2.0,2.0,35,45.16701067312532,70.0,3161.69,70.0,3161.69,0.1039
SKU_1379,Low Revenue + High Volatility,38184.04,0.5043,2.0,2.0,69,60.96708613589311,138.0,8413.46,138.0,8413.46,0.1006
SKU_1380,Low Revenue + High Volatility,36392.5,0.5861,2.0,2.0,71,95.25521501785855,142.0,13526.24,142.0,13526.24,0.1001
SKU_1381,Low Revenue + High Volatility,37763.83,0.5634,2.0,2.0,31,23.82250917451243,62.0,1477.0,62.0,1477.0,0.061
SKU_1382,Low Revenue + High Volatility,23984.39,0.4377,2.0,2.0,32,48.17847800565963,64.0,3083.42,64.0,3083.42,0.0915
SKU_1383,Low Revenue + High Volatility,25683.69,0.4869,2.0,2.0,64,88.52575909466685,128.0,11331.3,128.0,11331.3,0.1093
SKU_1384,Low Revenue + High Volatility,25779.37,0.4716,2.0,2.0,61,51.68435819483734,122.0,6305.49,122.0,6305.49,0.0627
SKU_1385,Low Revenue + High Volatility,27541.08,0.4641,2.0,2.0,58,35.932551807765364,116.0,4168.18,116.0,4168.18,0.1174
SKU_1386,Low Revenue + High Volatility,27866.41,0.5233,2.0,2.0,44,53.98353450651294,88.0,4750.55,88.0,4750.55,0.0854
SKU_1387,Low Revenue + High Volatility,30891.11,0.6112,2.0,2.0,65,50.84420011933354,130.0,6609.75,130.0,6609.75,0.0774
SKU_1388,Low Revenue + High Volatility,23197.6,0.4652,2.0,2.0,51,93.23329611733628,102.0,9509.8,102.0,9509.8,0.0919
SKU_1389,Low Revenue + High Volatility,33824.93,0.51,2.0,2.0,43,80.95475005944778,86.0,6962.11,86.0,6962.11,0.1081
SKU_1390,Low Revenue + High Volatility,23351.33,0.5173,2.0,2.0,67,60.40924445952051,134.0,8094.84,134.0,8094.84,0.0885
SKU_1391,Low Revenue + High Volatility,26206.17,0.6929,2.0,2.0,66,99.06964533772569,132.0,13077.19,132.0,13077.19,0.0987
SKU_1392,Low Revenue + High Volatility,30066.9,0.6864,2.0,2.0,63,57.22220250207386,126.0,7210.0,126.0,7210.0,0.09
SKU_1393,Low Revenue + High Volatility,35928.81,0.64,2.0,2.0,28,24.65902646562202,56.0,1380.91,56.0,1380.91,0.0979
SKU_1394,Low Revenue + High Volatility,34789.38,0.4725,2.0,2.0,59,40.98194574519879,118.0,4835.87,118.0,4835.87,0.0683
SKU_1395,Low Revenue + High Volatility,32910.69,0.4204,2.0,2.0,69,54.88563841754501,138.0,7574.22,138.0,7574.22,0.0623
SKU_1396,Low Revenue + High Volatility,23115.47,0.4951,2.0,2.0,42,32.55220993168961,84.0,2734.39,84.0,2734.39,0.0682
SKU_1397,Low Revenue + High Volatility,30940.91,0.48,2.0,2.0,69,95.80521010592344,138.0,13221.12,138.0,13221.12,0.0772
SKU_1398,Low Revenue + High Volatility,21748.93,0.5518,2.0,2.0,32,81.34791182542185,64.0,5206.27,64.0,5206.27,0.0752
SKU_1399,Low Revenue + High Volatility,27547.26,0.6333,2.0,2.0,79,41.46297603422181,158.0,6551.15,158.0,6551.15,0.0969
SKU_1400,Low Revenue + High Volatility,28270.33,0.6575,2.0,2.0,78,67.26436268143327,156.0,10493.24,156.0,10493.24,0.0874
SKU_1401,Low Revenue + High Volatility,20796.23,0.6535,2.0,2.0,51,77.71593256876577,102.0,7927.03,102.0,7927.03,0.0623
SKU_1402,Low Revenue + High Volatility,25479.76,0.5079,2.0,2.0,69,95.30231431254384,138.0,13151.72,138.0,13151.72,0.0621
SKU_1403,Low Revenue + High Volatility,39112.99,0.6062,2.0,2.0,34,90.53082793403286,68.0,6156.1,68.0,6156.1,0.0654
SKU_1404,Low Revenue + High Volatility,39072.65,0.4939,2.0,2.0,55,61.2153780910571,110.0,6733.69,110.0,6733.69,0.0812
SKU_1405,Low Revenue + High Volatility,27046.54,0.4183,2.0,2.0,68,81.97220958344141,136.0,11148.22,136.0,11148.22,0.0604
SKU_1406,Low Revenue + High Volatility,20862.0,0.6105,2.0,2.0,24,64.9715803062068,48.0,3118.64,48.0,3118.64,0.0896
SKU_1407,Low Revenue + High Volatility,23581.9,0.4029,2.0,2.0,41,64.21631120364322,82.0,5265.74,82.0,5265.74,0.0816
SKU_1408,Low Revenue + High Volatility,27844.36,0.5228,2.0,2.0,35,29.17935666705535,70.0,2042.55,70.0,2042.55,0.0933
SKU_1409,Low Revenue + High Volatility,38955.59,0.4988,2.0,2.0,60,30.091012641292167,120.0,3610.92,120.0,3610.92,0.1032
SKU_1410,Low Revenue + High Volatility,22823.98,0.608,2.0,2.0,29,62.3626892017966,58.0,3617.04,58.0,3617.04,0.0751
SKU_1411,Low Revenue + High Volatility,35270.32,0.6299,2.0,2.0,43,41.50892359832053,86.0,3569.77,86.0,3569.77,0.0694
SKU_1412,Low Revenue + High Volatility,22173.65,0.4912,2.0,2.0,37,21.68295219683749,74.0,1604.54,74.0,1604.54,0.0767
SKU_1413,Low Revenue + High Volatility,39625.15,0.6435,2.0,2.0,68,77.82713631201699,136.0,10584.49,136.0,10584.49,0.0601
SKU_1414,Low Revenue + High Volatility,27632.33,0.4882,2.0,2.0,37,22.598927735213195,74.0,1672.32,74.0,1672.32,0.0672
SKU_1415,Low Revenue + High Volatility,35504.69,0.5339,2.0,2.0,26,67.62214728832436,52.0,3516.35,52.0,3516.35,0.105
SKU_1416,Low Revenue + High Volatility,26851.82,0.6181,2.0,2.0,23,63.13550353018515,46.0,2904.23,46.0,2904.23,0.0734
SKU_1417,Low Revenue + High Volatility,32553.38,0.6079,2.0,2.0,45,97.50517524622435,90.0,8775.47,90.0,8775.47,0.1197
SKU_1418,Low Revenue + High Volatility,23840.32,0.6962,2.0,2.0,24,58.73705114781133,48.0,2819.38,48.0,2819.38,0.0701
SKU_1419,Low Revenue + High Volatility,22920.42,0.4675,2.0,2.0,79,25.088114910223787,158.0,3963.92,158.0,3963.92,0.1073
SKU_1420,Low Revenue + High Volatility,38761.28,0.5987,2.0,2.0,74,64.13503742451694,148.0,9491.99,148.0,9491.99,0.1023
SKU_1421,Low Revenue + High Volatility,38352.95,0.5829,2.0,2.0,35,87.28769364928812,70.0,6110.14,70.0,6110.14,0.0793
SKU_1422,Low Revenue + High Volatility,37749.38,0.6745,2.0,2.0,54,99.74794274251519,108.0,10772.78,108.0,10772.78,0.0798
SKU_1423,Low Revenue + High Volatility,32508.67,0.4469,2.0,2.0,45,54.4274538951258,90.0,4898.47,90.0,4898.47,0.0938
SKU_1424,Low Revenue + High Volatility,36165.36,0.6255,2.0,2.0,37,45.6238993997394,74.0,3376.17,74.0,3376.17,0.1111
SKU_1425,Low Revenue + High Volatility,21380.74,0.5705,2.0,2.0,48,92.53226375615992,96.0,8883.1,96.0,8883.1,0.0832
SKU_1426,Low Revenue + High Volatility,26695.78,0.4824,2.0,2.0,42,35.29937032608971,84.0,2965.15,84.0,2965.15,0.0637
SKU_1427,Low Revenue + High Volatility,26274.06,0.5423,2.0,2.0,72,69.23431320263413,144.0,9969.74,144.0,9969.74,0.0825
SKU_1428,Low Revenue + High Volatility,32712.91,0.5001,2.0,2.0,33,52.45715393447582,66.0,3462.17,66.0,3462.17,0.0724
SKU_1429,Low Revenue + High Volatility,27119.16,0.5738,2.0,2.0,34,23.286589196444424,68.0,1583.49,68.0,1583.49,0.1164
SKU_1430,Low Revenue + High Volatility,22970.14,0.6667,2.0,2.0,68,47.78307794445582,136.0,6498.5,136.0,6498.5,0.1018
SKU_1431,Low Revenue + High Volatility,31929.34,0.5708,2.0,2.0,52,41.218281800213965,104.0,4286.7,104.0,4286.7,0.063
SKU_1432,Low Revenue + High Volatility,36287.68,0.5895,2.0,2.0,44,74.88729231547894,88.0,6590.08,88.0,6590.08,0.0776
SKU_1433,Low Revenue + High Volatility,27642.47,0.5556,2.0,2.0,40,95.90323981535346,80.0,7672.26,80.0,7672.26,0.063
SKU_1434,Low Revenue + High Volatility,22645.37,0.4153,2.0,2.0,36,41.44377499029102,72.0,2983.95,72.0,2983.95,0.1098
SKU_1435,Low Revenue + High Volatility,23933.76,0.4699,2.0,2.0,42,84.91727513213453,84.0,7133.05,84.0,7133.05,0.1144
SKU_1436,Low Revenue + High Volatility,24749.67,0.5476,2.0,2.0,76,24.428785355072762,152.0,3713.18,152.0,3713.18,0.0667
SKU_1437,Low Revenue + High Volatility,25997.95,0.4931,2.0,2.0,62,63.049680803185055,124.0,7818.16,124.0,7818.16,0.0864
SKU_1438,Low Revenue + High Volatility,32855.9,0.4545,2.0,2.0,36,25.644005096791567,72.0,1846.37,72.0,1846.37,0.1159
SKU_1439,Low Revenue + High Volatility,32018.91,0.5512,2.0,2.0,77,94.72263929045114,154.0,14587.29,154.0,14587.29,0.0687
SKU_1440,Low Revenue + High Volatility,33921.6,0.4968,2.0,2.0,33,81.30810244459121,66.0,5366.33,66.0,5366.33,0.0775
SKU_1441,Low Revenue + High Volatility,27250.04,0.4774,2.0,2.0,48,72.63599289636738,96.0,6973.06,96.0,6973.06,0.0783
SKU_1442,Low Revenue + High Volatility,36479.95,0.5392,2.0,2.0,39,85.91171052997313,78.0,6701.11,78.0,6701.11,0.0618
SKU_1443,Low Revenue + High Volatility,24081.75,0.44,2.0,2.0,49,71.80158364561305,98.0,7036.56,98.0,7036.56,0.0622
SKU_1444,Low Revenue + High Volatility,29380.81,0.6783,2.0,2.0,38,97.51555177394329,76.0,7411.18,76.0,7411.18,0.1172
SKU_1445,Low Revenue + High Volatility,36018.77,0.6603,2.0,2.0,72,77.11663582918172,144.0,11104.8,144.0,11104.8,0.0943
SKU_1446,Low Revenue + High Volatility,23603.17,0.6123,2.0,2.0,58,93.97268876657974,116.0,10900.83,116.0,10900.83,0.0784
SKU_1447,Low Revenue + High Volatility,22197.26,0.4319,2.0,2.0,75,61.37055136085104,150.0,9205.58,150.0,9205.58,0.0827
SKU_1448,Low Revenue + High Volatility,37673.68,0.6328,2.0,2.0,32,29.36515303854901,64.0,1879.37,64.0,1879.37,0.1029
SKU_1449,Low Revenue + High Volatility,26858.59,0.6424,2.0,2.0,37,62.25421771384137,74.0,4606.81,74.0,4606.81,0.082
SKU_1450,Low Revenue + High Volatility,33677.4,0.6303,2.0,2.0,42,30.149826245047464,84.0,2532.59,84.0,2532.59,0.0737
SKU_1451,Low Revenue + High Volatility,20506.97,0.4342,2.0,2.0,65,67.3994783341124,130.0,8761.93,130.0,8761.93,0.0661
SKU_1452,Low Revenue + High Volatility,33800.94,0.5932,2.0,2.0,52,58.59944484221303,104.0,6094.34,104.0,6094.34,0.1037
SKU_1453,Low Revenue + High Volatility,26322.03,0.6503,2.0,2.0,58,69.80603182662253,116.0,8097.5,116.0,8097.5,0.0708
SKU_1454,Low Revenue + High Volatility,21114.82,0.5732,2.0,2.0,59,20.803758484386528,118.0,2454.84,118.0,2454.84,0.0642
SKU_1455,Low Revenue + High Volatility,32196.26,0.5939,2.0,2.0,37,35.58723933242913,74.0,2633.46,74.0,2633.46,0.0856
SKU_1456,Low Revenue + High Volatility,24816.08,0.5375,2.0,2.0,28,59.30643455297047,56.0,3321.16,56.0,3321.16,0.0624
SKU_1457,Low Revenue + High Volatility,27736.14,0.5586,2.0,2.0,52,96.04028492713078,104.0,9988.19,104.0,9988.19,0.1179
SKU_1458,Low Revenue + High Volatility,21611.62,0.4103,2.0,2.0,51,50.68872322841267,102.0,5170.25,102.0,5170.25,0.0976
SKU_1459,Low Revenue + High Volatility,22943.27,0.5917,2.0,2.0,73,53.949762084290775,146.0,7876.67,146.0,7876.67,0.0692
SKU_1460,Low Revenue + High Volatility,25959.54,0.4244,2.0,2.0,36,77.17568712052977,72.0,5556.65,72.0,5556.65,0.0703
SKU_1461,Low Revenue + High Volatility,21795.19,0.5305,2.0,2.0,38,68.30342058288944,76.0,5191.06,76.0,5191.06,0.0942
SKU_1462,Low Revenue + High Volatility,38216.53,0.4878,2.0,2.0,46,43.91409200786666,92.0,4040.1,92.0,4040.1,0.0814
SKU_1463,Low Revenue + High Volatility,20120.94,0.5636,2.0,2.0,25,52.86531164539422,50.0,2643.27,50.0,2643.27,0.1065
SKU_1464,Low Revenue + High Volatility,29677.2,0.44,2.0,2.0,54,37.415983908578596,108.0,4040.93,108.0,4040.93,0.0927
SKU_1465,Low Revenue + High Volatility,22464.95,0.6075,2.0,2.0,75,97.28171673041669,150.0,14592.26,150.0,14592.26,0.086
SKU_1466,Low Revenue + High Volatility,26153.58,0.6385,2.0,2.0,56,30.450750524588777,112.0,3410.48,112.0,3410.48,0.1178
SKU_1467,Low Revenue + High Volatility,38521.19,0.449,2.0,2.0,53,49.746942765313555,106.0,5273.18,106.0,5273.18,0.0834
SKU_1468,Low Revenue + High Volatility,23233.89,0.4313,2.0,2.0,39,22.067117777600895,78.0,1721.24,78.0,1721.24,0.084
SKU_1469,Low Revenue + High Volatility,39316.65,0.4437,2.0,2.0,44,37.742359354683714,88.0,3321.33,88.0,3321.33,0.0999
SKU_1470,Low Revenue + High Volatility,24115.89,0.6631,2.0,2.0,23,82.4376910704124,46.0,3792.13,46.0,3792.13,0.1086
SKU_1471,Low Revenue + High Volatility,34831.32,0.5585,2.0,2.0,29,36.094018583110355,58.0,2093.45,58.0,2093.45,0.0976
SKU_1472,Low Revenue + High Volatility,30933.55,0.5402,2.0,2.0,29,26.40507220231725,58.0,1531.49,58.0,1531.49,0.1019
SKU_1473,Low Revenue + High Volatility,37689.57,0.432,2.0,2.0,43,57.95625438756186,86.0,4984.24,86.0,4984.24,0.0824
SKU_1474,Low Revenue + High Volatility,31079.87,0.5949,2.0,2.0,40,20.797538778761478,80.0,1663.8,80.0,1663.8,0.0888
SKU_1475,Low Revenue + High Volatility,30691.18,0.6604,2.0,2.0,30,26.781292354106654,60.0,1606.88,60.0,1606.88,0.0718
SKU_1476,Low Revenue + High Volatility,23909.16,0.6485,2.0,2.0,46,84.610069565038,92.0,7784.13,92.0,7784.13,0.1008
SKU_1477,Low Revenue + High Volatility,23324.59,0.5878,2.0,2.0,35,81.71786758876851,70.0,5720.25,70.0,5720.25,0.0733
SKU_1478,Low Revenue + High Volatility,38329.78,0.4226,2.0,2.0,45,93.21110563239168,90.0,8389.0,90.0,8389.0,0.0601
SKU_1479,Low Revenue + High Volatility,26556.76,0.4337,2.0,2.0,49,88.36123487285997,98.0,8659.4,98.0,8659.4,0.116
SKU_1480,Low Revenue + High Volatility,27441.65,0.4148,2.0,2.0,68,74.65404505918545,136.0,10152.95,136.0,10152.95,0.0784
SKU_1481,Low Revenue + High Volatility,35196.47,0.4772,2.0,2.0,35,24.186628584053025,70.0,1693.06,70.0,1693.06,0.0718
SKU_1482,Low Revenue + High Volatility,26776.47,0.4407,2.0,2.0,26,82.6278894389326,52.0,4296.65,52.0,4296.65,0.0761
SKU_1483,Low Revenue + High Volatility,39041.25,0.478,2.0,2.0,35,87.64086486724483,70.0,6134.86,70.0,6134.86,0.0798
SKU_1484,Low Revenue + High Volatility,34758.56,0.5155,2.0,2.0,54,83.92657166175636,108.0,9064.07,108.0,9064.07,0.0885
SKU_1485,Low Revenue + High Volatility,31948.58,0.6829,2.0,2.0,77,60.67832282464209,154.0,9344.46,154.0,9344.46,0.0642
SKU_1486,Low Revenue + High Volatility,37617.9,0.5831,2.0,2.0,35,38.63214709195853,70.0,2704.25,70.0,2704.25,0.0632
SKU_1487,Low Revenue + High Volatility,20992.12,0.6505,2.0,2.0,59,87.62639805509814,118.0,10339.91,118.0,10339.91,0.0776
SKU_1488,Low Revenue + High Volatility,25141.25,0.6131,2.0,2.0,31,78.17302477921108,62.0,4846.73,62.0,4846.73,0.0777
SKU_1489,Low Revenue + High Volatility,29300.73,0.4338,2.0,2.0,54,98.46089395110812,108.0,10633.78,108.0,10633.78,0.0671
SKU_1490,Low Revenue + High Volatility,24539.57,0.6208,2.0,2.0,68,32.45540782047463,136.0,4413.94,136.0,4413.94,0.0843
SKU_1491,Low Revenue + High Volatility,34878.1,0.4825,2.0,2.0,40,38.053166644164406,80.0,3044.25,80.0,3044.25,0.077
SKU_1492,Low Revenue + High Volatility,38384.16,0.5917,2.0,2.0,69,36.943851990520216,138.0,5098.25,138.0,5098.25,0.0616
SKU_1493,Low Revenue + High Volatility,28475.4,0.5023,2.0,2.0,62,83.40318140970695,124.0,10341.99,124.0,10341.99,0.1131
SKU_1494,Low Revenue + High Volatility,26842.65,0.6993,2.0,2.0,55,34.95258371600946,110.0,3844.78,110.0,3844.78,0.1132
SKU_1495,Low Revenue + High Volatility,39231.01,0.4791,2.0,2.0,67,25.332786385864487,134.0,3394.59,134.0,3394.59,0.0726
SKU_1496,Low Revenue + High Volatility,28897.05,0.4837,2.0,2.0,36,99.8848645268503,72.0,7191.71,72.0,7191.71,0.0698
SKU_1497,Low Revenue + High Volatility,29780.97,0.6792,2.0,2.0,51,21.98537691561193,102.0,2242.51,102.0,2242.51,0.0928
SKU_1498,Low Revenue + High Volatility,27033.0,0.4074,2.0,2.0,60,86.81952481270925,120.0,10418.34,120.0,10418.34,0.0978
SKU_1499,Low Revenue + High Volatility,38190.97,0.609,2.0,2.0,25,49.22934732405223,50.0,2461.47,50.0,2461.47,0.1175
SKU_1500,Low Revenue + High Volatility,31379.11,0.6176,2.0,2.0,43,87.32923678062522,86.0,7510.31,86.0,7510.31,0.0826
SKU_1501,Low Revenue + High Volatility,35243.49,0.6509,2.0,2.0,46,64.36963929689159,92.0,5922.01,92.0,5922.01,0.0971
SKU_1502,Low Revenue + High Volatility,36236.13,0.6923,2.0,2.0,39,92.13049835890881,78.0,7186.18,78.0,7186.18,0.1127
SKU_1503,Low Revenue + High Volatility,26836.98,0.6927,2.0,2.0,44,94.09543891317013,88.0,8280.4,88.0,8280.4,0.087
SKU_1504,Low Revenue + High Volatility,28673.89,0.4196,2.0,2.0,21,20.72785450246208,42.0,870.57,42.0,870.57,0.0673
SKU_1505,Low Revenue + High Volatility,36969.44,0.6466,2.0,2.0,28,26.032974079423063,56.0,1457.85,56.0,1457.85,0.0826
SKU_1506,Low Revenue + High Volatility,27265.11,0.5939,2.0,2.0,47,40.02869836566844,94.0,3762.7,94.0,3762.7,0.0682
SKU_1507,Low Revenue + High Volatility,35878.7,0.5942,2.0,2.0,72,73.54523330908013,144.0,10590.51,144.0,10590.51,0.061
SKU_1508,Low Revenue + High Volatility,38819.85,0.4385,2.0,2.0,57,91.06177572092048,114.0,10381.04,114.0,10381.04,0.1051
SKU_1509,Low Revenue + High Volatility,32464.21,0.5951,2.0,2.0,22,56.79535610351702,44.0,2499.0,44.0,2499.0,0.0743
SKU_1510,Low Revenue + High Volatility,34832.55,0.6947,2.0,2.0,39,68.55784930194123,78.0,5347.51,78.0,5347.51,0.0601
SKU_1511,Low Revenue + High Volatility,36101.95,0.6735,2.0,2.0,25,35.07998822364489,50.0,1754.0,50.0,1754.0,0.1123
SKU_1512,Low Revenue + High Volatility,36900.79,0.5317,2.0,2.0,58,84.39734671053483,116.0,9790.09,116.0,9790.09,0.0866
SKU_1513,Low Revenue + High Volatility,27901.07,0.412,2.0,2.0,52,97.38624890827758,104.0,10128.17,104.0,10128.17,0.0743
SKU_1514,Low Revenue + High Volatility,21025.27,0.5087,2.0,2.0,74,41.4879146331678,148.0,6140.21,148.0,6140.21,0.0758
SKU_1515,Low Revenue + High Volatility,28037.53,0.6479,2.0,2.0,20,59.58607612804371,40.0,2383.44,40.0,2383.44,0.0744
SKU_1516,Low Revenue + High Volatility,33475.12,0.6104,2.0,2.0,56,26.889288840509906,112.0,3011.6,112.0,3011.6,0.0717
SKU_1517,Low Revenue + High Volatility,29007.01,0.5378,2.0,2.0,25,64.73093251703747,50.0,3236.55,50.0,3236.55,0.1105
SKU_1518,Low Revenue + High Volatility,34979.26,0.4165,2.0,2.0,64,60.222675347734445,128.0,7708.5,128.0,7708.5,0.0702
SKU_1519,Low Revenue + High Volatility,27139.65,0.5281,2.0,2.0,53,31.554918732406207,106.0,3344.82,106.0,3344.82,0.0937
SKU_1520,Low Revenue + High Volatility,32694.88,0.5407,2.0,2.0,66,55.365297049446,132.0,7308.22,132.0,7308.22,0.0646
SKU_1521,Low Revenue + High Volatility,23728.4,0.6786,2.0,2.0,34,46.72837216692506,68.0,3177.53,68.0,3177.53,0.117
SKU_1522,Low Revenue + High Volatility,34987.39,0.5923,2.0,2.0,64,61.746470024415146,128.0,7903.55,128.0,7903.55,0.0962
SKU_1523,Low Revenue + High Volatility,30913.92,0.4935,2.0,2.0,45,66.85234683430394,90.0,6016.71,90.0,6016.71,0.1142
SKU_1524,Low Revenue + High Volatility,24081.29,0.5576,2.0,2.0,76,20.679646288576762,152.0,3143.31,152.0,3143.31,0.0839
SKU_1525,Low Revenue + High Volatility,25838.22,0.4198,2.0,2.0,33,80.88047863596444,66.0,5338.11,66.0,5338.11,0.1086
SKU_1526,Low Revenue + High Volatility,34972.17,0.6918,2.0,2.0,77,77.04114334893927,154.0,11864.34,154.0,11864.34,0.1112
SKU_1527,Low Revenue + High Volatility,29652.02,0.508,2.0,2.0,73,49.30291089652178,146.0,7198.22,146.0,7198.22,0.1022
SKU_1528,Low Revenue + High Volatility,24320.63,0.5434,2.0,2.0,26,24.23487484550546,52.0,1260.21,52.0,1260.21,0.0656
SKU_1529,Low Revenue + High Volatility,39345.42,0.5066,2.0,2.0,65,80.39460318280403,130.0,10451.3,130.0,10451.3,0.061
SKU_1530,Low Revenue + High Volatility,34302.5,0.6048,2.0,2.0,77,96.4140128382506,154.0,14847.76,154.0,14847.76,0.0701
SKU_1531,Low Revenue + High Volatility,39142.7,0.5987,2.0,2.0,50,39.21212768176113,100.0,3921.21,100.0,3921.21,0.0671
SKU_1532,Low Revenue + High Volatility,28542.1,0.6146,2.0,2.0,43,45.88196909896303,86.0,3945.85,86.0,3945.85,0.1035
SKU_1533,Low Revenue + High Volatility,29502.01,0.4804,2.0,2.0,78,34.7050311585452,156.0,5413.98,156.0,5413.98,0.0934
SKU_1534,Low Revenue + High Volatility,37959.1,0.4947,2.0,2.0,50,66.15488986758717,100.0,6615.49,100.0,6615.49,0.0916
SKU_1535,Low Revenue + High Volatility,30500.99,0.4376,2.0,2.0,48,32.387311571796396,96.0,3109.18,96.0,3109.18,0.0752
SKU_1536,Low Revenue + High Volatility,34145.58,0.5967,2.0,2.0,61,48.495515476910356,122.0,5916.45,122.0,5916.45,0.0693
SKU_1537,Low Revenue + High Volatility,25043.46,0.4119,2.0,2.0,51,75.76104111474103,102.0,7727.63,102.0,7727.63,0.0724
SKU_1538,Low Revenue + High Volatility,28934.53,0.5793,2.0,2.0,36,64.80927864074786,72.0,4666.27,72.0,4666.27,0.084
SKU_1539,Low Revenue + High Volatility,22469.0,0.6609,2.0,2.0,33,50.91700514623482,66.0,3360.52,66.0,3360.52,0.1044
SKU_1540,Low Revenue + High Volatility,24119.6,0.6672,2.0,2.0,59,53.61996814460335,118.0,6327.16,118.0,6327.16,0.0753
SKU_1541,Low Revenue + High Volatility,20018.87,0.5347,2.0,2.0,55,64.96887060985836,110.0,7146.58,110.0,7146.58,0.1019
SKU_1542,Low Revenue + High Volatility,20785.3,0.5378,2.0,2.0,77,20.469178230972904,154.0,3152.25,154.0,3152.25,0.0895
SKU_1543,Low Revenue + High Volatility,39545.68,0.4231,2.0,2.0,67,26.28078947628879,134.0,3521.63,134.0,3521.63,0.1131
SKU_1544,Low Revenue + High Volatility,24847.07,0.6012,2.0,2.0,43,90.50064542104093,86.0,7783.06,86.0,7783.06,0.074
SKU_1545,Low Revenue + High Volatility,33266.21,0.6464,2.0,2.0,64,26.23031912730326,128.0,3357.48,128.0,3357.48,0.0871
SKU_1546,Low Revenue + High Volatility,36781.99,0.4734,2.0,2.0,73,76.54428769684041,146.0,11175.47,146.0,11175.47,0.0658
SKU_1547,Low Revenue + High Volatility,31013.21,0.5264,2.0,2.0,46,93.60305312872421,92.0,8611.48,92.0,8611.48,0.0801
SKU_1548,Low Revenue + High Volatility,23062.89,0.6517,2.0,2.0,44,41.65468834413849,88.0,3665.61,88.0,3665.61,0.0904
SKU_1549,Low Revenue + High Volatility,34562.33,0.6631,2.0,2.0,78,49.63931496476114,156.0,7743.73,156.0,7743.73,0.104
SKU_1550,Low Revenue + High Volatility,32005.03,0.473,2.0,2.0,51,65.5137124675773,102.0,6682.4,102.0,6682.4,0.0719
SKU_1551,Low Revenue + High Volatility,34625.01,0.5652,2.0,2.0,71,90.53671757108677,142.0,12856.21,142.0,12856.21,0.0731
SKU_1552,Low Revenue + High Volatility,35394.93,0.4577,2.0,2.0,37,95.35244698083362,74.0,7056.08,74.0,7056.08,0.0979
SKU_1553,Low Revenue + High Volatility,39508.21,0.4306,2.0,2.0,65,79.16505984890145,130.0,10291.46,130.0,10291.46,0.0829
SKU_1554,Low Revenue + High Volatility,31471.27,0.6733,2.0,2.0,37,26.929580868375524,74.0,1992.79,74.0,1992.79,0.0889
SKU_1555,Low Revenue + High Volatility,26832.82,0.6462,2.0,2.0,56,73.53233244278806,112.0,8235.62,112.0,8235.62,0.1102
SKU_1556,Low Revenue + High Volatility,32969.29,0.628,2.0,2.0,45,52.82429774981296,90.0,4754.19,90.0,4754.19,0.0899
SKU_1557,Low Revenue + High Volatility,21368.81,0.4146,2.0,2.0,28,57.656079959284924,56.0,3228.74,56.0,3228.74,0.0991
SKU_1558,Low Revenue + High Volatility,37947.95,0.6531,2.0,2.0,79,23.931871227614163,158.0,3781.24,158.0,3781.24,0.0994
SKU_1559,Low Revenue + High Volatility,22387.62,0.5314,2.0,2.0,54,35.28497114770865,108.0,3810.78,108.0,3810.78,0.1082
SKU_1560,Low Revenue + High Volatility,26556.86,0.5027,2.0,2.0,27,83.24108860269182,54.0,4495.02,54.0,4495.02,0.0983
SKU_1561,Low Revenue + High Volatility,36314.91,0.5639,2.0,2.0,39,56.31670664382878,78.0,4392.7,78.0,4392.7,0.0639
SKU_1562,Low Revenue + High Volatility,31946.25,0.4274,2.0,2.0,73,44.13297933049191,146.0,6443.41,146.0,6443.41,0.0805
SKU_1563,Low Revenue + High Volatility,27872.71,0.627,2.0,2.0,61,50.72152591719665,122.0,6188.03,122.0,6188.03,0.1194
SKU_1564,Low Revenue + High Volatility,29468.71,0.5747,2.0,2.0,41,88.35196106605441,82.0,7244.86,82.0,7244.86,0.0718
SKU_1565,Low Revenue + High Volatility,37090.95,0.456,2.0,2.0,38,79.91992139239656,76.0,6073.91,76.0,6073.91,0.0952
SKU_1566,Low Revenue + High Volatility,26800.09,0.4565,2.0,2.0,49,41.78523177448662,98.0,4094.95,98.0,4094.95,0.1106
SKU_1567,Low Revenue + High Volatility,37392.99,0.4553,2.0,2.0,72,29.400147216989865,144.0,4233.62,144.0,4233.62,0.0952
SKU_1568,Low Revenue + High Volatility,21762.69,0.4171,2.0,2.0,47,40.15985773152573,94.0,3775.03,94.0,3775.03,0.0823
SKU_1569,Low Revenue + High Volatility,35535.97,0.5763,2.0,2.0,54,93.6605160843787,108.0,10115.34,108.0,10115.34,0.0648
SKU_1570,Low Revenue + High Volatility,36950.95,0.6521,2.0,2.0,62,66.52710702798043,124.0,8249.36,124.0,8249.36,0.0817
SKU_1571,Low Revenue + High Volatility,23636.35,0.4052,2.0,2.0,30,62.67841669958263,60.0,3760.71,60.0,3760.71,0.0709
SKU_1572,Low Revenue + High Volatility,28606.93,0.4147,2.0,2.0,50,67.71148797539692,100.0,6771.15,100.0,6771.15,0.1177
SKU_1573,Low Revenue + High Volatility,23310.0,0.5718,2.0,2.0,68,49.282261259721224,136.0,6702.39,136.0,6702.39,0.1029
SKU_1574,Low Revenue + High Volatility,34132.08,0.6458,2.0,2.0,67,84.56856162556102,134.0,11332.19,134.0,11332.19,0.105
SKU_1575,Low Revenue + High Volatility,30706.96,0.498,2.0,2.0,58,61.862899944019986,116.0,7176.1,116.0,7176.1,0.0862
SKU_1576,Low Revenue + High Volatility,32706.47,0.5049,2.0,2.0,55,29.33983222150364,110.0,3227.38,110.0,3227.38,0.0666
SKU_1577,Low Revenue + High Volatility,23929.74,0.5789,2.0,2.0,49,30.325209986325035,98.0,2971.87,98.0,2971.87,0.076
SKU_1578,Low Revenue + High Volatility,24234.92,0.4823,2.0,2.0,42,62.948731720209466,84.0,5287.69,84.0,5287.69,0.0756
SKU_1579,Low Revenue + High Volatility,20829.95,0.408,2.0,2.0,38,94.92561744566713,76.0,7214.35,76.0,7214.35,0.0892
SKU_1580,Low Revenue + High Volatility,26441.35,0.6206,2.0,2.0,31,44.6681697340959,62.0,2769.43,62.0,2769.43,0.0877
SKU_1581,Low Revenue + High Volatility,31194.89,0.5877,2.0,2.0,34,89.56329350873746,68.0,6090.3,68.0,6090.3,0.086
SKU_1582,Low Revenue + High Volatility,37158.7,0.5742,2.0,2.0,50,81.12764692631035,100.0,8112.76,100.0,8112.76,0.0898
SKU_1583,Low Revenue + High Volatility,33338.55,0.6225,2.0,2.0,62,39.82499543255255,124.0,4938.3,124.0,4938.3,0.1192
SKU_1584,Low Revenue + High Volatility,28707.93,0.6026,2.0,2.0,56,22.907259865299395,112.0,2565.61,112.0,2565.61,0.0779
SKU_1585,Low Revenue + High Volatility,39062.4,0.4618,2.0,2.0,56,28.14778121139062,112.0,3152.55,112.0,3152.55,0.0969
SKU_1586,Low Revenue + High Volatility,34384.9,0.5057,2.0,2.0,34,78.27951470779522,68.0,5323.01,68.0,5323.01,0.0744
SKU_1587,Low Revenue + High Volatility,38603.3,0.4378,2.0,2.0,48,35.97357904325173,96.0,3453.46,96.0,3453.46,0.088
SKU_1588,Low Revenue + High Volatility,30551.76,0.439,2.0,2.0,69,49.7016736404315,138.0,6858.83,138.0,6858.83,0.072
SKU_1589,Low Revenue + High Volatility,25178.09,0.6029,2.0,2.0,62,60.13593328051399,124.0,7456.86,124.0,7456.86,0.0935
SKU_1590,Low Revenue + High Volatility,21056.53,0.6576,2.0,2.0,45,78.03745347601303,90.0,7023.37,90.0,7023.37,0.0759
SKU_1591,Low Revenue + High Volatility,34521.7,0.6888,2.0,2.0,63,29.05849786073003,126.0,3661.37,126.0,3661.37,0.0622
SKU_1592,Low Revenue + High Volatility,22426.06,0.5885,2.0,2.0,21,52.50931242219692,42.0,2205.39,42.0,2205.39,0.1089
SKU_1593,Low Revenue + High Volatility,26055.5,0.4552,2.0,2.0,39,58.805832731415634,78.0,4586.85,78.0,4586.85,0.0677
SKU_1594,Low Revenue + High Volatility,30649.42,0.4317,2.0,2.0,34,63.266165117723176,68.0,4302.1,68.0,4302.1,0.0821
SKU_1595,Low Revenue + High Volatility,31288.33,0.6439,2.0,2.0,71,85.46885131161733,142.0,12136.58,142.0,12136.58,0.0886
SKU_1596,Low Revenue + High Volatility,32011.66,0.5736,2.0,2.0,23,33.734255603457356,46.0,1551.78,46.0,1551.78,0.0859
SKU_1597,Low Revenue + High Volatility,23325.11,0.5855,2.0,2.0,41,84.62651614612979,82.0,6939.37,82.0,6939.37,0.1035
SKU_1598,Low Revenue + High Volatility,27594.75,0.6344,2.0,2.0,69,75.43027421573217,138.0,10409.38,138.0,10409.38,0.0958
SKU_1599,Low Revenue + High Volatility,32343.88,0.611,2.0,2.0,57,64.46966513591676,114.0,7349.54,114.0,7349.54,0.0777
SKU_1600,Low Revenue + High Volatility,39396.38,0.6503,2.0,2.0,42,75.96222963220575,84.0,6380.83,84.0,6380.83,0.0631
SKU_1601,Low Revenue + High Volatility,34552.62,0.4169,2.0,2.0,78,52.96141911613251,156.0,8261.98,156.0,8261.98,0.1061
SKU_1602,Low Revenue + High Volatility,38452.08,0.6243,2.0,2.0,45,31.071806877449966,90.0,2796.46,90.0,2796.46,0.0812
SKU_1603,Low Revenue + High Volatility,35244.24,0.6553,2.0,2.0,70,73.26121922122938,140.0,10256.57,140.0,10256.57,0.1134
SKU_1604,Low Revenue + High Volatility,31834.34,0.4858,2.0,2.0,30,61.973784534849784,60.0,3718.43,60.0,3718.43,0.0837
SKU_1605,Low Revenue + High Volatility,23840.47,0.5921,2.0,2.0,47,71.14998404342204,94.0,6688.1,94.0,6688.1,0.1031
SKU_1606,Low Revenue + High Volatility,33333.71,0.4942,2.0,2.0,75,47.0399024822792,150.0,7055.99,150.0,7055.99,0.1164
SKU_1607,Low Revenue + High Volatility,32467.59,0.6874,2.0,2.0,21,92.54932618718686,42.0,3887.07,42.0,3887.07,0.0991
SKU_1608,Low Revenue + High Volatility,32049.38,0.41,2.0,2.0,78,66.98958948604616,156.0,10450.38,156.0,10450.38,0.0848
SKU_1609,Low Revenue + High Volatility,29795.72,0.5739,2.0,2.0,27,26.832198743269906,54.0,1448.94,54.0,1448.94,0.094
SKU_1610,Low Revenue + High Volatility,30573.13,0.45,2.0,2.0,48,55.9843192563543,96.0,5374.49,96.0,5374.49,0.0926
SKU_1611,Low Revenue + High Volatility,26688.85,0.6137,2.0,2.0,30,80.50848437949074,60.0,4830.51,60.0,4830.51,0.0951
SKU_1612,Low Revenue + High Volatility,30386.25,0.4528,2.0,2.0,56,83.5307649385818,112.0,9355.45,112.0,9355.45,0.0688
SKU_1613,Low Revenue + High Volatility,23951.12,0.4706,2.0,2.0,37,59.5677642211007,74.0,4408.01,74.0,4408.01,0.1019
SKU_1614,Low Revenue + High Volatility,36103.49,0.5483,2.0,2.0,74,91.57980566650409,148.0,13553.81,148.0,13553.81,0.0687
SKU_1615,Low Revenue + High Volatility,23715.54,0.6745,2.0,2.0,69,41.41347497554381,138.0,5715.06,138.0,5715.06,0.0609
SKU_1616,Low Revenue + High Volatility,21699.33,0.4635,2.0,2.0,33,52.847895779061325,66.0,3487.96,66.0,3487.96,0.0975
SKU_1617,Low Revenue + High Volatility,28724.92,0.4433,2.0,2.0,73,91.88775284551761,146.0,13415.61,146.0,13415.61,0.067
SKU_1618,Low Revenue + High Volatility,33166.15,0.6277,2.0,2.0,29,91.70053731772632,58.0,5318.63,58.0,5318.63,0.1062
SKU_1619,Low Revenue + High Volatility,28754.34,0.5502,2.0,2.0,54,74.85702150597447,108.0,8084.56,108.0,8084.56,0.112
SKU_1620,Low Revenue + High Volatility,25535.08,0.6735,2.0,2.0,28,88.71844376977761,56.0,4968.23,56.0,4968.23,0.1167
SKU_1621,Low Revenue + High Volatility,31163.42,0.444,2.0,2.0,54,27.101861356498613,108.0,2927.0,108.0,2927.0,0.0999
SKU_1622,Low Revenue + High Volatility,26940.05,0.5938,2.0,2.0,30,89.19959809662211,60.0,5351.98,60.0,5351.98,0.0889
SKU_1623,Low Revenue + High Volatility,38657.35,0.4699,2.0,2.0,63,45.64959252401814,126.0,5751.85,126.0,5751.85,0.0811
SKU_1624,Low Revenue + High Volatility,38452.9,0.447,2.0,2.0,31,34.266520994257306,62.0,2124.52,62.0,2124.52,0.0895
SKU_1625,Low Revenue + High Volatility,30047.44,0.605,2.0,2.0,22,39.149586907363705,44.0,1722.58,44.0,1722.58,0.0714
SKU_1626,Low Revenue + High Volatility,26557.68,0.5781,2.0,2.0,72,53.437480641110966,144.0,7695.0,144.0,7695.0,0.0809
SKU_1627,Low Revenue + High Volatility,34742.65,0.6264,2.0,2.0,58,40.095360368357376,116.0,4651.06,116.0,4651.06,0.1031
SKU_1628,Low Revenue + High Volatility,20734.26,0.4928,2.0,2.0,33,45.64540688131992,66.0,3012.6,66.0,3012.6,0.073
SKU_1629,Low Revenue + High Volatility,29495.38,0.5344,2.0,2.0,75,30.798278885731367,150.0,4619.74,150.0,4619.74,0.0758
SKU_1630,Low Revenue + High Volatility,26726.47,0.5216,2.0,2.0,47,43.69414124471988,94.0,4107.25,94.0,4107.25,0.105
SKU_1631,Low Revenue + High Volatility,38410.72,0.6952,2.0,2.0,30,65.78270516336009,60.0,3946.96,60.0,3946.96,0.0707
SKU_1632,Low Revenue + High Volatility,20240.06,0.4877,2.0,2.0,58,55.34829664728512,116.0,6420.4,116.0,6420.4,0.0748
SKU_1633,Low Revenue + High Volatility,31056.3,0.4884,2.0,2.0,44,47.737500898872895,88.0,4200.9,88.0,4200.9,0.0611
SKU_1634,Low Revenue + High Volatility,34813.27,0.5064,2.0,2.0,40,79.71617030856912,80.0,6377.29,80.0,6377.29,0.1032
SKU_1635,Low Revenue + High Volatility,29700.36,0.5694,2.0,2.0,29,91.48079771146543,58.0,5305.89,58.0,5305.89,0.0971
SKU_1636,Low Revenue + High Volatility,21708.06,0.4757,2.0,2.0,62,80.54313783219176,124.0,9987.35,124.0,9987.35,0.1017
SKU_1637,Low Revenue + High Volatility,39449.23,0.6746,2.0,2.0,34,46.56005616941434,68.0,3166.08,68.0,3166.08,0.0729
SKU_1638,Low Revenue + High Volatility,30360.21,0.4797,2.0,2.0,38,79.5553734270043,76.0,6046.21,76.0,6046.21,0.1012
SKU_1639,Low Revenue + High Volatility,32283.72,0.6687,2.0,2.0,67,32.15841459792409,134.0,4309.23,134.0,4309.23,0.0958
SKU_1640,Low Revenue + High Volatility,24732.2,0.431,2.0,2.0,41,30.42543904730327,82.0,2494.89,82.0,2494.89,0.082
SKU_1641,Low Revenue + High Volatility,29669.96,0.597,2.0,2.0,40,47.650162962892715,80.0,3812.01,80.0,3812.01,0.0863
SKU_1642,Low Revenue + High Volatility,28582.99,0.6721,2.0,2.0,79,84.61618952352455,158.0,13369.36,158.0,13369.36,0.0941
SKU_1643,Low Revenue + High Volatility,21497.92,0.4506,2.0,2.0,71,39.70785977938415,142.0,5638.52,142.0,5638.52,0.0896
SKU_1644,Low Revenue + High Volatility,22123.21,0.6905,2.0,2.0,63,25.060272711894367,126.0,3157.59,126.0,3157.59,0.0985
SKU_1645,Low Revenue + High Volatility,36749.45,0.5359,2.0,2.0,51,30.536762816508407,102.0,3114.75,102.0,3114.75,0.0709
SKU_1646,Low Revenue + High Volatility,24796.4,0.6837,2.0,2.0,69,88.69959748236641,138.0,12240.54,138.0,12240.54,0.0924
SKU_1647,Low Revenue + High Volatility,23899.17,0.603,2.0,2.0,42,70.70266277978301,84.0,5939.02,84.0,5939.02,0.087
SKU_1648,Low Revenue + High Volatility,30098.23,0.4905,2.0,2.0,32,40.25609306959814,64.0,2576.39,64.0,2576.39,0.0877
SKU_1649,Low Revenue + High Volatility,35374.94,0.4565,2.0,2.0,24,64.42366602625451,48.0,3092.34,48.0,3092.34,0.0882
SKU_1650,Low Revenue + High Volatility,21238.93,0.4911,2.0,2.0,23,62.206369794028035,46.0,2861.49,46.0,2861.49,0.1129
SKU_1651,Low Revenue + High Volatility,31536.16,0.4279,2.0,2.0,47,72.4348782752529,94.0,6808.88,94.0,6808.88,0.1091
SKU_1652,Low Revenue + High Volatility,22384.21,0.4432,2.0,2.0,33,38.6550043537293,66.0,2551.23,66.0,2551.23,0.0978
SKU_1653,Low Revenue + High Volatility,20729.22,0.4314,2.0,2.0,27,89.15223897555181,54.0,4814.22,54.0,4814.22,0.103
SKU_1654,Low Revenue + High Volatility,21054.88,0.5269,2.0,2.0,28,44.74948496640103,56.0,2505.97,56.0,2505.97,0.0626
SKU_1655,Low Revenue + High Volatility,36683.28,0.6387,2.0,2.0,76,75.53053231809895,152.0,11480.64,152.0,11480.64,0.1046
SKU_1656,Low Revenue + High Volatility,22359.45,0.4424,2.0,2.0,70,21.28997170977719,140.0,2980.6,140.0,2980.6,0.0892
SKU_1657,Low Revenue + High Volatility,20903.03,0.4391,2.0,2.0,54,49.81257039153178,108.0,5379.76,108.0,5379.76,0.0791
SKU_1658,Low Revenue + High Volatility,28758.0,0.593,2.0,2.0,56,48.13678543670466,112.0,5391.32,112.0,5391.32,0.0684
SKU_1659,Low Revenue + High Volatility,36879.87,0.4592,2.0,2.0,40,63.47875428664116,80.0,5078.3,80.0,5078.3,0.0645
SKU_1660,Low Revenue + High Volatility,25248.17,0.4293,2.0,2.0,77,25.81890094217572,154.0,3976.11,154.0,3976.11,0.0627
SKU_1661,Low Revenue + High Volatility,28434.25,0.4501,2.0,2.0,37,83.21050989808867,74.0,6157.58,74.0,6157.58,0.0697
SKU_1662,Low Revenue + High Volatility,20798.45,0.6771,2.0,2.0,52,37.422464141405484,104.0,3891.94,104.0,3891.94,0.0618
SKU_1663,Low Revenue + High Volatility,28981.57,0.6464,2.0,2.0,27,74.16302519056082,54.0,4004.8,54.0,4004.8,0.104
SKU_1664,Low Revenue + High Volatility,31552.26,0.5062,2.0,2.0,70,84.25696985952746,140.0,11795.98,140.0,11795.98,0.0749
SKU_1665,Low Revenue + High Volatility,31418.14,0.5967,2.0,2.0,68,64.95015649932105,136.0,8833.22,136.0,8833.22,0.0821
SKU_1666,Low Revenue + High Volatility,26648.53,0.5612,2.0,2.0,36,79.27065653775884,72.0,5707.49,72.0,5707.49,0.1094
SKU_1667,Low Revenue + High Volatility,26310.66,0.6031,2.0,2.0,62,72.94882497720045,124.0,9045.65,124.0,9045.65,0.0669
SKU_1668,Low Revenue + High Volatility,22132.47,0.6048,2.0,2.0,50,48.44238377216061,100.0,4844.24,100.0,4844.24,0.1101
SKU_1669,Low Revenue + High Volatility,27335.97,0.5886,2.0,2.0,53,84.70868312268523,106.0,8979.12,106.0,8979.12,0.0984
SKU_1670,Low Revenue + High Volatility,21989.89,0.4798,2.0,2.0,25,43.576109590842236,50.0,2178.81,50.0,2178.81,0.0805
SKU_1671,Low Revenue + High Volatility,35331.92,0.4117,2.0,2.0,41,65.69703342012137,82.0,5387.16,82.0,5387.16,0.0671
SKU_1672,Low Revenue + High Volatility,39325.49,0.5367,2.0,2.0,33,79.63181913132317,66.0,5255.7,66.0,5255.7,0.0655
SKU_1673,Low Revenue + High Volatility,39401.49,0.6673,2.0,2.0,22,50.316472785000606,44.0,2213.92,44.0,2213.92,0.0801
SKU_1674,Low Revenue + High Volatility,37301.42,0.5708,2.0,2.0,31,44.221408609394004,62.0,2741.73,62.0,2741.73,0.0684
SKU_1675,Low Revenue + High Volatility,32015.84,0.6497,2.0,2.0,55,56.747680813825816,110.0,6242.24,110.0,6242.24,0.0761
SKU_1676,Low Revenue + High Volatility,34017.31,0.6975,2.0,2.0,31,85.43707954793229,62.0,5297.1,62.0,5297.1,0.0632
SKU_1677,Low Revenue + High Volatility,25704.12,0.4491,2.0,2.0,64,94.39374105165318,128.0,12082.4,128.0,12082.4,0.0957
SKU_1678,Low Revenue + High Volatility,32615.41,0.6075,2.0,2.0,21,63.606673028791214,42.0,2671.48,42.0,2671.48,0.0687
SKU_1679,Low Revenue + High Volatility,29112.99,0.6023,2.0,2.0,21,72.91729642589215,42.0,3062.53,42.0,3062.53,0.1054
SKU_1680,Low Revenue + High Volatility,29640.35,0.694,2.0,2.0,34,92.26188977911313,68.0,6273.81,68.0,6273.81,0.0731
SKU_1681,Low Revenue + High Volatility,35155.53,0.6957,2.0,2.0,42,27.88374811303539,84.0,2342.23,84.0,2342.23,0.1079
SKU_1682,Low Revenue + High Volatility,25638.37,0.606,2.0,2.0,48,38.566286229293205,96.0,3702.36,96.0,3702.36,0.0714
SKU_1683,Low Revenue + High Volatility,26360.79,0.4731,2.0,2.0,36,76.71200050012659,72.0,5523.26,72.0,5523.26,0.1033
SKU_1684,Low Revenue + High Volatility,38492.84,0.6396,2.0,2.0,51,85.89955695298397,102.0,8761.75,102.0,8761.75,0.08
SKU_1685,Low Revenue + High Volatility,21124.49,0.4321,2.0,2.0,26,88.56232226644623,52.0,4605.24,52.0,4605.24,0.095
SKU_1686,Low Revenue + High Volatility,29712.69,0.6342,2.0,2.0,49,53.208574148394604,98.0,5214.44,98.0,5214.44,0.0623
SKU_1687,Low Revenue + High Volatility,38256.02,0.6731,2.0,2.0,47,27.147192183349347,94.0,2551.84,94.0,2551.84,0.0897
SKU_1688,Low Revenue + High Volatility,32207.26,0.5149,2.0,2.0,33,55.022518183969595,66.0,3631.49,66.0,3631.49,0.0689
SKU_1689,Low Revenue + High Volatility,30928.14,0.5892,2.0,2.0,63,38.458767216564304,126.0,4845.8,126.0,4845.8,0.0892
SKU_1690,Low Revenue + High Volatility,24994.88,0.529,2.0,2.0,49,43.29571639972993,98.0,4242.98,98.0,4242.98,0.0685
SKU_1691,Low Revenue + High Volatility,26865.51,0.5313,2.0,2.0,36,81.78140454700046,72.0,5888.26,72.0,5888.26,0.0862
SKU_1692,Low Revenue + High Volatility,37040.97,0.4931,2.0,2.0,51,26.04216688207095,102.0,2656.3,102.0,2656.3,0.0666
SKU_1693,Low Revenue + High Volatility,31184.36,0.6286,2.0,2.0,65,86.20649739845616,130.0,11206.84,130.0,11206.84,0.0732
SKU_1694,Low Revenue + High Volatility,30294.84,0.6809,2.0,2.0,25,54.213526865933524,50.0,2710.68,50.0,2710.68,0.0957
SKU_1695,Low Revenue + High Volatility,21991.59,0.6822,2.0,2.0,70,67.6851144880476,140.0,9475.92,140.0,9475.92,0.1186
SKU_1696,Low Revenue + High Volatility,20320.56,0.4524,2.0,2.0,43,27.172178498854322,86.0,2336.81,86.0,2336.81,0.087
SKU_1697,Low Revenue + High Volatility,39273.7,0.6624,2.0,2.0,25,46.98872626858237,50.0,2349.44,50.0,2349.44,0.1012
SKU_1698,Low Revenue + High Volatility,27539.72,0.6212,2.0,2.0,46,27.17607352118766,92.0,2500.2,92.0,2500.2,0.0924
SKU_1699,Low Revenue + High Volatility,32064.26,0.4759,2.0,2.0,37,96.92349783048877,74.0,7172.34,74.0,7172.34,0.0899
SKU_1700,Low Revenue + High Volatility,21594.3,0.4202,2.0,2.0,43,84.58093194610004,86.0,7273.96,86.0,7273.96,0.0639
SKU_1701,Low Revenue + High Volatility,33662.29,0.4804,2.0,2.0,56,56.770620348516815,112.0,6358.31,112.0,6358.31,0.0687
SKU_1702,Low Revenue + High Volatility,38651.33,0.6737,2.0,2.0,75,37.888203865893686,150.0,5683.23,150.0,5683.23,0.113
SKU_1703,Low Revenue + High Volatility,31513.31,0.59,2.0,2.0,43,94.67640841998818,86.0,8142.17,86.0,8142.17,0.0846
SKU_1704,Low Revenue + High Volatility,22522.31,0.6163,2.0,2.0,57,47.56772765815774,114.0,5422.72,114.0,5422.72,0.0969
SKU_1705,Low Revenue + High Volatility,31634.43,0.4771,2.0,2.0,53,32.87875453498998,106.0,3485.15,106.0,3485.15,0.0917
SKU_1706,Low Revenue + High Volatility,35326.94,0.6158,2.0,2.0,59,65.0531510763164,118.0,7676.27,118.0,7676.27,0.0827
SKU_1707,Low Revenue + High Volatility,28128.33,0.4084,2.0,2.0,66,95.50192962758528,132.0,12606.25,132.0,12606.25,0.0833
SKU_1708,Low Revenue + High Volatility,37596.75,0.5126,2.0,2.0,34,20.306423240025808,68.0,1380.84,68.0,1380.84,0.0933
SKU_1709,Low Revenue + High Volatility,32973.66,0.588,2.0,2.0,30,39.0499874603199,60.0,2343.0,60.0,2343.0,0.0685
SKU_1710,Low Revenue + High Volatility,37984.98,0.4438,2.0,2.0,41,95.0758112328326,82.0,7796.22,82.0,7796.22,0.0832
SKU_1711,Low Revenue + High Volatility,32470.11,0.6469,2.0,2.0,73,33.68687734857296,146.0,4918.28,146.0,4918.28,0.0868
SKU_1712,Low Revenue + High Volatility,22625.76,0.4705,2.0,2.0,43,29.05947613118559,86.0,2499.11,86.0,2499.11,0.1191
SKU_1713,Low Revenue + High Volatility,26193.83,0.5957,2.0,2.0,20,65.61497726398436,40.0,2624.6,40.0,2624.6,0.0811
SKU_1714,Low Revenue + High Volatility,24035.9,0.5216,2.0,2.0,37,88.94750586358639,74.0,6582.12,74.0,6582.12,0.0987
SKU_1715,Low Revenue + High Volatility,38176.53,0.5788,2.0,2.0,63,58.168785415514094,126.0,7329.27,126.0,7329.27,0.0682
SKU_1716,Low Revenue + High Volatility,35208.0,0.4322,2.0,2.0,31,99.56514053476198,62.0,6173.04,62.0,6173.04,0.0639
SKU_1717,Low Revenue + High Volatility,33527.97,0.4051,2.0,2.0,76,74.33373596303943,152.0,11298.73,152.0,11298.73,0.1123
SKU_1718,Low Revenue + High Volatility,26019.33,0.6729,2.0,2.0,62,25.925992576835817,124.0,3214.82,124.0,3214.82,0.1038
SKU_1719,Low Revenue + High Volatility,23680.9,0.4809,2.0,2.0,47,99.42657053455802,94.0,9346.1,94.0,9346.1,0.079
SKU_1720,Low Revenue + High Volatility,35129.02,0.6459,2.0,2.0,59,52.63153894241523,118.0,6210.52,118.0,6210.52,0.0903
SKU_1721,Low Revenue + High Volatility,29483.16,0.6998,2.0,2.0,79,42.992202707638604,158.0,6792.77,158.0,6792.77,0.0681
SKU_1722,Low Revenue + High Volatility,24515.79,0.4634,2.0,2.0,26,64.63033468623084,52.0,3360.78,52.0,3360.78,0.1024
SKU_1723,Low Revenue + High Volatility,32332.44,0.4796,2.0,2.0,42,44.34460734566915,84.0,3724.95,84.0,3724.95,0.0642
SKU_1724,Low Revenue + High Volatility,20806.68,0.5989,2.0,2.0,40,26.916600569612186,80.0,2153.33,80.0,2153.33,0.1054
SKU_1725,Low Revenue + High Volatility,26523.41,0.6896,2.0,2.0,53,20.11426744633414,106.0,2132.11,106.0,2132.11,0.0928
SKU_1726,Low Revenue + High Volatility,29371.14,0.6747,2.0,2.0,30,55.966668233620986,60.0,3358.0,60.0,3358.0,0.0767
SKU_1727,Low Revenue + High Volatility,22959.17,0.5509,2.0,2.0,41,86.94907377812739,82.0,7129.82,82.0,7129.82,0.1118
SKU_1728,Low Revenue + High Volatility,39693.09,0.6385,2.0,2.0,61,65.78521485040612,122.0,8025.8,122.0,8025.8,0.1192
SKU_1729,Low Revenue + High Volatility,24181.95,0.4407,2.0,2.0,54,99.93658391547527,108.0,10793.15,108.0,10793.15,0.0753
SKU_1730,Low Revenue + High Volatility,22607.06,0.6932,2.0,2.0,71,42.947731651775996,142.0,6098.58,142.0,6098.58,0.1084
SKU_1731,Low Revenue + High Volatility,24070.7,0.6893,2.0,2.0,48,42.43640518080443,96.0,4073.89,96.0,4073.89,0.105
SKU_1732,Low Revenue + High Volatility,35381.22,0.4491,2.0,2.0,61,32.77995681871553,122.0,3999.15,122.0,3999.15,0.1048
SKU_1733,Low Revenue + High Volatility,28510.11,0.4898,2.0,2.0,47,33.125087061226814,94.0,3113.76,94.0,3113.76,0.1174
SKU_1734,Low Revenue + High Volatility,31308.32,0.43,2.0,2.0,78,42.81492768080383,156.0,6679.13,156.0,6679.13,0.0892
SKU_1735,Low Revenue + High Volatility,20420.18,0.4815,2.0,2.0,37,83.42720362188217,74.0,6173.61,74.0,6173.61,0.1005
SKU_1736,Low Revenue + High Volatility,20688.63,0.6448,2.0,2.0,33,92.46054325091583,66.0,6102.4,66.0,6102.4,0.1094
SKU_1737,Low Revenue + High Volatility,28916.51,0.5135,2.0,2.0,37,98.0069735766145,74.0,7252.52,74.0,7252.52,0.0888
SKU_1738,Low Revenue + High Volatility,36333.1,0.4265,2.0,2.0,47,38.58317232771621,94.0,3626.82,94.0,3626.82,0.0889
SKU_1739,Low Revenue + High Volatility,37704.78,0.5027,2.0,2.0,43,90.50380364912733,86.0,7783.33,86.0,7783.33,0.0791
SKU_1740,Low Revenue + High Volatility,21734.13,0.6944,2.0,2.0,27,46.26040714218696,54.0,2498.06,54.0,2498.06,0.1068
SKU_1741,Low Revenue + High Volatility,30767.26,0.5889,2.0,2.0,61,29.02724356135075,122.0,3541.32,122.0,3541.32,0.1012
SKU_1742,Low Revenue + High Volatility,38264.59,0.5248,2.0,2.0,73,89.60199404161325,146.0,13081.89,146.0,13081.89,0.0871
SKU_1743,Low Revenue + High Volatility,27759.46,0.45,2.0,2.0,64,70.88845077148949,128.0,9073.72,128.0,9073.72,0.0852
SKU_1744,Low Revenue + High Volatility,36591.32,0.6959,2.0,2.0,72,33.17847168648494,144.0,4777.7,144.0,4777.7,0.0644
SKU_1745,Low Revenue + High Volatility,22673.91,0.6463,2.0,2.0,27,54.386500601040204,54.0,2936.87,54.0,2936.87,0.0604
SKU_1746,Low Revenue + High Volatility,38707.89,0.4844,2.0,2.0,23,42.980615590165414,46.0,1977.11,46.0,1977.11,0.0917
SKU_1747,Low Revenue + High Volatility,35028.47,0.421,2.0,2.0,46,78.94356549681575,92.0,7262.81,92.0,7262.81,0.085
SKU_1748,Low Revenue + High Volatility,38826.69,0.417,2.0,2.0,55,56.27329844994144,110.0,6190.06,110.0,6190.06,0.1078
SKU_1749,Low Revenue + High Volatility,33532.34,0.4361,2.0,2.0,24,99.1423956085108,48.0,4758.83,48.0,4758.83,0.0926
SKU_1750,Low Revenue + High Volatility,27268.08,0.5742,2.0,2.0,52,24.37959858076761,104.0,2535.48,104.0,2535.48,0.1162
SKU_1751,Low Revenue + High Volatility,38763.62,0.6786,2.0,2.0,68,48.401221290899734,136.0,6582.57,136.0,6582.57,0.0718
SKU_1752,Low Revenue + High Volatility,25511.34,0.549,2.0,2.0,53,58.55201336879819,106.0,6206.51,106.0,6206.51,0.1194
SKU_1753,Low Revenue + High Volatility,26643.45,0.6529,2.0,2.0,49,60.25068437986558,98.0,5904.57,98.0,5904.57,0.0779
SKU_1754,Low Revenue + High Volatility,34016.17,0.5338,2.0,2.0,27,45.27486579085094,54.0,2444.84,54.0,2444.84,0.0985
SKU_1755,Low Revenue + High Volatility,35306.33,0.6126,2.0,2.0,58,78.33921992780544,116.0,9087.35,116.0,9087.35,0.0901
SKU_1756,Low Revenue + High Volatility,38588.07,0.6196,2.0,2.0,66,89.97976587911798,132.0,11877.33,132.0,11877.33,0.0816
SKU_1757,Low Revenue + High Volatility,24096.05,0.4522,2.0,2.0,45,95.09754415822904,90.0,8558.78,90.0,8558.78,0.0684
SKU_1758,Low Revenue + High Volatility,35959.96,0.5084,2.0,2.0,76,84.4074701439621,152.0,12829.94,152.0,12829.94,0.0681
SKU_1759,Low Revenue + High Volatility,34770.92,0.5912,2.0,2.0,56,88.04641578452795,112.0,9861.2,112.0,9861.2,0.1027
SKU_1760,Low Revenue + High Volatility,21275.89,0.4212,2.0,2.0,53,64.04362404959964,106.0,6788.62,106.0,6788.62,0.0827
SKU_1761,Low Revenue + High Volatility,27744.46,0.5085,2.0,2.0,26,86.07105811414516,52.0,4475.7,52.0,4475.7,0.1177
SKU_1762,Low Revenue + High Volatility,25655.31,0.5604,2.0,2.0,59,44.280312731836176,118.0,5225.08,118.0,5225.08,0.0795
SKU_1763,Low Revenue + High Volatility,26089.81,0.6989,2.0,2.0,47,51.87830096873715,94.0,4876.56,94.0,4876.56,0.119
SKU_1764,Low Revenue + High Volatility,39658.94,0.5424,2.0,2.0,58,45.35304110548354,116.0,5260.95,116.0,5260.95,0.0723
SKU_1765,Low Revenue + High Volatility,32855.55,0.6448,2.0,2.0,58,57.390986835834035,116.0,6657.35,116.0,6657.35,0.0662
SKU_1766,Low Revenue + High Volatility,34353.52,0.5296,2.0,2.0,47,42.84636929909091,94.0,4027.56,94.0,4027.56,0.0788
SKU_1767,Low Revenue + High Volatility,39532.35,0.6389,2.0,2.0,33,96.92891538035575,66.0,6397.31,66.0,6397.31,0.1131
SKU_1768,Low Revenue + High Volatility,27544.04,0.5786,2.0,2.0,72,45.02757024045345,144.0,6483.97,144.0,6483.97,0.0913
SKU_1769,Low Revenue + High Volatility,36036.8,0.666,2.0,2.0,69,27.843563048875186,138.0,3842.41,138.0,3842.41,0.0681
SKU_1770,Low Revenue + High Volatility,28690.62,0.5233,2.0,2.0,57,62.14537328403307,114.0,7084.57,114.0,7084.57,0.0721
SKU_1771,Low Revenue + High Volatility,37390.67,0.5813,2.0,2.0,23,24.56792627561411,46.0,1130.12,46.0,1130.12,0.0787
SKU_1772,Low Revenue + High Volatility,23613.15,0.589,2.0,2.0,61,28.84345330468644,122.0,3518.9,122.0,3518.9,0.0954
SKU_1773,Low Revenue + High Volatility,38953.72,0.5252,2.0,2.0,37,37.551151135699705,74.0,2778.79,74.0,2778.79,0.0799
SKU_1774,Low Revenue + High Volatility,24375.43,0.4433,2.0,2.0,63,57.148019990571335,126.0,7200.65,126.0,7200.65,0.1048
SKU_1775,Low Revenue + High Volatility,26524.41,0.4281,2.0,2.0,67,54.66007458472223,134.0,7324.45,134.0,7324.45,0.097
SKU_1776,Low Revenue + High Volatility,35123.84,0.405,2.0,2.0,44,83.9753489602233,88.0,7389.83,88.0,7389.83,0.1124
SKU_1777,Low Revenue + High Volatility,27875.1,0.6621,2.0,2.0,26,79.15797231072906,52.0,4116.21,52.0,4116.21,0.0901
SKU_1778,Low Revenue + High Volatility,32164.23,0.4709,2.0,2.0,57,54.105463519256105,114.0,6168.02,114.0,6168.02,0.0799
SKU_1779,Low Revenue + High Volatility,28891.47,0.4635,2.0,2.0,47,46.696336606050394,94.0,4389.46,94.0,4389.46,0.1198
SKU_1780,Low Revenue + High Volatility,34847.4,0.6208,2.0,2.0,24,45.31750272491989,48.0,2175.24,48.0,2175.24,0.0813
SKU_1781,Low Revenue + High Volatility,24566.63,0.496,2.0,2.0,22,81.91960698352072,44.0,3604.46,44.0,3604.46,0.0857
SKU_1782,Low Revenue + High Volatility,21169.16,0.5518,2.0,2.0,63,24.16579249770158,126.0,3044.89,126.0,3044.89,0.1085
SKU_1783,Low Revenue + High Volatility,25998.59,0.4488,2.0,2.0,50,21.025731960848468,100.0,2102.57,100.0,2102.57,0.0653
SKU_1784,Low Revenue + High Volatility,29486.17,0.6879,2.0,2.0,66,83.64355135413184,132.0,11040.95,132.0,11040.95,0.0832
SKU_1785,Low Revenue + High Volatility,23360.4,0.6555,2.0,2.0,61,58.17171007912394,122.0,7096.95,122.0,7096.95,0.0651
SKU_1786,Low Revenue + High Volatility,27095.95,0.6591,2.0,2.0,77,30.470491084286078,154.0,4692.46,154.0,4692.46,0.0684
SKU_1787,Low Revenue + High Volatility,27999.66,0.522,2.0,2.0,39,38.8452747675601,78.0,3029.93,78.0,3029.93,0.0603
SKU_1788,Low Revenue + High Volatility,21147.84,0.6287,2.0,2.0,38,94.6003162477906,76.0,7189.62,76.0,7189.62,0.0606
SKU_1789,Low Revenue + High Volatility,31666.14,0.4432,2.0,2.0,67,88.76023804999184,134.0,11893.87,134.0,11893.87,0.0828
SKU_1790,Low Revenue + High Volatility,37686.87,0.4026,2.0,2.0,79,76.78280401791781,158.0,12131.68,158.0,12131.68,0.1085
SKU_1791,Low Revenue + High Volatility,23034.86,0.406,2.0,2.0,30,58.57801842698613,60.0,3514.68,60.0,3514.68,0.0952
SKU_1792,Low Revenue + High Volatility,31956.16,0.576,2.0,2.0,59,61.62589009531086,118.0,7271.86,118.0,7271.86,0.0981
SKU_1793,Low Revenue + High Volatility,33294.78,0.5366,2.0,2.0,22,98.0195628227167,44.0,4312.86,44.0,4312.86,0.0912
SKU_1794,Low Revenue + High Volatility,28386.69,0.5554,2.0,2.0,42,97.26163551074296,84.0,8169.98,84.0,8169.98,0.1092
SKU_1795,Low Revenue + High Volatility,34021.95,0.4022,2.0,2.0,26,37.221523662866744,52.0,1935.52,52.0,1935.52,0.1128
SKU_1796,Low Revenue + High Volatility,28214.63,0.5268,2.0,2.0,42,84.88836530442545,84.0,7130.62,84.0,7130.62,0.111
SKU_1797,Low Revenue + High Volatility,30092.75,0.6154,2.0,2.0,26,35.779413293361344,52.0,1860.53,52.0,1860.53,0.1087
SKU_1798,Low Revenue + High Volatility,20147.06,0.5328,2.0,2.0,65,37.082998230716115,130.0,4820.79,130.0,4820.79,0.071
SKU_1799,Low Revenue + High Volatility,33834.4,0.6197,2.0,2.0,53,74.08744273316614,106.0,7853.27,106.0,7853.27,0.0956
SKU_1800,Low Revenue + High Volatility,33226.85,0.4699,2.0,2.0,61,52.40008788700387,122.0,6392.81,122.0,6392.81,0.0949
SKU_1801,Low Revenue + High Volatility,20768.02,0.6439,2.0,2.0,38,94.52355256852161,76.0,7183.79,76.0,7183.79,0.0917
SKU_1802,Low Revenue + High Volatility,27365.0,0.5765,2.0,2.0,77,27.120778791680706,154.0,4176.6,154.0,4176.6,0.0888
SKU_1803,Low Revenue + High Volatility,39580.64,0.4632,2.0,2.0,28,60.922051264759446,56.0,3411.63,56.0,3411.63,0.0654
SKU_1804,Low Revenue + High Volatility,28414.73,0.471,2.0,2.0,67,93.4817224354497,134.0,12526.55,134.0,12526.55,0.0661
SKU_1805,Low Revenue + High Volatility,30038.91,0.5884,2.0,2.0,70,92.32909283836041,140.0,12926.07,140.0,12926.07,0.1141
SKU_1806,Low Revenue + High Volatility,38198.6,0.649,2.0,2.0,37,32.522337073259294,74.0,2406.65,74.0,2406.65,0.0978
SKU_1807,Low Revenue + High Volatility,34345.24,0.5247,2.0,2.0,60,49.331016007716514,120.0,5919.72,120.0,5919.72,0.0757
SKU_1808,Low Revenue + High Volatility,31641.4,0.4775,2.0,2.0,67,69.5297120037357,134.0,9316.98,134.0,9316.98,0.0768
SKU_1809,Low Revenue + High Volatility,35956.09,0.6601,2.0,2.0,64,32.751590781712174,128.0,4192.2,128.0,4192.2,0.0966
SKU_1810,Low Revenue + High Volatility,37287.33,0.6008,2.0,2.0,61,97.4417737636591,122.0,11887.9,122.0,11887.9,0.0844
SKU_1811,Low Revenue + High Volatility,29137.76,0.5344,2.0,2.0,44,93.17994629821283,88.0,8199.84,88.0,8199.84,0.0865
SKU_1812,Low Revenue + High Volatility,29502.17,0.5464,2.0,2.0,71,33.35601432275753,142.0,4736.55,142.0,4736.55,0.0636
SKU_1813,Low Revenue + High Volatility,27721.02,0.4613,2.0,2.0,33,29.692436900878832,66.0,1959.7,66.0,1959.7,0.0683
SKU_1814,Low Revenue + High Volatility,39334.12,0.588,2.0,2.0,63,26.832678624661224,126.0,3380.92,126.0,3380.92,0.0836
SKU_1815,Low Revenue + High Volatility,33943.33,0.5076,2.0,2.0,44,92.75549312293049,88.0,8162.48,88.0,8162.48,0.102
SKU_1816,Low Revenue + High Volatility,21664.46,0.6987,2.0,2.0,38,35.48990478363686,76.0,2697.23,76.0,2697.23,0.0629
SKU_1817,Low Revenue + High Volatility,37259.19,0.5441,2.0,2.0,58,53.30279428354838,116.0,6183.12,116.0,6183.12,0.0801
SKU_1818,Low Revenue + High Volatility,29611.2,0.5458,2.0,2.0,74,55.908109252160244,148.0,8274.4,148.0,8274.4,0.1017
SKU_1819,Low Revenue + High Volatility,21375.08,0.5698,2.0,2.0,34,67.9208835370854,68.0,4618.62,68.0,4618.62,0.1075
SKU_1820,Low Revenue + High Volatility,30994.35,0.675,2.0,2.0,35,25.738827499794,70.0,1801.72,70.0,1801.72,0.0714
SKU_1821,Low Revenue + High Volatility,28343.29,0.6402,2.0,2.0,46,38.140689392041274,92.0,3508.94,92.0,3508.94,0.1039
SKU_1822,Low Revenue + High Volatility,37554.99,0.5353,2.0,2.0,59,94.51923095351408,118.0,11153.27,118.0,11153.27,0.1173
SKU_1823,Low Revenue + High Volatility,24079.89,0.6156,2.0,2.0,29,92.67280858148555,58.0,5375.02,58.0,5375.02,0.1144
SKU_1824,Low Revenue + High Volatility,36529.29,0.5759,2.0,2.0,23,82.50325179245537,46.0,3795.15,46.0,3795.15,0.1074
SKU_1825,Low Revenue + High Volatility,31153.77,0.5477,2.0,2.0,70,21.552099649457233,140.0,3017.29,140.0,3017.29,0.1027
SKU_1826,Low Revenue + High Volatility,21092.21,0.4577,2.0,2.0,38,46.16054147968817,76.0,3508.2,76.0,3508.2,0.0741
SKU_1827,Low Revenue + High Volatility,39436.91,0.5392,2.0,2.0,47,70.23669882743263,94.0,6602.25,94.0,6602.25,0.098
SKU_1828,Low Revenue + High Volatility,30252.3,0.4737,2.0,2.0,40,42.01521694187805,80.0,3361.22,80.0,3361.22,0.0986
SKU_1829,Low Revenue + High Volatility,25817.54,0.6745,2.0,2.0,78,92.76693560430219,156.0,14471.64,156.0,14471.64,0.0844
SKU_1830,Low Revenue + High Volatility,29388.14,0.5006,2.0,2.0,66,70.71115694659535,132.0,9333.87,132.0,9333.87,0.0896
SKU_1831,Low Revenue + High Volatility,37157.16,0.6857,2.0,2.0,33,25.752537385315648,66.0,1699.67,66.0,1699.67,0.1016
SKU_1832,Low Revenue + High Volatility,26098.06,0.5599,2.0,2.0,52,92.72044710685624,104.0,9642.93,104.0,9642.93,0.1171
SKU_1833,Low Revenue + High Volatility,23853.53,0.5895,2.0,2.0,67,96.6213326540978,134.0,12947.26,134.0,12947.26,0.0777
SKU_1834,Low Revenue + High Volatility,22581.42,0.5629,2.0,2.0,29,26.21699347133804,58.0,1520.59,58.0,1520.59,0.0748
SKU_1835,Low Revenue + High Volatility,25957.19,0.4388,2.0,2.0,38,62.58881878890519,76.0,4756.75,76.0,4756.75,0.0961
SKU_1836,Low Revenue + High Volatility,35600.96,0.5127,2.0,2.0,49,44.269142577133636,98.0,4338.38,98.0,4338.38,0.0678
SKU_1837,Low Revenue + High Volatility,29432.53,0.4297,2.0,2.0,41,51.42712611851219,82.0,4217.02,82.0,4217.02,0.095
SKU_1838,Low Revenue + High Volatility,24549.63,0.5869,2.0,2.0,22,34.37209743642735,44.0,1512.37,44.0,1512.37,0.0653
SKU_1839,Low Revenue + High Volatility,23323.7,0.5341,2.0,2.0,56,66.24576816099301,112.0,7419.53,112.0,7419.53,0.0894
SKU_1840,Low Revenue + High Volatility,26654.59,0.6334,2.0,2.0,60,96.63834825991125,120.0,11596.6,120.0,11596.6,0.0972
SKU_1841,Low Revenue + High Volatility,38798.49,0.4661,2.0,2.0,37,60.24580802172872,74.0,4458.19,74.0,4458.19,0.0642
SKU_1842,Low Revenue + High Volatility,26860.53,0.4494,2.0,2.0,30,26.633166511558493,60.0,1597.99,60.0,1597.99,0.0724
SKU_1843,Low Revenue + High Volatility,39762.48,0.5219,2.0,2.0,67,69.60010667819267,134.0,9326.41,134.0,9326.41,0.0801
SKU_1844,Low Revenue + High Volatility,29704.61,0.678,2.0,2.0,21,47.217839556100564,42.0,1983.15,42.0,1983.15,0.0821
SKU_1845,Low Revenue + High Volatility,23583.28,0.6131,2.0,2.0,31,88.47401516730383,62.0,5485.39,62.0,5485.39,0.1006
SKU_1846,Low Revenue + High Volatility,37822.8,0.5257,2.0,2.0,73,54.774251865317616,146.0,7997.04,146.0,7997.04,0.0917
SKU_1847,Low Revenue + High Volatility,29207.11,0.5552,2.0,2.0,25,35.42716871537965,50.0,1771.36,50.0,1771.36,0.0829
SKU_1848,Low Revenue + High Volatility,34193.43,0.4253,2.0,2.0,62,35.2884498152916,124.0,4375.77,124.0,4375.77,0.087
SKU_1849,Low Revenue + High Volatility,39674.23,0.6954,2.0,2.0,78,81.50113445769283,156.0,12714.18,156.0,12714.18,0.0608
SKU_1850,Low Revenue + High Volatility,21003.51,0.5999,2.0,2.0,59,41.247007864588795,118.0,4867.15,118.0,4867.15,0.1062
SKU_1851,Low Revenue + High Volatility,21933.89,0.4856,2.0,2.0,63,81.37867153273784,126.0,10253.71,126.0,10253.71,0.0625
SKU_1852,Low Revenue + High Volatility,34409.13,0.5757,2.0,2.0,48,36.47098486132795,96.0,3501.21,96.0,3501.21,0.1098
SKU_1853,Low Revenue + High Volatility,25636.5,0.4328,2.0,2.0,78,45.73490949610475,156.0,7134.65,156.0,7134.65,0.0925
SKU_1854,Low Revenue + High Volatility,23686.03,0.6898,2.0,2.0,49,57.23895779517595,98.0,5609.42,98.0,5609.42,0.0917
SKU_1855,Low Revenue + High Volatility,20787.24,0.4524,2.0,2.0,21,95.45566797547606,42.0,4009.14,42.0,4009.14,0.1023
SKU_1856,Low Revenue + High Volatility,20436.93,0.5944,2.0,2.0,28,94.53851398030596,56.0,5294.16,56.0,5294.16,0.1116
SKU_1857,Low Revenue + High Volatility,35489.71,0.4736,2.0,2.0,66,36.54975003378303,132.0,4824.57,132.0,4824.57,0.1166
SKU_1858,Low Revenue + High Volatility,22688.67,0.6153,2.0,2.0,21,48.65752329944583,42.0,2043.62,42.0,2043.62,0.0926
SKU_1859,Low Revenue + High Volatility,29354.41,0.633,2.0,2.0,48,31.951951076301786,96.0,3067.39,96.0,3067.39,0.069
SKU_1860,Low Revenue + High Volatility,32117.94,0.602,2.0,2.0,52,60.79880634507977,104.0,6323.08,104.0,6323.08,0.1127
SKU_1861,Low Revenue + High Volatility,28567.04,0.5843,2.0,2.0,29,56.84660405557332,58.0,3297.1,58.0,3297.1,0.0624
SKU_1862,Low Revenue + High Volatility,20542.13,0.6677,2.0,2.0,53,92.06081299605859,106.0,9758.45,106.0,9758.45,0.1084
SKU_1863,Low Revenue + High Volatility,35670.03,0.4236,2.0,2.0,63,94.40043022328581,126.0,11894.45,126.0,11894.45,0.1008
SKU_1864,Low Revenue + High Volatility,20210.26,0.4993,2.0,2.0,74,50.68539128058337,148.0,7501.44,148.0,7501.44,0.1143
SKU_1865,Low Revenue + High Volatility,35237.8,0.4745,2.0,2.0,27,59.33903544151916,54.0,3204.31,54.0,3204.31,0.1138
SKU_1866,Low Revenue + High Volatility,37866.09,0.6964,2.0,2.0,56,91.69889993169065,112.0,10270.28,112.0,10270.28,0.0632
SKU_1867,Low Revenue + High Volatility,28656.8,0.5168,2.0,2.0,73,84.53662461960492,146.0,12342.35,146.0,12342.35,0.0966
SKU_1868,Low Revenue + High Volatility,30710.85,0.6198,2.0,2.0,79,20.292504907571942,158.0,3206.22,158.0,3206.22,0.0675
SKU_1869,Low Revenue + High Volatility,29539.67,0.6054,2.0,2.0,52,45.6047651346866,104.0,4742.9,104.0,4742.9,0.0647
SKU_1870,Low Revenue + High Volatility,27784.17,0.4636,2.0,2.0,66,53.74193935489007,132.0,7093.94,132.0,7093.94,0.0869
SKU_1871,Low Revenue + High Volatility,37748.49,0.4717,2.0,2.0,25,38.37730269465854,50.0,1918.87,50.0,1918.87,0.0659
SKU_1872,Low Revenue + High Volatility,37878.67,0.4844,2.0,2.0,63,35.9657292716751,126.0,4531.68,126.0,4531.68,0.1037
SKU_1873,Low Revenue + High Volatility,26716.33,0.5233,2.0,2.0,59,23.022760527654373,118.0,2716.69,118.0,2716.69,0.1181
SKU_1874,Low Revenue + High Volatility,32301.4,0.4703,2.0,2.0,64,71.46957800558084,128.0,9148.11,128.0,9148.11,0.0942
SKU_1875,Low Revenue + High Volatility,38538.15,0.4059,2.0,2.0,38,41.000823238653254,76.0,3116.06,76.0,3116.06,0.0741
SKU_1876,Low Revenue + High Volatility,39241.17,0.6638,2.0,2.0,51,24.187774274505045,102.0,2467.15,102.0,2467.15,0.1106
SKU_1877,Low Revenue + High Volatility,30179.18,0.6897,2.0,2.0,46,38.47834484224509,92.0,3540.01,92.0,3540.01,0.1112
SKU_1878,Low Revenue + High Volatility,29056.5,0.5025,2.0,2.0,20,84.15311622689012,40.0,3366.12,40.0,3366.12,0.104
SKU_1879,Low Revenue + High Volatility,25573.89,0.5016,2.0,2.0,62,88.11913453172373,124.0,10926.77,124.0,10926.77,0.0969
SKU_1880,Low Revenue + High Volatility,39177.44,0.4021,2.0,2.0,71,58.64529961546421,142.0,8327.63,142.0,8327.63,0.1121
SKU_1881,Low Revenue + High Volatility,22856.29,0.6041,2.0,2.0,52,53.285653632694896,104.0,5541.71,104.0,5541.71,0.0698
SKU_1882,Low Revenue + High Volatility,31596.59,0.6476,2.0,2.0,59,98.22829548014253,118.0,11590.94,118.0,11590.94,0.1159
SKU_1883,Low Revenue + High Volatility,25651.01,0.444,2.0,2.0,51,36.04517276704559,102.0,3676.61,102.0,3676.61,0.1168
SKU_1884,Low Revenue + High Volatility,25580.17,0.4479,2.0,2.0,24,37.22874262836868,48.0,1786.98,48.0,1786.98,0.1123
SKU_1885,Low Revenue + High Volatility,28099.37,0.637,2.0,2.0,36,43.34937416291198,72.0,3121.15,72.0,3121.15,0.075
SKU_1886,Low Revenue + High Volatility,39975.86,0.5849,2.0,2.0,27,33.82058546248699,54.0,1826.31,54.0,1826.31,0.1115
SKU_1887,Low Revenue + High Volatility,21099.33,0.4135,2.0,2.0,76,50.34924785633493,152.0,7653.09,152.0,7653.09,0.0899
SKU_1888,Low Revenue + High Volatility,31570.84,0.5868,2.0,2.0,61,92.8667381591803,122.0,11329.74,122.0,11329.74,0.0957
SKU_1889,Low Revenue + High Volatility,21651.44,0.4927,2.0,2.0,53,69.22782725028594,106.0,7338.15,106.0,7338.15,0.1104
SKU_1890,Low Revenue + High Volatility,23090.42,0.5106,2.0,2.0,28,52.95572388898109,56.0,2965.52,56.0,2965.52,0.0618
SKU_1891,Low Revenue + Low Volatility,19016.16,0.0976,2.0,1.0,35,63.92891104277002,70.0,4475.02,35.0,2237.51,0.0233
SKU_1892,Low Revenue + Low Volatility,5726.96,0.0623,2.0,1.0,34,35.962321856689755,68.0,2445.44,34.0,1222.72,0.0218
SKU_1893,Low Revenue + Low Volatility,8154.14,0.1428,2.0,1.0,45,61.13266908010594,90.0,5501.94,45.0,2750.97,0.0224
SKU_1894,Low Revenue + Low Volatility,13488.33,0.0954,2.0,1.0,16,38.74733737978902,32.0,1239.91,16.0,619.96,0.0151
SKU_1895,Low Revenue + Low Volatility,14233.29,0.1234,2.0,1.0,19,29.576298491049027,38.0,1123.9,19.0,561.95,0.0148
SKU_1896,Low Revenue + Low Volatility,5593.36,0.0867,2.0,1.0,21,52.68068332656048,42.0,2212.59,21.0,1106.29,0.0266
SKU_1897,Low Revenue + Low Volatility,11045.58,0.0519,2.0,1.0,10,58.081429175512916,20.0,1161.63,10.0,580.81,0.0252
SKU_1898,Low Revenue + Low Volatility,14737.31,0.0601,2.0,1.0,34,42.15054928256949,68.0,2866.24,34.0,1433.12,0.0167
SKU_1899,Low Revenue + Low Volatility,15471.06,0.0996,2.0,1.0,25,49.585051194885104,50.0,2479.25,25.0,1239.63,0.0228
SKU_1900,Low Revenue + Low Volatility,14572.1,0.119,2.0,1.0,14,58.58462523991698,28.0,1640.37,14.0,820.18,0.0266
SKU_1901,Low Revenue + Low Volatility,9808.45,0.0835,2.0,1.0,28,63.73970360902567,56.0,3569.42,28.0,1784.71,0.0278
SKU_1902,Low Revenue + Low Volatility,6402.8,0.1195,2.0,1.0,13,72.69000353581534,26.0,1889.94,13.0,944.97,0.0101
SKU_1903,Low Revenue + Low Volatility,11406.69,0.1199,2.0,1.0,15,34.81809443850297,30.0,1044.54,15.0,522.27,0.0263
SKU_1904,Low Revenue + Low Volatility,6931.32,0.1204,2.0,1.0,35,76.60340769968155,70.0,5362.24,35.0,2681.12,0.017
SKU_1905,Low Revenue + Low Volatility,19214.35,0.0993,2.0,1.0,48,54.60958670861613,96.0,5242.52,48.0,2621.26,0.0244
SKU_1906,Low Revenue + Low Volatility,12127.56,0.1415,2.0,1.0,48,65.13913178892635,96.0,6253.36,48.0,3126.68,0.0174
SKU_1907,Low Revenue + Low Volatility,9758.89,0.0989,2.0,1.0,18,58.983833043700685,36.0,2123.42,18.0,1061.71,0.0221
SKU_1908,Low Revenue + Low Volatility,16494.56,0.095,2.0,1.0,23,24.390020774388464,46.0,1121.94,23.0,560.97,0.0229
SKU_1909,Low Revenue + Low Volatility,12469.23,0.0699,2.0,1.0,18,15.000686810617982,36.0,540.02,18.0,270.01,0.0181
SKU_1910,Low Revenue + Low Volatility,9650.51,0.0808,2.0,1.0,24,60.840052481268415,48.0,2920.32,24.0,1460.16,0.0203
SKU_1911,Low Revenue + Low Volatility,17179.52,0.0542,2.0,1.0,46,45.77368674562035,92.0,4211.18,46.0,2105.59,0.0245
SKU_1912,Low Revenue + Low Volatility,18007.28,0.1134,2.0,1.0,29,59.15493578858272,58.0,3430.99,29.0,1715.49,0.0195
SKU_1913,Low Revenue + Low Volatility,15095.12,0.0749,2.0,1.0,17,43.37899627408218,34.0,1474.89,17.0,737.44,0.0103
SKU_1914,Low Revenue + Low Volatility,5704.47,0.0804,2.0,1.0,41,31.85641642915528,82.0,2612.23,41.0,1306.11,0.0103
SKU_1915,Low Revenue + Low Volatility,13494.84,0.1271,2.0,1.0,30,29.95125364816978,60.0,1797.08,30.0,898.54,0.0232
SKU_1916,Low Revenue + Low Volatility,16449.42,0.0827,2.0,1.0,28,61.1372491608996,56.0,3423.69,28.0,1711.84,0.0269
SKU_1917,Low Revenue + Low Volatility,7047.55,0.0742,2.0,1.0,38,29.374605702604228,76.0,2232.47,38.0,1116.24,0.0257
SKU_1918,Low Revenue + Low Volatility,8430.06,0.0669,2.0,1.0,40,60.02738096477946,80.0,4802.19,40.0,2401.1,0.0162
SKU_1919,Low Revenue + Low Volatility,18237.43,0.1275,2.0,1.0,15,36.8772088422165,30.0,1106.32,15.0,553.16,0.0194
SKU_1920,Low Revenue + Low Volatility,5301.83,0.063,2.0,1.0,13,63.96288830231617,26.0,1663.04,13.0,831.52,0.0147
SKU_1921,Low Revenue + Low Volatility,16290.91,0.0954,2.0,1.0,38,19.99669480478687,76.0,1519.75,38.0,759.87,0.0298
SKU_1922,Low Revenue + Low Volatility,12106.6,0.1007,2.0,1.0,12,24.348596024304186,24.0,584.37,12.0,292.18,0.0152
SKU_1923,Low Revenue + Low Volatility,11701.58,0.1187,2.0,1.0,10,58.013812400411446,20.0,1160.28,10.0,580.14,0.0183
SKU_1924,Low Revenue + Low Volatility,5106.45,0.1133,2.0,1.0,24,49.21617841387838,48.0,2362.38,24.0,1181.19,0.0236
SKU_1925,Low Revenue + Low Volatility,17290.97,0.1311,2.0,1.0,30,24.271483983511942,60.0,1456.29,30.0,728.14,0.0275
SKU_1926,Low Revenue + Low Volatility,10397.37,0.0545,2.0,1.0,40,73.19789082087752,80.0,5855.83,40.0,2927.92,0.011
SKU_1927,Low Revenue + Low Volatility,13111.48,0.0796,2.0,1.0,16,29.31609031888524,32.0,938.11,16.0,469.06,0.016
SKU_1928,Low Revenue + Low Volatility,15159.51,0.078,2.0,1.0,26,39.47499787355437,52.0,2052.7,26.0,1026.35,0.0214
SKU_1929,Low Revenue + Low Volatility,15539.44,0.0646,2.0,1.0,28,24.160155931077657,56.0,1352.97,28.0,676.48,0.0224
SKU_1930,Low Revenue + Low Volatility,19339.7,0.0789,2.0,1.0,48,37.161933283905995,96.0,3567.55,48.0,1783.77,0.0114
SKU_1931,Low Revenue + Low Volatility,12970.1,0.081,2.0,1.0,12,44.415272507803195,24.0,1065.97,12.0,532.98,0.0233
SKU_1932,Low Revenue + Low Volatility,10995.79,0.1022,2.0,1.0,39,30.667293815904337,78.0,2392.05,39.0,1196.02,0.0206
SKU_1933,Low Revenue + Low Volatility,19305.55,0.1164,2.0,1.0,44,63.836557123753835,88.0,5617.62,44.0,2808.81,0.0266
SKU_1934,Low Revenue + Low Volatility,14631.65,0.0881,2.0,1.0,38,37.575308505237295,76.0,2855.72,38.0,1427.86,0.0144
SKU_1935,Low Revenue + Low Volatility,9472.26,0.1219,2.0,1.0,23,61.0656999971137,46.0,2809.02,23.0,1404.51,0.0139
SKU_1936,Low Revenue + Low Volatility,6896.96,0.0836,2.0,1.0,44,24.495052277317036,88.0,2155.56,44.0,1077.78,0.0259
SKU_1937,Low Revenue + Low Volatility,17638.32,0.079,2.0,1.0,37,36.39248477552251,74.0,2693.04,37.0,1346.52,0.0241
SKU_1938,Low Revenue + Low Volatility,10432.72,0.1041,2.0,1.0,39,10.564080222687462,78.0,824.0,39.0,412.0,0.0258
SKU_1939,Low Revenue + Low Volatility,14907.05,0.0524,2.0,1.0,35,63.10463087395982,70.0,4417.32,35.0,2208.66,0.0256
SKU_1940,Low Revenue + Low Volatility,12062.25,0.058,2.0,1.0,16,53.81206510313389,32.0,1721.99,16.0,860.99,0.0121
SKU_1941,Low Revenue + Low Volatility,7983.95,0.0918,2.0,1.0,48,67.24763274443194,96.0,6455.77,48.0,3227.89,0.0156
SKU_1942,Low Revenue + Low Volatility,14025.3,0.1443,2.0,1.0,40,41.89275516718993,80.0,3351.42,40.0,1675.71,0.0152
SKU_1943,Low Revenue + Low Volatility,5910.25,0.1222,2.0,1.0,14,65.98184505989875,28.0,1847.49,14.0,923.75,0.0287
SKU_1944,Low Revenue + Low Volatility,11200.14,0.0588,2.0,1.0,44,55.33077809896849,88.0,4869.11,44.0,2434.55,0.0197
SKU_1945,Low Revenue + Low Volatility,13199.22,0.1346,2.0,1.0,23,10.252905277396707,46.0,471.63,23.0,235.82,0.0122
SKU_1946,Low Revenue + Low Volatility,11540.7,0.1232,2.0,1.0,45,27.758600656195835,90.0,2498.27,45.0,1249.14,0.0158
SKU_1947,Low Revenue + Low Volatility,16230.08,0.1111,2.0,1.0,36,44.57239465443736,72.0,3209.21,36.0,1604.61,0.0274
SKU_1948,Low Revenue + Low Volatility,17418.87,0.132,2.0,1.0,33,53.30811447983799,66.0,3518.34,33.0,1759.17,0.0269
SKU_1949,Low Revenue + Low Volatility,16568.65,0.0904,2.0,1.0,49,14.5913605265246,98.0,1429.95,49.0,714.98,0.028
SKU_1950,Low Revenue + Low Volatility,5582.19,0.0722,2.0,1.0,38,59.35559497286542,76.0,4511.03,38.0,2255.51,0.0178
SKU_1951,Low Revenue + Low Volatility,7911.93,0.1012,2.0,1.0,31,48.04752683530819,62.0,2978.95,31.0,1489.47,0.0228
SKU_1952,Low Revenue + Low Volatility,13049.11,0.1049,2.0,1.0,17,46.80455147727999,34.0,1591.35,17.0,795.68,0.0156
SKU_1953,Low Revenue + Low Volatility,19022.33,0.1038,2.0,1.0,24,30.443189066854057,48.0,1461.27,24.0,730.64,0.0136
SKU_1954,Low Revenue + Low Volatility,17524.35,0.1065,2.0,1.0,14,51.63761696434038,28.0,1445.85,14.0,722.93,0.0104
SKU_1955,Low Revenue + Low Volatility,17638.02,0.1449,2.0,1.0,13,11.924502274224226,26.0,310.04,13.0,155.02,0.0145
SKU_1956,Low Revenue + Low Volatility,9548.12,0.1402,2.0,1.0,20,14.529023135279195,40.0,581.16,20.0,290.58,0.0221
SKU_1957,Low Revenue + Low Volatility,11441.72,0.1376,2.0,1.0,27,61.37090610489891,54.0,3314.03,27.0,1657.01,0.0281
SKU_1958,Low Revenue + Low Volatility,12060.59,0.1301,2.0,1.0,39,32.532393977377474,78.0,2537.53,39.0,1268.76,0.0127
SKU_1959,Low Revenue + Low Volatility,7360.57,0.1443,2.0,1.0,24,34.28769529371387,48.0,1645.81,24.0,822.9,0.0284
SKU_1960,Low Revenue + Low Volatility,5466.02,0.0598,2.0,1.0,15,24.586964227951626,30.0,737.61,15.0,368.8,0.0169
SKU_1961,Low Revenue + Low Volatility,19203.54,0.0765,2.0,1.0,25,41.19344844699525,50.0,2059.67,25.0,1029.84,0.0185
SKU_1962,Low Revenue + Low Volatility,8610.69,0.0995,2.0,1.0,49,13.639540198791021,98.0,1336.67,49.0,668.34,0.0173
SKU_1963,Low Revenue + Low Volatility,8599.23,0.1347,2.0,1.0,18,31.025425649977958,36.0,1116.92,18.0,558.46,0.0182
SKU_1964,Low Revenue + Low Volatility,6250.69,0.1005,2.0,1.0,43,46.898674524438825,86.0,4033.29,43.0,2016.64,0.0152
SKU_1965,Low Revenue + Low Volatility,18927.62,0.1248,2.0,1.0,36,42.59423450913959,72.0,3066.78,36.0,1533.39,0.024
SKU_1966,Low Revenue + Low Volatility,13696.06,0.0639,2.0,1.0,22,79.97687501861236,44.0,3518.98,22.0,1759.49,0.0252
SKU_1967,Low Revenue + Low Volatility,15005.55,0.0752,2.0,1.0,45,37.213525648183705,90.0,3349.22,45.0,1674.61,0.0265
SKU_1968,Low Revenue + Low Volatility,18673.65,0.1232,2.0,1.0,36,37.08993414780162,72.0,2670.48,36.0,1335.24,0.0168
SKU_1969,Low Revenue + Low Volatility,10184.3,0.0665,2.0,1.0,18,45.25072441901222,36.0,1629.03,18.0,814.51,0.0253
SKU_1970,Low Revenue + Low Volatility,14322.61,0.0851,2.0,1.0,14,23.321217718986087,28.0,652.99,14.0,326.5,0.0228
SKU_1971,Low Revenue + Low Volatility,5581.99,0.0765,2.0,1.0,31,71.34130960714106,62.0,4423.16,31.0,2211.58,0.0292
SKU_1972,Low Revenue + Low Volatility,7801.59,0.085,2.0,1.0,40,50.0587452205114,80.0,4004.7,40.0,2002.35,0.0185
SKU_1973,Low Revenue + Low Volatility,17468.69,0.1208,2.0,1.0,12,23.44753474395957,24.0,562.74,12.0,281.37,0.0298
SKU_1974,Low Revenue + Low Volatility,16501.53,0.0868,2.0,1.0,39,65.54091139604927,78.0,5112.19,39.0,2556.1,0.0248
SKU_1975,Low Revenue + Low Volatility,10259.64,0.1055,2.0,1.0,30,12.403251979999727,60.0,744.2,30.0,372.1,0.0255
SKU_1976,Low Revenue + Low Volatility,10652.16,0.06,2.0,1.0,44,78.77949404097991,88.0,6932.6,44.0,3466.3,0.0105
SKU_1977,Low Revenue + Low Volatility,13003.32,0.1305,2.0,1.0,15,70.560453433996,30.0,2116.81,15.0,1058.41,0.0199
SKU_1978,Low Revenue + Low Volatility,5003.62,0.087,2.0,1.0,37,50.57476188738139,74.0,3742.53,37.0,1871.27,0.0206
SKU_1979,Low Revenue + Low Volatility,8618.67,0.1149,2.0,1.0,41,17.790696392994654,82.0,1458.84,41.0,729.42,0.0108
SKU_1980,Low Revenue + Low Volatility,8123.48,0.1225,2.0,1.0,46,25.069094130277,92.0,2306.36,46.0,1153.18,0.0162
SKU_1981,Low Revenue + Low Volatility,8757.24,0.071,2.0,1.0,34,29.56046192194942,68.0,2010.11,34.0,1005.06,0.0291
SKU_1982,Low Revenue + Low Volatility,17088.59,0.1385,2.0,1.0,41,26.87222165325277,82.0,2203.52,41.0,1101.76,0.0185
SKU_1983,Low Revenue + Low Volatility,9195.11,0.1116,2.0,1.0,44,44.8264007317412,88.0,3944.72,44.0,1972.36,0.0137
SKU_1984,Low Revenue + Low Volatility,7872.82,0.0929,2.0,1.0,31,76.11922591870035,62.0,4719.39,31.0,2359.7,0.0203
SKU_1985,Low Revenue + Low Volatility,12563.95,0.0682,2.0,1.0,33,41.092080933746736,66.0,2712.08,33.0,1356.04,0.0107
SKU_1986,Low Revenue + Low Volatility,17984.68,0.1442,2.0,1.0,48,56.30951977213839,96.0,5405.71,48.0,2702.86,0.0203
SKU_1987,Low Revenue + Low Volatility,8620.25,0.1255,2.0,1.0,39,58.20082441851762,78.0,4539.66,39.0,2269.83,0.0219
SKU_1988,Low Revenue + Low Volatility,6178.04,0.0708,2.0,1.0,41,71.01065076781379,82.0,5822.87,41.0,2911.44,0.0172
SKU_1989,Low Revenue + Low Volatility,10346.07,0.0838,2.0,1.0,40,12.367490130006349,80.0,989.4,40.0,494.7,0.0253
SKU_1990,Low Revenue + Low Volatility,16214.78,0.131,2.0,1.0,32,38.303104154327954,64.0,2451.4,32.0,1225.7,0.0127
SKU_1991,Low Revenue + Low Volatility,13260.36,0.1196,2.0,1.0,49,64.93145798602694,98.0,6363.28,49.0,3181.64,0.0276
SKU_1992,Low Revenue + Low Volatility,17251.9,0.1266,2.0,1.0,42,67.04069104758123,84.0,5631.42,42.0,2815.71,0.0291
SKU_1993,Low Revenue + Low Volatility,19393.88,0.0941,2.0,1.0,34,74.91328306218078,68.0,5094.1,34.0,2547.05,0.01
SKU_1994,Low Revenue + Low Volatility,16889.94,0.1216,2.0,1.0,45,59.19560518726016,90.0,5327.6,45.0,2663.8,0.0269
SKU_1995,Low Revenue + Low Volatility,14057.05,0.0886,2.0,1.0,33,27.160776227332047,66.0,1792.61,33.0,896.31,0.0201
SKU_1996,Low Revenue + Low Volatility,12400.12,0.0711,2.0,1.0,40,45.396602015906474,80.0,3631.73,40.0,1815.86,0.0192
SKU_1997,Low Revenue + Low Volatility,5601.04,0.1133,2.0,1.0,48,12.26417015432283,96.0,1177.36,48.0,588.68,0.0148
SKU_1998,Low Revenue + Low Volatility,19764.83,0.1476,2.0,1.0,22,55.28498387687728,44.0,2432.54,22.0,1216.27,0.0189
SKU_1999,Low Revenue + Low Volatility,10752.22,0.0811,2.0,1.0,19,48.80066480561297,38.0,1854.43,19.0,927.21,0.029
SKU_2000,Low Revenue + Low Volatility,7283.42,0.0961,2.0,1.0,32,56.678539653290514,64.0,3627.43,32.0,1813.71,0.0142
SKU_2001,Low Revenue + Low Volatility,15000.63,0.1174,2.0,1.0,27,75.10983873713168,54.0,4055.93,27.0,2027.97,0.0136
SKU_2002,Low Revenue + Low Volatility,9264.32,0.1042,2.0,1.0,41,58.109362820430206,82.0,4764.97,41.0,2382.48,0.0148
SKU_2003,Low Revenue + Low Volatility,13786.67,0.1343,2.0,1.0,42,32.43149512623329,84.0,2724.25,42.0,1362.12,0.021
SKU_2004,Low Revenue + Low Volatility,13801.52,0.1262,2.0,1.0,45,23.911566470910973,90.0,2152.04,45.0,1076.02,0.0286
SKU_2005,Low Revenue + Low Volatility,11685.95,0.0558,2.0,1.0,37,69.82453447730583,74.0,5167.02,37.0,2583.51,0.0215
SKU_2006,Low Revenue + Low Volatility,17541.78,0.1498,2.0,1.0,25,23.60325002916324,50.0,1180.16,25.0,590.08,0.0149
SKU_2007,Low Revenue + Low Volatility,8974.51,0.1252,2.0,1.0,25,21.312670641675474,50.0,1065.63,25.0,532.82,0.0188
SKU_2008,Low Revenue + Low Volatility,11729.49,0.1364,2.0,1.0,27,24.462845647668306,54.0,1320.99,27.0,660.5,0.0178
SKU_2009,Low Revenue + Low Volatility,13065.38,0.1151,2.0,1.0,17,45.61885936913548,34.0,1551.04,17.0,775.52,0.0109
SKU_2010,Low Revenue + Low Volatility,14954.37,0.1356,2.0,1.0,25,18.69312102116198,50.0,934.66,25.0,467.33,0.0202
SKU_2011,Low Revenue + Low Volatility,16759.58,0.0612,2.0,1.0,20,75.66828314176915,40.0,3026.73,20.0,1513.37,0.0125
SKU_2012,Low Revenue + Low Volatility,10922.11,0.0848,2.0,1.0,15,77.63775950680628,30.0,2329.13,15.0,1164.57,0.0268
SKU_2013,Low Revenue + Low Volatility,14690.7,0.1376,2.0,1.0,10,78.16612972980992,20.0,1563.32,10.0,781.66,0.021
SKU_2014,Low Revenue + Low Volatility,7259.16,0.0702,2.0,1.0,21,12.738736337380386,42.0,535.03,21.0,267.51,0.0269
SKU_2015,Low Revenue + Low Volatility,18989.72,0.0578,2.0,1.0,47,76.23382685360222,94.0,7165.98,47.0,3582.99,0.0291
SKU_2016,Low Revenue + Low Volatility,10745.88,0.1288,2.0,1.0,37,79.81904528321976,74.0,5906.61,37.0,2953.3,0.0289
SKU_2017,Low Revenue + Low Volatility,15942.82,0.1335,2.0,1.0,26,75.9700376541841,52.0,3950.44,26.0,1975.22,0.012
SKU_2018,Low Revenue + Low Volatility,5305.12,0.0663,2.0,1.0,10,56.965723403389426,20.0,1139.31,10.0,569.66,0.0289
SKU_2019,Low Revenue + Low Volatility,8077.81,0.1354,2.0,1.0,41,59.08611066859506,82.0,4845.06,41.0,2422.53,0.0259
SKU_2020,Low Revenue + Low Volatility,12306.24,0.1187,2.0,1.0,17,18.557705791141338,34.0,630.96,17.0,315.48,0.0256
SKU_2021,Low Revenue + Low Volatility,18173.79,0.102,2.0,1.0,49,71.20079539524738,98.0,6977.68,49.0,3488.84,0.0118
SKU_2022,Low Revenue + Low Volatility,12908.83,0.133,2.0,1.0,33,14.174770924014005,66.0,935.53,33.0,467.77,0.0136
SKU_2023,Low Revenue + Low Volatility,18948.06,0.0919,2.0,1.0,19,32.24113826323479,38.0,1225.16,19.0,612.58,0.0295
SKU_2024,Low Revenue + Low Volatility,12256.95,0.0694,2.0,1.0,48,79.38061516037308,96.0,7620.54,48.0,3810.27,0.0143
SKU_2025,Low Revenue + Low Volatility,12356.74,0.0785,2.0,1.0,48,39.56295153720967,96.0,3798.04,48.0,1899.02,0.0134
SKU_2026,Low Revenue + Low Volatility,6796.2,0.1005,2.0,1.0,19,19.180935677568108,38.0,728.88,19.0,364.44,0.0172
SKU_2027,Low Revenue + Low Volatility,17039.84,0.1031,2.0,1.0,45,77.85062634343561,90.0,7006.56,45.0,3503.28,0.0283
SKU_2028,Low Revenue + Low Volatility,8704.48,0.1306,2.0,1.0,34,78.88977529292153,68.0,5364.5,34.0,2682.25,0.0195
SKU_2029,Low Revenue + Low Volatility,18494.19,0.1291,2.0,1.0,19,23.092987966710005,38.0,877.53,19.0,438.77,0.0284
SKU_2030,Low Revenue + Low Volatility,18662.36,0.1081,2.0,1.0,28,70.53626661181195,56.0,3950.03,28.0,1975.02,0.0167
SKU_2031,Low Revenue + Low Volatility,19149.65,0.1281,2.0,1.0,24,37.32963283357242,48.0,1791.82,24.0,895.91,0.0145
SKU_2032,Low Revenue + Low Volatility,12803.46,0.0692,2.0,1.0,25,36.695792514070014,50.0,1834.79,25.0,917.39,0.0199
SKU_2033,Low Revenue + Low Volatility,15156.41,0.055,2.0,1.0,11,28.388834232783115,22.0,624.55,11.0,312.28,0.0223
SKU_2034,Low Revenue + Low Volatility,16677.74,0.1374,2.0,1.0,38,13.129719218842755,76.0,997.86,38.0,498.93,0.0178
SKU_2035,Low Revenue + Low Volatility,6965.22,0.0576,2.0,1.0,13,28.760628857965646,26.0,747.78,13.0,373.89,0.0169
SKU_2036,Low Revenue + Low Volatility,14014.36,0.0747,2.0,1.0,38,13.764383373313642,76.0,1046.09,38.0,523.05,0.0144
SKU_2037,Low Revenue + Low Volatility,5514.47,0.1195,2.0,1.0,40,74.70604324519743,80.0,5976.48,40.0,2988.24,0.0155
SKU_2038,Low Revenue + Low Volatility,12463.49,0.0909,2.0,1.0,26,56.320447067490996,52.0,2928.66,26.0,1464.33,0.0235
SKU_2039,Low Revenue + Low Volatility,7322.64,0.1376,2.0,1.0,19,72.0635855011474,38.0,2738.42,19.0,1369.21,0.0174
SKU_2040,Low Revenue + Low Volatility,7743.84,0.0798,2.0,1.0,36,60.21034770293994,72.0,4335.15,36.0,2167.57,0.0116
SKU_2041,Low Revenue + Low Volatility,10475.71,0.0512,2.0,1.0,24,19.190080975784745,48.0,921.12,24.0,460.56,0.0128
SKU_2042,Low Revenue + Low Volatility,11486.56,0.0801,2.0,1.0,40,75.84070757147086,80.0,6067.26,40.0,3033.63,0.0174
SKU_2043,Low Revenue + Low Volatility,14347.59,0.1078,2.0,1.0,30,72.9925137542937,60.0,4379.55,30.0,2189.78,0.0285
SKU_2044,Low Revenue + Low Volatility,6116.43,0.0876,2.0,1.0,35,34.3653254530725,70.0,2405.57,35.0,1202.79,0.0176
SKU_2045,Low Revenue + Low Volatility,12555.38,0.1035,2.0,1.0,47,17.807333824617356,94.0,1673.89,47.0,836.94,0.0112
SKU_2046,Low Revenue + Low Volatility,7739.38,0.1377,2.0,1.0,45,59.290832555221165,90.0,5336.17,45.0,2668.09,0.0184
SKU_2047,Low Revenue + Low Volatility,13609.63,0.1412,2.0,1.0,26,60.985291191570575,52.0,3171.24,26.0,1585.62,0.0234
SKU_2048,Low Revenue + Low Volatility,14561.07,0.0766,2.0,1.0,12,72.77803313884951,24.0,1746.67,12.0,873.34,0.0219
SKU_2049,Low Revenue + Low Volatility,13350.64,0.0962,2.0,1.0,23,13.685903161575595,46.0,629.55,23.0,314.78,0.0156
SKU_2050,Low Revenue + Low Volatility,16074.43,0.1049,2.0,1.0,22,19.91926866191603,44.0,876.45,22.0,438.22,0.0238
SKU_2051,Low Revenue + Low Volatility,10034.14,0.1449,2.0,1.0,36,51.877415501542764,72.0,3735.17,36.0,1867.59,0.0226
SKU_2052,Low Revenue + Low Volatility,16476.6,0.1499,2.0,1.0,10,53.339208560905774,20.0,1066.78,10.0,533.39,0.0134
SKU_2053,Low Revenue + Low Volatility,11491.51,0.0735,2.0,1.0,26,12.35267636205044,52.0,642.34,26.0,321.17,0.0132
SKU_2054,Low Revenue + Low Volatility,12262.77,0.1227,2.0,1.0,43,37.785243574316084,86.0,3249.53,43.0,1624.77,0.0209
SKU_2055,Low Revenue + Low Volatility,14721.53,0.0878,2.0,1.0,23,50.891321189323435,46.0,2341.0,23.0,1170.5,0.0232
SKU_2056,Low Revenue + Low Volatility,5275.38,0.0508,2.0,1.0,26,61.65379332062137,52.0,3206.0,26.0,1603.0,0.0292
SKU_2057,Low Revenue + Low Volatility,14809.91,0.0509,2.0,1.0,12,32.130548424482996,24.0,771.13,12.0,385.57,0.0184
SKU_2058,Low Revenue + Low Volatility,14278.78,0.0961,2.0,1.0,43,43.8732445115289,86.0,3773.1,43.0,1886.55,0.0253
SKU_2059,Low Revenue + Low Volatility,9647.71,0.0988,2.0,1.0,49,66.98384106184065,98.0,6564.42,49.0,3282.21,0.0123
SKU_2060,Low Revenue + Low Volatility,6286.91,0.0523,2.0,1.0,34,76.77265447284184,68.0,5220.54,34.0,2610.27,0.0278
SKU_2061,Low Revenue + Low Volatility,6364.03,0.1187,2.0,1.0,11,26.122027277289185,22.0,574.68,11.0,287.34,0.0227
SKU_2062,Low Revenue + Low Volatility,18848.36,0.0794,2.0,1.0,43,27.712954407392736,86.0,2383.31,43.0,1191.66,0.0226
SKU_2063,Low Revenue + Low Volatility,15339.19,0.106,2.0,1.0,35,75.78727312037128,70.0,5305.11,35.0,2652.55,0.0128
SKU_2064,Low Revenue + Low Volatility,6906.54,0.0801,2.0,1.0,40,37.71378055338785,80.0,3017.1,40.0,1508.55,0.0108
SKU_2065,Low Revenue + Low Volatility,10350.85,0.0667,2.0,1.0,18,60.28438271645199,36.0,2170.24,18.0,1085.12,0.024
SKU_2066,Low Revenue + Low Volatility,13887.24,0.0907,2.0,1.0,39,52.858566011091334,78.0,4122.97,39.0,2061.48,0.0123
SKU_2067,Low Revenue + Low Volatility,17533.58,0.0732,2.0,1.0,29,29.991137585583942,58.0,1739.49,29.0,869.74,0.0125
SKU_2068,Low Revenue + Low Volatility,5654.91,0.1035,2.0,1.0,30,55.749355537061746,60.0,3344.96,30.0,1672.48,0.0138
SKU_2069,Low Revenue + Low Volatility,8549.5,0.0699,2.0,1.0,38,55.88961306698813,76.0,4247.61,38.0,2123.81,0.012
SKU_2070,Low Revenue + Low Volatility,18346.23,0.1008,2.0,1.0,34,51.47102297863534,68.0,3500.03,34.0,1750.01,0.0225
SKU_2071,Low Revenue + Low Volatility,5137.48,0.0657,2.0,1.0,47,16.9762577394659,94.0,1595.77,47.0,797.88,0.0184
SKU_2072,Low Revenue + Low Volatility,8020.99,0.1171,2.0,1.0,34,79.66202756618264,68.0,5417.02,34.0,2708.51,0.0153
SKU_2073,Low Revenue + Low Volatility,19385.36,0.1254,2.0,1.0,18,38.02915228195792,36.0,1369.05,18.0,684.52,0.0188
SKU_2074,Low Revenue + Low Volatility,14201.03,0.061,2.0,1.0,48,54.67756897778922,96.0,5249.05,48.0,2624.52,0.0269
SKU_2075,Low Revenue + Low Volatility,8925.07,0.0968,2.0,1.0,35,72.00331858788334,70.0,5040.23,35.0,2520.12,0.0285
SKU_2076,Low Revenue + Low Volatility,6004.87,0.0571,2.0,1.0,46,39.63019418938855,92.0,3645.98,46.0,1822.99,0.0197
SKU_2077,Low Revenue + Low Volatility,5422.87,0.1098,2.0,1.0,25,64.1747539763884,50.0,3208.74,25.0,1604.37,0.0213
SKU_2078,Low Revenue + Low Volatility,8671.18,0.0764,2.0,1.0,46,78.02770972755842,92.0,7178.55,46.0,3589.27,0.0151
SKU_2079,Low Revenue + Low Volatility,18222.29,0.1028,2.0,1.0,21,35.12543321771338,42.0,1475.27,21.0,737.63,0.0203
SKU_2080,Low Revenue + Low Volatility,11238.7,0.1017,2.0,1.0,33,38.36886991629157,66.0,2532.35,33.0,1266.17,0.025
SKU_2081,Low Revenue + Low Volatility,15805.0,0.1424,2.0,1.0,35,73.3903241297598,70.0,5137.32,35.0,2568.66,0.0198
SKU_2082,Low Revenue + Low Volatility,18774.28,0.1049,2.0,1.0,29,21.17500074706281,58.0,1228.15,29.0,614.08,0.016
SKU_2083,Low Revenue + Low Volatility,11120.61,0.1083,2.0,1.0,18,12.001638685160962,36.0,432.06,18.0,216.03,0.0216
SKU_2084,Low Revenue + Low Volatility,7869.16,0.0902,2.0,1.0,32,73.62223033943783,64.0,4711.82,32.0,2355.91,0.0289
SKU_2085,Low Revenue + Low Volatility,12756.77,0.1449,2.0,1.0,48,67.51141018823063,96.0,6481.1,48.0,3240.55,0.0278
SKU_2086,Low Revenue + Low Volatility,18621.26,0.1277,2.0,1.0,38,78.08081227859324,76.0,5934.14,38.0,2967.07,0.0254
SKU_2087,Low Revenue + Low Volatility,17065.62,0.0785,2.0,1.0,40,14.076644789747478,80.0,1126.13,40.0,563.07,0.0155
SKU_2088,Low Revenue + Low Volatility,5987.45,0.1344,2.0,1.0,28,20.932413130869108,56.0,1172.22,28.0,586.11,0.0148
SKU_2089,Low Revenue + Low Volatility,15388.59,0.0932,2.0,1.0,29,17.37187913628662,58.0,1007.57,29.0,503.78,0.0268
SKU_2090,Low Revenue + Low Volatility,13578.46,0.1329,2.0,1.0,32,57.839129260559645,64.0,3701.7,32.0,1850.85,0.0136
SKU_2091,Low Revenue + Low Volatility,18611.95,0.1323,2.0,1.0,36,52.420705162300024,72.0,3774.29,36.0,1887.15,0.0221
SKU_2092,Low Revenue + Low Volatility,6837.22,0.0689,2.0,1.0,39,35.15346395710817,78.0,2741.97,39.0,1370.99,0.0188
SKU_2093,Low Revenue + Low Volatility,13010.54,0.1201,2.0,1.0,30,14.019643558157151,60.0,841.18,30.0,420.59,0.0194
SKU_2094,Low Revenue + Low Volatility,18191.94,0.0791,2.0,1.0,44,54.776338883257864,88.0,4820.32,44.0,2410.16,0.0191
SKU_2095,Low Revenue + Low Volatility,11150.36,0.0797,2.0,1.0,16,49.90843395805396,32.0,1597.07,16.0,798.53,0.028
SKU_2096,Low Revenue + Low Volatility,12229.92,0.0796,2.0,1.0,31,17.9032247742431,62.0,1110.0,31.0,555.0,0.0117
SKU_2097,Low Revenue + Low Volatility,6056.91,0.1226,2.0,1.0,19,73.62367931315998,38.0,2797.7,19.0,1398.85,0.0257
SKU_2098,Low Revenue + Low Volatility,9172.15,0.073,2.0,1.0,32,23.92647967703934,64.0,1531.29,32.0,765.65,0.0267
SKU_2099,Low Revenue + Low Volatility,9867.6,0.0501,2.0,1.0,24,62.04564065006995,48.0,2978.19,24.0,1489.1,0.0289
SKU_2100,Low Revenue + Low Volatility,19176.84,0.1215,2.0,1.0,39,71.95531037800637,78.0,5612.51,39.0,2806.26,0.0191
SKU_2101,Low Revenue + Low Volatility,9240.01,0.0671,2.0,1.0,43,50.563249348559594,86.0,4348.44,43.0,2174.22,0.02
SKU_2102,Low Revenue + Low Volatility,11913.03,0.0604,2.0,1.0,22,27.27942337087759,44.0,1200.29,22.0,600.15,0.0292
SKU_2103,Low Revenue + Low Volatility,15069.57,0.0738,2.0,1.0,13,31.647396233759896,26.0,822.83,13.0,411.42,0.0192
SKU_2104,Low Revenue + Low Volatility,7432.75,0.088,2.0,1.0,27,72.00232736031826,54.0,3888.13,27.0,1944.06,0.0201
SKU_2105,Low Revenue + Low Volatility,12296.64,0.0976,2.0,1.0,32,30.878000946353925,64.0,1976.19,32.0,988.1,0.0166
SKU_2106,Low Revenue + Low Volatility,16078.09,0.0545,2.0,1.0,42,62.2333338322113,84.0,5227.6,42.0,2613.8,0.0106
SKU_2107,Low Revenue + Low Volatility,18002.83,0.1471,2.0,1.0,43,79.31156485787837,86.0,6820.79,43.0,3410.4,0.0187
SKU_2108,Low Revenue + Low Volatility,14393.89,0.1216,2.0,1.0,43,79.98717035538745,86.0,6878.9,43.0,3439.45,0.0231
SKU_2109,Low Revenue + Low Volatility,15035.8,0.0823,2.0,1.0,45,47.3435823788532,90.0,4260.92,45.0,2130.46,0.0238
SKU_2110,Low Revenue + Low Volatility,6894.25,0.0819,2.0,1.0,44,67.85890577502684,88.0,5971.58,44.0,2985.79,0.0101
SKU_2111,Low Revenue + Low Volatility,19186.65,0.0949,2.0,1.0,26,79.31749075448397,52.0,4124.51,26.0,2062.25,0.026
SKU_2112,Low Revenue + Low Volatility,6988.61,0.1126,2.0,1.0,37,36.22710228893875,74.0,2680.81,37.0,1340.4,0.0198
SKU_2113,Low Revenue + Low Volatility,16620.09,0.0646,2.0,1.0,23,27.66867095492141,46.0,1272.76,23.0,636.38,0.0204
SKU_2114,Low Revenue + Low Volatility,8972.24,0.0689,2.0,1.0,43,17.996334908952825,86.0,1547.68,43.0,773.84,0.0292
SKU_2115,Low Revenue + Low Volatility,19003.9,0.1359,2.0,1.0,20,19.862974665118827,40.0,794.52,20.0,397.26,0.0157
SKU_2116,Low Revenue + Low Volatility,15799.39,0.0756,2.0,1.0,22,69.74894545344642,44.0,3068.95,22.0,1534.48,0.0252
SKU_2117,Low Revenue + Low Volatility,16307.21,0.088,2.0,1.0,42,51.21061632149518,84.0,4301.69,42.0,2150.85,0.0215
SKU_2118,Low Revenue + Low Volatility,8285.89,0.1371,2.0,1.0,11,71.159642277474,22.0,1565.51,11.0,782.76,0.024
SKU_2119,Low Revenue + Low Volatility,11645.6,0.1163,2.0,1.0,43,65.26185623225179,86.0,5612.52,43.0,2806.26,0.0184
SKU_2120,Low Revenue + Low Volatility,14267.2,0.0842,2.0,1.0,38,57.16212410336124,76.0,4344.32,38.0,2172.16,0.0156
SKU_2121,Low Revenue + Low Volatility,16549.6,0.1184,2.0,1.0,46,52.65185343348025,92.0,4843.97,46.0,2421.99,0.0209
SKU_2122,Low Revenue + Low Volatility,6559.39,0.052,2.0,1.0,13,13.383723292466506,26.0,347.98,13.0,173.99,0.0175
SKU_2123,Low Revenue + Low Volatility,19435.48,0.1236,2.0,1.0,21,71.05926372022346,42.0,2984.49,21.0,1492.24,0.0145
SKU_2124,Low Revenue + Low Volatility,18353.31,0.0987,2.0,1.0,35,39.24894431758,70.0,2747.43,35.0,1373.71,0.0268
SKU_2125,Low Revenue + Low Volatility,9055.23,0.1313,2.0,1.0,37,49.18507999499744,74.0,3639.7,37.0,1819.85,0.0195
SKU_2126,Low Revenue + Low Volatility,17341.4,0.1455,2.0,1.0,12,11.53674513139145,24.0,276.88,12.0,138.44,0.0269
SKU_2127,Low Revenue + Low Volatility,12774.86,0.1426,2.0,1.0,29,75.52514513039509,58.0,4380.46,29.0,2190.23,0.0195
SKU_2128,Low Revenue + Low Volatility,11927.1,0.1409,2.0,1.0,19,73.1918322764401,38.0,2781.29,19.0,1390.64,0.0211
SKU_2129,Low Revenue + Low Volatility,9716.51,0.1012,2.0,1.0,27,48.029462094267394,54.0,2593.59,27.0,1296.8,0.0299
SKU_2130,Low Revenue + Low Volatility,13714.53,0.086,2.0,1.0,36,50.41181432178502,72.0,3629.65,36.0,1814.83,0.029
SKU_2131,Low Revenue + Low Volatility,15948.34,0.0965,2.0,1.0,40,59.35120486824421,80.0,4748.1,40.0,2374.05,0.0154
SKU_2132,Low Revenue + Low Volatility,11163.99,0.119,2.0,1.0,36,28.528642750530505,72.0,2054.06,36.0,1027.03,0.0274
SKU_2133,Low Revenue + Low Volatility,14438.29,0.1384,2.0,1.0,10,25.53409358993118,20.0,510.68,10.0,255.34,0.0178
SKU_2134,Low Revenue + Low Volatility,15489.69,0.0707,2.0,1.0,15,57.18160626211429,30.0,1715.45,15.0,857.72,0.0114
SKU_2135,Low Revenue + Low Volatility,15666.83,0.1418,2.0,1.0,20,17.30957123112357,40.0,692.38,20.0,346.19,0.0215
SKU_2136,Low Revenue + Low Volatility,5779.49,0.1315,2.0,1.0,43,41.78434033063665,86.0,3593.45,43.0,1796.73,0.0295
SKU_2137,Low Revenue + Low Volatility,17896.22,0.1479,2.0,1.0,48,44.493229679936306,96.0,4271.35,48.0,2135.68,0.0295
SKU_2138,Low Revenue + Low Volatility,11873.8,0.138,2.0,1.0,29,36.693588384061755,58.0,2128.23,29.0,1064.11,0.0125
SKU_2139,Low Revenue + Low Volatility,8936.24,0.078,2.0,1.0,30,22.96877229884143,60.0,1378.13,30.0,689.06,0.0254
SKU_2140,Low Revenue + Low Volatility,8626.47,0.0606,2.0,1.0,30,34.87213850277483,60.0,2092.33,30.0,1046.16,0.0261
SKU_2141,Low Revenue + Low Volatility,12245.21,0.0612,2.0,1.0,27,33.6290077492315,54.0,1815.97,27.0,907.98,0.0174
SKU_2142,Low Revenue + Low Volatility,18302.47,0.0791,2.0,1.0,30,44.94859722541253,60.0,2696.92,30.0,1348.46,0.0232
SKU_2143,Low Revenue + Low Volatility,10675.21,0.1114,2.0,1.0,28,57.22765891049636,56.0,3204.75,28.0,1602.37,0.0198
SKU_2144,Low Revenue + Low Volatility,16245.89,0.1304,2.0,1.0,13,77.77645864683194,26.0,2022.19,13.0,1011.09,0.0146
SKU_2145,Low Revenue + Low Volatility,6452.28,0.1399,2.0,1.0,22,20.091428212202977,44.0,884.02,22.0,442.01,0.0252
SKU_2146,Low Revenue + Low Volatility,12140.85,0.1124,2.0,1.0,27,71.11119769587573,54.0,3840.0,27.0,1920.0,0.0153
SKU_2147,Low Revenue + Low Volatility,19875.29,0.0506,2.0,1.0,38,29.892460027318368,76.0,2271.83,38.0,1135.91,0.0168
SKU_2148,Low Revenue + Low Volatility,16556.57,0.0686,2.0,1.0,34,51.39609390009839,68.0,3494.93,34.0,1747.47,0.0138
SKU_2149,Low Revenue + Low Volatility,8157.93,0.06,2.0,1.0,22,48.27158635887076,44.0,2123.95,22.0,1061.97,0.0244
SKU_2150,Low Revenue + Low Volatility,12521.62,0.0863,2.0,1.0,36,48.986389303978406,72.0,3527.02,36.0,1763.51,0.0192
SKU_2151,Low Revenue + Low Volatility,8504.37,0.1001,2.0,1.0,28,60.6351028203169,56.0,3395.57,28.0,1697.78,0.0189
SKU_2152,Low Revenue + Low Volatility,11143.41,0.0543,2.0,1.0,10,36.718181402429714,20.0,734.36,10.0,367.18,0.0221
SKU_2153,Low Revenue + Low Volatility,16701.26,0.0848,2.0,1.0,47,32.3369974265799,94.0,3039.68,47.0,1519.84,0.0131
SKU_2154,Low Revenue + Low Volatility,16568.37,0.0679,2.0,1.0,28,69.6984201229834,56.0,3903.11,28.0,1951.56,0.028
SKU_2155,Low Revenue + Low Volatility,8421.51,0.1147,2.0,1.0,10,25.40665281919892,20.0,508.13,10.0,254.07,0.0193
SKU_2156,Low Revenue + Low Volatility,18833.35,0.0964,2.0,1.0,49,22.617222611780015,98.0,2216.49,49.0,1108.24,0.0173
SKU_2157,Low Revenue + Low Volatility,13888.52,0.0995,2.0,1.0,26,11.092520565868261,52.0,576.81,26.0,288.41,0.0125
SKU_2158,Low Revenue + Low Volatility,10698.86,0.0928,2.0,1.0,30,24.740444742043074,60.0,1484.43,30.0,742.21,0.0134
SKU_2159,Low Revenue + Low Volatility,12529.03,0.1456,2.0,1.0,31,46.29720033216959,62.0,2870.43,31.0,1435.21,0.0284
SKU_2160,Low Revenue + Low Volatility,14076.07,0.0715,2.0,1.0,24,47.69562111098795,48.0,2289.39,24.0,1144.69,0.0191
SKU_2161,Low Revenue + Low Volatility,13398.36,0.1017,2.0,1.0,48,27.809434383687403,96.0,2669.71,48.0,1334.85,0.0244
SKU_2162,Low Revenue + Low Volatility,12296.08,0.1236,2.0,1.0,48,15.059191902883988,96.0,1445.68,48.0,722.84,0.0116
SKU_2163,Low Revenue + Low Volatility,12573.99,0.1057,2.0,1.0,41,62.124855744164435,82.0,5094.24,41.0,2547.12,0.0229
SKU_2164,Low Revenue + Low Volatility,7646.18,0.1429,2.0,1.0,13,63.05827439936098,26.0,1639.52,13.0,819.76,0.0284
SKU_2165,Low Revenue + Low Volatility,17190.99,0.0878,2.0,1.0,41,79.8485477404093,82.0,6547.58,41.0,3273.79,0.016
SKU_2166,Low Revenue + Low Volatility,13126.4,0.0964,2.0,1.0,13,73.00206993743024,26.0,1898.05,13.0,949.03,0.0216
SKU_2167,Low Revenue + Low Volatility,6966.2,0.0589,2.0,1.0,10,74.82434451623497,20.0,1496.49,10.0,748.24,0.0288
SKU_2168,Low Revenue + Low Volatility,16492.36,0.1109,2.0,1.0,42,65.87426780207593,84.0,5533.44,42.0,2766.72,0.0244
SKU_2169,Low Revenue + Low Volatility,18986.66,0.0788,2.0,1.0,16,53.08519973677494,32.0,1698.73,16.0,849.36,0.0112
SKU_2170,Low Revenue + Low Volatility,19209.6,0.066,2.0,1.0,18,18.998217032315736,36.0,683.94,18.0,341.97,0.0176
SKU_2171,Low Revenue + Low Volatility,10535.27,0.1045,2.0,1.0,10,53.56193082191144,20.0,1071.24,10.0,535.62,0.0117
SKU_2172,Low Revenue + Low Volatility,7032.75,0.1032,2.0,1.0,25,13.916910229023864,50.0,695.85,25.0,347.92,0.0272
SKU_2173,Low Revenue + Low Volatility,12775.99,0.0576,2.0,1.0,27,71.97093778898346,54.0,3886.43,27.0,1943.22,0.0224
SKU_2174,Low Revenue + Low Volatility,6689.14,0.1198,2.0,1.0,15,43.72749347899382,30.0,1311.82,15.0,655.91,0.0291
SKU_2175,Low Revenue + Low Volatility,19009.81,0.1124,2.0,1.0,11,58.82309823830602,22.0,1294.11,11.0,647.05,0.0104
SKU_2176,Low Revenue + Low Volatility,7753.69,0.0689,2.0,1.0,18,13.65705645871748,36.0,491.65,18.0,245.83,0.0185
SKU_2177,Low Revenue + Low Volatility,8791.49,0.0969,2.0,1.0,13,47.39738960459778,26.0,1232.33,13.0,616.17,0.0121
SKU_2178,Low Revenue + Low Volatility,11099.55,0.122,2.0,1.0,32,31.088437849735378,64.0,1989.66,32.0,994.83,0.017
SKU_2179,Low Revenue + Low Volatility,10747.47,0.1029,2.0,1.0,17,29.947778601607197,34.0,1018.22,17.0,509.11,0.0132
SKU_2180,Low Revenue + Low Volatility,16919.94,0.0895,2.0,1.0,48,37.275914029222776,96.0,3578.49,48.0,1789.24,0.0166
SKU_2181,Low Revenue + Low Volatility,11844.75,0.0822,2.0,1.0,34,10.044762260237443,68.0,683.04,34.0,341.52,0.0264
SKU_2182,Low Revenue + Low Volatility,7561.52,0.111,2.0,1.0,25,42.666261720412145,50.0,2133.31,25.0,1066.66,0.0132
SKU_2183,Low Revenue + Low Volatility,9008.15,0.1439,2.0,1.0,44,44.059667852555684,88.0,3877.25,44.0,1938.63,0.0195
SKU_2184,Low Revenue + Low Volatility,12636.7,0.1172,2.0,1.0,26,70.41916410873449,52.0,3661.8,26.0,1830.9,0.0284
SKU_2185,Low Revenue + Low Volatility,7211.81,0.0575,2.0,1.0,27,41.39679255177377,54.0,2235.43,27.0,1117.71,0.03
SKU_2186,Low Revenue + Low Volatility,14174.84,0.0961,2.0,1.0,36,35.4489405707371,72.0,2552.32,36.0,1276.16,0.015
SKU_2187,Low Revenue + Low Volatility,13486.21,0.1391,2.0,1.0,24,79.63229359537243,48.0,3822.35,24.0,1911.18,0.0287
SKU_2188,Low Revenue + Low Volatility,15720.53,0.0594,2.0,1.0,26,49.98493272217474,52.0,2599.22,26.0,1299.61,0.0152
SKU_2189,Low Revenue + Low Volatility,19065.57,0.1489,2.0,1.0,14,43.08292460438976,28.0,1206.32,14.0,603.16,0.0183
SKU_2190,Low Revenue + Low Volatility,18683.82,0.1449,2.0,1.0,25,44.71550841838656,50.0,2235.78,25.0,1117.89,0.0276
SKU_2191,Low Revenue + Low Volatility,19191.13,0.0578,2.0,1.0,24,66.64269082561636,48.0,3198.85,24.0,1599.42,0.0257
SKU_2192,Low Revenue + Low Volatility,8670.73,0.1433,2.0,1.0,43,33.847345827911255,86.0,2910.87,43.0,1455.44,0.0271
SKU_2193,Low Revenue + Low Volatility,6973.48,0.0863,2.0,1.0,28,37.24123238801619,56.0,2085.51,28.0,1042.75,0.026
SKU_2194,Low Revenue + Low Volatility,9534.15,0.1345,2.0,1.0,17,62.911135153622574,34.0,2138.98,17.0,1069.49,0.0147
SKU_2195,Low Revenue + Low Volatility,18426.28,0.0918,2.0,1.0,19,15.108861772963863,38.0,574.14,19.0,287.07,0.0212
SKU_2196,Low Revenue + Low Volatility,19580.8,0.0941,2.0,1.0,14,70.56184107002811,28.0,1975.73,14.0,987.87,0.0177
SKU_2197,Low Revenue + Low Volatility,17889.87,0.1134,2.0,1.0,35,40.1141887527579,70.0,2807.99,35.0,1404.0,0.0192
SKU_2198,Low Revenue + Low Volatility,6650.27,0.1274,2.0,1.0,31,50.69050828539539,62.0,3142.81,31.0,1571.41,0.0131
SKU_2199,Low Revenue + Low Volatility,19211.42,0.0534,2.0,1.0,32,63.02333114818846,64.0,4033.49,32.0,2016.75,0.0163
SKU_2200,Low Revenue + Low Volatility,11350.37,0.1093,2.0,1.0,22,28.623634570754138,44.0,1259.44,22.0,629.72,0.0272
SKU_2201,Low Revenue + Low Volatility,5139.65,0.0687,2.0,1.0,18,72.32199458244557,36.0,2603.59,18.0,1301.8,0.028
SKU_2202,Low Revenue + Low Volatility,11635.91,0.0846,2.0,1.0,29,78.54574805796275,58.0,4555.65,29.0,2277.83,0.0222
SKU_2203,Low Revenue + Low Volatility,5691.04,0.0848,2.0,1.0,37,44.59920529842872,74.0,3300.34,37.0,1650.17,0.02
SKU_2204,Low Revenue + Low Volatility,13158.17,0.0969,2.0,1.0,46,75.58561555228714,92.0,6953.88,46.0,3476.94,0.0243
SKU_2205,Low Revenue + Low Volatility,10078.31,0.0834,2.0,1.0,33,10.079003576888793,66.0,665.21,33.0,332.61,0.0222
SKU_2206,Low Revenue + Low Volatility,12101.52,0.0607,2.0,1.0,42,72.59664807448698,84.0,6098.12,42.0,3049.06,0.0297
SKU_2207,Low Revenue + Low Volatility,14197.56,0.0646,2.0,1.0,29,31.77317238259139,58.0,1842.84,29.0,921.42,0.0138
SKU_2208,Low Revenue + Low Volatility,18032.02,0.0533,2.0,1.0,39,31.804679730932136,78.0,2480.77,39.0,1240.38,0.019
SKU_2209,Low Revenue + Low Volatility,14928.52,0.097,2.0,1.0,18,25.966220533895758,36.0,934.78,18.0,467.39,0.0284
SKU_2210,Low Revenue + Low Volatility,11510.73,0.1454,2.0,1.0,26,32.19097308056313,52.0,1673.93,26.0,836.97,0.0283
SKU_2211,Low Revenue + Low Volatility,17291.42,0.0616,2.0,1.0,45,24.943920858904455,90.0,2244.95,45.0,1122.48,0.0199
SKU_2212,Low Revenue + Low Volatility,18583.73,0.1446,2.0,1.0,23,73.41083744169802,46.0,3376.9,23.0,1688.45,0.0127
SKU_2213,Low Revenue + Low Volatility,6796.4,0.1233,2.0,1.0,28,72.93166090493565,56.0,4084.17,28.0,2042.09,0.0263
SKU_2214,Low Revenue + Low Volatility,12978.99,0.1137,2.0,1.0,16,17.154792044443575,32.0,548.95,16.0,274.48,0.0217
SKU_2215,Low Revenue + Low Volatility,9267.68,0.1145,2.0,1.0,12,20.000090020654472,24.0,480.0,12.0,240.0,0.0255
SKU_2216,Low Revenue + Low Volatility,5705.92,0.1327,2.0,1.0,42,70.34130473074666,84.0,5908.67,42.0,2954.33,0.0193
SKU_2217,Low Revenue + Low Volatility,15028.2,0.0607,2.0,1.0,41,37.92564396109222,82.0,3109.9,41.0,1554.95,0.0141
SKU_2218,Low Revenue + Low Volatility,17941.56,0.1005,2.0,1.0,20,21.84901741374948,40.0,873.96,20.0,436.98,0.0105
SKU_2219,Low Revenue + Low Volatility,7443.54,0.1197,2.0,1.0,11,45.746858170559705,22.0,1006.43,11.0,503.22,0.0212
SKU_2220,Low Revenue + Low Volatility,17186.2,0.1087,2.0,1.0,35,39.16676349440665,70.0,2741.67,35.0,1370.84,0.0132
SKU_2221,Low Revenue + Low Volatility,17800.94,0.1333,2.0,1.0,13,25.341308761657565,26.0,658.87,13.0,329.44,0.0137
SKU_2222,Low Revenue + Low Volatility,18715.11,0.0572,2.0,1.0,26,60.4526552794344,52.0,3143.54,26.0,1571.77,0.0187
SKU_2223,Low Revenue + Low Volatility,8979.28,0.1191,2.0,1.0,26,54.19025186329116,52.0,2817.89,26.0,1408.95,0.0188
SKU_2224,Low Revenue + Low Volatility,18559.3,0.1034,2.0,1.0,37,16.97631294888084,74.0,1256.25,37.0,628.12,0.0155
SKU_2225,Low Revenue + Low Volatility,9809.94,0.0879,2.0,1.0,39,74.77707000277397,78.0,5832.61,39.0,2916.31,0.0126
SKU_2226,Low Revenue + Low Volatility,13285.07,0.084,2.0,1.0,49,49.09289760110484,98.0,4811.1,49.0,2405.55,0.0289
SKU_2227,Low Revenue + Low Volatility,5757.61,0.1121,2.0,1.0,32,27.514314094447926,64.0,1760.92,32.0,880.46,0.0126
SKU_2228,Low Revenue + Low Volatility,5658.22,0.1391,2.0,1.0,33,24.440427055065445,66.0,1613.07,33.0,806.53,0.017
SKU_2229,Low Revenue + Low Volatility,15805.6,0.0996,2.0,1.0,38,19.51635869605411,76.0,1483.24,38.0,741.62,0.0161
SKU_2230,Low Revenue + Low Volatility,11667.2,0.1325,2.0,1.0,13,39.72461844732455,26.0,1032.84,13.0,516.42,0.0273
SKU_2231,Low Revenue + Low Volatility,8844.39,0.0902,2.0,1.0,47,19.487870916358574,94.0,1831.86,47.0,915.93,0.0182
SKU_2232,Low Revenue + Low Volatility,7856.2,0.0602,2.0,1.0,38,39.107148881665836,76.0,2972.14,38.0,1486.07,0.0125
SKU_2233,Low Revenue + Low Volatility,15049.3,0.0562,2.0,1.0,28,20.41392997638824,56.0,1143.18,28.0,571.59,0.0102
SKU_2234,Low Revenue + Low Volatility,5006.02,0.0551,2.0,1.0,36,55.97652650667225,72.0,4030.31,36.0,2015.15,0.0244
SKU_2235,Low Revenue + Low Volatility,17088.37,0.088,2.0,1.0,38,64.96694151804508,76.0,4937.49,38.0,2468.74,0.0243
SKU_2236,Low Revenue + Low Volatility,6188.74,0.0837,2.0,1.0,45,48.46659232659311,90.0,4361.99,45.0,2181.0,0.0184
SKU_2237,Low Revenue + Low Volatility,7872.34,0.1218,2.0,1.0,44,57.60398123984281,88.0,5069.15,44.0,2534.58,0.0125
SKU_2238,Low Revenue + Low Volatility,10793.55,0.1243,2.0,1.0,15,75.68651159588427,30.0,2270.6,15.0,1135.3,0.0174
SKU_2239,Low Revenue + Low Volatility,12272.88,0.0551,2.0,1.0,32,54.68600706994255,64.0,3499.9,32.0,1749.95,0.0218
SKU_2240,Low Revenue + Low Volatility,10324.93,0.0721,2.0,1.0,48,35.49107387287178,96.0,3407.14,48.0,1703.57,0.0241
SKU_2241,Low Revenue + Low Volatility,9810.68,0.0774,2.0,1.0,17,41.46361110724409,34.0,1409.76,17.0,704.88,0.0116
SKU_2242,Low Revenue + Low Volatility,19458.74,0.1048,2.0,1.0,11,70.2367658250426,22.0,1545.21,11.0,772.6,0.0211
SKU_2243,Low Revenue + Low Volatility,14623.7,0.0645,2.0,1.0,22,19.15042232650675,44.0,842.62,22.0,421.31,0.0155
SKU_2244,Low Revenue + Low Volatility,5351.49,0.0634,2.0,1.0,49,32.80159157153029,98.0,3214.56,49.0,1607.28,0.0223
SKU_2245,Low Revenue + Low Volatility,11452.64,0.1444,2.0,1.0,30,50.40960482793389,60.0,3024.58,30.0,1512.29,0.023
SKU_2246,Low Revenue + Low Volatility,18125.13,0.1304,2.0,1.0,40,57.34726985859041,80.0,4587.78,40.0,2293.89,0.0282
SKU_2247,Low Revenue + Low Volatility,9521.84,0.0681,2.0,1.0,45,63.44493528021937,90.0,5710.04,45.0,2855.02,0.0182
SKU_2248,Low Revenue + Low Volatility,6418.35,0.0907,2.0,1.0,47,32.2744757197261,94.0,3033.8,47.0,1516.9,0.0208
SKU_2249,Low Revenue + Low Volatility,16375.77,0.0856,2.0,1.0,36,20.21013938064052,72.0,1455.13,36.0,727.57,0.0154
SKU_2250,Low Revenue + Low Volatility,14090.21,0.1291,2.0,1.0,45,76.83874467735919,90.0,6915.49,45.0,3457.74,0.0157
SKU_2251,Low Revenue + Low Volatility,13554.69,0.101,2.0,1.0,32,15.347455199242763,64.0,982.24,32.0,491.12,0.0109
SKU_2252,Low Revenue + Low Volatility,5803.65,0.0628,2.0,1.0,30,16.70637490508198,60.0,1002.38,30.0,501.19,0.0157
SKU_2253,Low Revenue + Low Volatility,7107.49,0.1239,2.0,1.0,22,44.64597793313782,44.0,1964.42,22.0,982.21,0.0113
SKU_2254,Low Revenue + Low Volatility,14338.24,0.0897,2.0,1.0,46,67.34897197005188,92.0,6196.11,46.0,3098.05,0.0293
SKU_2255,Low Revenue + Low Volatility,8117.36,0.0763,2.0,1.0,35,64.21528744487287,70.0,4495.07,35.0,2247.54,0.0225
SKU_2256,Low Revenue + Low Volatility,12561.05,0.0875,2.0,1.0,49,75.63894863358642,98.0,7412.62,49.0,3706.31,0.0135
SKU_2257,Low Revenue + Low Volatility,13173.23,0.0998,2.0,1.0,16,19.912180292909188,32.0,637.19,16.0,318.59,0.0123
SKU_2258,Low Revenue + Low Volatility,9252.61,0.0843,2.0,1.0,48,36.30090799437052,96.0,3484.89,48.0,1742.44,0.0174
SKU_2259,Low Revenue + Low Volatility,19226.38,0.0742,2.0,1.0,31,29.749949010519707,62.0,1844.5,31.0,922.25,0.0162
SKU_2260,Low Revenue + Low Volatility,17636.96,0.0899,2.0,1.0,48,70.26090864882704,96.0,6745.05,48.0,3372.52,0.0156
SKU_2261,Low Revenue + Low Volatility,15835.6,0.0519,2.0,1.0,32,44.18482341968402,64.0,2827.83,32.0,1413.91,0.0194
SKU_2262,Low Revenue + Low Volatility,6169.91,0.1272,2.0,1.0,39,11.879355409096645,78.0,926.59,39.0,463.29,0.0283
SKU_2263,Low Revenue + Low Volatility,6591.95,0.0671,2.0,1.0,27,59.55750847868776,54.0,3216.11,27.0,1608.05,0.0214
SKU_2264,Low Revenue + Low Volatility,12391.72,0.0544,2.0,1.0,27,37.20886684786218,54.0,2009.28,27.0,1004.64,0.0204
SKU_2265,Low Revenue + Low Volatility,7410.7,0.1154,2.0,1.0,19,47.18027343597086,38.0,1792.85,19.0,896.43,0.0261
SKU_2266,Low Revenue + Low Volatility,19673.98,0.1274,2.0,1.0,48,72.56511989069986,96.0,6966.25,48.0,3483.13,0.0101
SKU_2267,Low Revenue + Low Volatility,7377.8,0.1314,2.0,1.0,39,27.971644224296817,78.0,2181.79,39.0,1090.89,0.0139
SKU_2268,Low Revenue + Low Volatility,12312.02,0.0994,2.0,1.0,35,26.818527292852398,70.0,1877.3,35.0,938.65,0.0199
SKU_2269,Low Revenue + Low Volatility,10461.82,0.0705,2.0,1.0,16,28.423475292606252,32.0,909.55,16.0,454.78,0.0241
SKU_2270,Low Revenue + Low Volatility,14590.8,0.1237,2.0,1.0,16,33.667559388179185,32.0,1077.36,16.0,538.68,0.0197
SKU_2271,Low Revenue + Low Volatility,6935.55,0.12,2.0,1.0,14,17.514778225226976,28.0,490.41,14.0,245.21,0.0133
SKU_2272,Low Revenue + Low Volatility,11454.75,0.0746,2.0,1.0,10,58.805376256601264,20.0,1176.11,10.0,588.05,0.0286
SKU_2273,Low Revenue + Low Volatility,9120.58,0.1403,2.0,1.0,27,24.51791024803956,54.0,1323.97,27.0,661.98,0.0166
SKU_2274,Low Revenue + Low Volatility,18316.27,0.0604,2.0,1.0,22,74.830202308941,44.0,3292.53,22.0,1646.26,0.0258
SKU_2275,Low Revenue + Low Volatility,5608.79,0.1483,2.0,1.0,34,25.098041973690947,68.0,1706.67,34.0,853.33,0.0278
SKU_2276,Low Revenue + Low Volatility,18705.91,0.136,2.0,1.0,49,27.894942051614258,98.0,2733.7,49.0,1366.85,0.0169
SKU_2277,Low Revenue + Low Volatility,17494.91,0.1188,2.0,1.0,17,30.791416016757147,34.0,1046.91,17.0,523.45,0.0269
SKU_2278,Low Revenue + Low Volatility,9463.56,0.1439,2.0,1.0,19,63.79766679079912,38.0,2424.31,19.0,1212.16,0.0242
SKU_2279,Low Revenue + Low Volatility,16839.36,0.1222,2.0,1.0,41,39.93245412094208,82.0,3274.46,41.0,1637.23,0.0281
SKU_2280,Low Revenue + Low Volatility,5468.2,0.069,2.0,1.0,26,67.3534236821433,52.0,3502.38,26.0,1751.19,0.015
SKU_2281,Low Revenue + Low Volatility,19502.98,0.0942,2.0,1.0,47,64.9397598649052,94.0,6104.34,47.0,3052.17,0.0286
SKU_2282,Low Revenue + Low Volatility,12898.92,0.0572,2.0,1.0,24,75.06432959372266,48.0,3603.09,24.0,1801.54,0.0113
SKU_2283,Low Revenue + Low Volatility,9549.22,0.089,2.0,1.0,24,62.96229085728383,48.0,3022.19,24.0,1511.09,0.0259
SKU_2284,Low Revenue + Low Volatility,10438.75,0.1242,2.0,1.0,49,13.633781876834398,98.0,1336.11,49.0,668.06,0.0187
SKU_2285,Low Revenue + Low Volatility,5996.08,0.0886,2.0,1.0,29,68.60968915893409,58.0,3979.36,29.0,1989.68,0.0136
SKU_2286,Low Revenue + Low Volatility,19840.24,0.083,2.0,1.0,24,75.66508176937879,48.0,3631.92,24.0,1815.96,0.0116
SKU_2287,Low Revenue + Low Volatility,5589.38,0.1095,2.0,1.0,44,79.55824347847683,88.0,7001.13,44.0,3500.56,0.0178
SKU_2288,Low Revenue + Low Volatility,14823.61,0.1372,2.0,1.0,15,18.76873158927256,30.0,563.06,15.0,281.53,0.0178
SKU_2289,Low Revenue + Low Volatility,11641.04,0.0548,2.0,1.0,39,52.929128852857424,78.0,4128.47,39.0,2064.24,0.0146
SKU_2290,Low Revenue + Low Volatility,19233.74,0.0885,2.0,1.0,17,23.96210661189116,34.0,814.71,17.0,407.36,0.0143
SKU_2291,Low Revenue + Low Volatility,8690.0,0.0658,2.0,1.0,40,28.37567486388193,80.0,2270.05,40.0,1135.03,0.018
SKU_2292,Low Revenue + Low Volatility,12981.3,0.1195,2.0,1.0,41,62.190903675600055,82.0,5099.65,41.0,2549.83,0.0182
SKU_2293,Low Revenue + Low Volatility,12235.34,0.0606,2.0,1.0,24,78.43674023893422,48.0,3764.96,24.0,1882.48,0.0188
SKU_2294,Low Revenue + Low Volatility,15543.0,0.1165,2.0,1.0,27,51.639885102411604,54.0,2788.55,27.0,1394.28,0.0274
SKU_2295,Low Revenue + Low Volatility,6020.15,0.0786,2.0,1.0,22,69.54091288755731,44.0,3059.8,22.0,1529.9,0.0222
SKU_2296,Low Revenue + Low Volatility,7906.84,0.0699,2.0,1.0,33,10.621866268017953,66.0,701.04,33.0,350.52,0.0104
SKU_2297,Low Revenue + Low Volatility,8218.47,0.1436,2.0,1.0,49,12.564214789473347,98.0,1231.29,49.0,615.65,0.0204
SKU_2298,Low Revenue + Low Volatility,16072.26,0.0519,2.0,1.0,23,51.770703612810436,46.0,2381.45,23.0,1190.73,0.0252
SKU_2299,Low Revenue + Low Volatility,7837.08,0.0938,2.0,1.0,37,37.22881711203074,74.0,2754.93,37.0,1377.47,0.0111
SKU_2300,Low Revenue + Low Volatility,13602.38,0.0522,2.0,1.0,20,72.28304704812078,40.0,2891.32,20.0,1445.66,0.0185
SKU_2301,Low Revenue + Low Volatility,8228.66,0.0984,2.0,1.0,15,31.138733916001364,30.0,934.16,15.0,467.08,0.019
SKU_2302,Low Revenue + Low Volatility,17924.37,0.1001,2.0,1.0,34,40.24357192528332,68.0,2736.56,34.0,1368.28,0.0291
SKU_2303,Low Revenue + Low Volatility,19132.78,0.0822,2.0,1.0,10,46.95364384820977,20.0,939.07,10.0,469.54,0.0195
SKU_2304,Low Revenue + Low Volatility,12777.39,0.0632,2.0,1.0,34,29.112718302037326,68.0,1979.66,34.0,989.83,0.025
SKU_2305,Low Revenue + Low Volatility,10284.63,0.0876,2.0,1.0,11,73.5946407217306,22.0,1619.08,11.0,809.54,0.0161
SKU_2306,Low Revenue + Low Volatility,8510.87,0.1172,2.0,1.0,41,42.5173509260668,82.0,3486.42,41.0,1743.21,0.0256
SKU_2307,Low Revenue + Low Volatility,5746.72,0.1282,2.0,1.0,22,39.690892638331185,44.0,1746.4,22.0,873.2,0.0165
SKU_2308,Low Revenue + Low Volatility,9027.5,0.1031,2.0,1.0,42,69.48271342540329,84.0,5836.55,42.0,2918.27,0.0186
SKU_2309,Low Revenue + Low Volatility,14813.54,0.109,2.0,1.0,41,31.83848811535289,82.0,2610.76,41.0,1305.38,0.0196
SKU_2310,Low Revenue + Low Volatility,13004.25,0.0701,2.0,1.0,33,67.22257411576726,66.0,4436.69,33.0,2218.34,0.0285
SKU_2311,Low Revenue + Low Volatility,19160.62,0.0787,2.0,1.0,36,18.559099690494463,72.0,1336.26,36.0,668.13,0.0111
SKU_2312,Low Revenue + Low Volatility,10944.16,0.0662,2.0,1.0,13,22.795197335542973,26.0,592.68,13.0,296.34,0.0139
SKU_2313,Low Revenue + Low Volatility,15407.95,0.0749,2.0,1.0,33,76.55891663202144,66.0,5052.89,33.0,2526.44,0.0241
SKU_2314,Low Revenue + Low Volatility,12339.84,0.0725,2.0,1.0,32,68.97132435653955,64.0,4414.16,32.0,2207.08,0.0216
SKU_2315,Low Revenue + Low Volatility,12688.64,0.1019,2.0,1.0,38,37.15292310194844,76.0,2823.62,38.0,1411.81,0.015
SKU_2316,Low Revenue + Low Volatility,9016.61,0.1063,2.0,1.0,43,54.69195141019206,86.0,4703.51,43.0,2351.75,0.0158
SKU_2317,Low Revenue + Low Volatility,11824.26,0.1445,2.0,1.0,30,76.0079132601669,60.0,4560.47,30.0,2280.24,0.0173
SKU_2318,Low Revenue + Low Volatility,12061.77,0.0696,2.0,1.0,39,24.8301232004859,78.0,1936.75,39.0,968.37,0.019
SKU_2319,Low Revenue + Low Volatility,15599.64,0.1142,2.0,1.0,35,14.130732915610047,70.0,989.15,35.0,494.58,0.0264
SKU_2320,Low Revenue + Low Volatility,19109.6,0.1317,2.0,1.0,29,47.622764515371365,58.0,2762.12,29.0,1381.06,0.0103
SKU_2321,Low Revenue + Low Volatility,9939.82,0.106,2.0,1.0,25,19.98178150645153,50.0,999.09,25.0,499.54,0.028
SKU_2322,Low Revenue + Low Volatility,5633.01,0.0755,2.0,1.0,12,23.11233648979626,24.0,554.7,12.0,277.35,0.0183
SKU_2323,Low Revenue + Low Volatility,12444.43,0.0763,2.0,1.0,46,72.40774328121056,92.0,6661.51,46.0,3330.76,0.0146
SKU_2324,Low Revenue + Low Volatility,13166.92,0.0539,2.0,1.0,49,10.518242105142393,98.0,1030.79,49.0,515.39,0.0202
SKU_2325,Low Revenue + Low Volatility,7526.61,0.0805,2.0,1.0,34,67.1774018524708,68.0,4568.06,34.0,2284.03,0.0232
SKU_2326,Low Revenue + Low Volatility,16406.97,0.1245,2.0,1.0,32,46.18655434349253,64.0,2955.94,32.0,1477.97,0.0109
SKU_2327,Low Revenue + Low Volatility,19773.94,0.0548,2.0,1.0,10,49.15060713517103,20.0,983.01,10.0,491.51,0.0243
SKU_2328,Low Revenue + Low Volatility,19186.62,0.0719,2.0,1.0,42,57.02375723194537,84.0,4790.0,42.0,2395.0,0.0252
SKU_2329,Low Revenue + Low Volatility,7956.59,0.1206,2.0,1.0,24,40.201149461560725,48.0,1929.66,24.0,964.83,0.0133
SKU_2330,Low Revenue + Low Volatility,18130.45,0.1283,2.0,1.0,26,18.092832173469034,52.0,940.83,26.0,470.41,0.0134
SKU_2331,Low Revenue + Low Volatility,15567.4,0.0955,2.0,1.0,43,17.197415666337665,86.0,1478.98,43.0,739.49,0.0141
SKU_2332,Low Revenue + Low Volatility,11807.7,0.1198,2.0,1.0,26,62.805353942875975,52.0,3265.88,26.0,1632.94,0.0259
SKU_2333,Low Revenue + Low Volatility,13109.16,0.0888,2.0,1.0,13,25.472460028709943,26.0,662.28,13.0,331.14,0.0154
SKU_2334,Low Revenue + Low Volatility,17744.0,0.066,2.0,1.0,22,11.967117853235095,44.0,526.55,22.0,263.28,0.0259
SKU_2335,Low Revenue + Low Volatility,12202.02,0.0898,2.0,1.0,13,78.57297223692588,26.0,2042.9,13.0,1021.45,0.0208
SKU_2336,Low Revenue + Low Volatility,10598.11,0.108,2.0,1.0,16,78.62740635524854,32.0,2516.08,16.0,1258.04,0.0253
SKU_2337,Low Revenue + Low Volatility,12398.71,0.1448,2.0,1.0,18,36.46989361406459,36.0,1312.92,18.0,656.46,0.0211
SKU_2338,Low Revenue + Low Volatility,13686.95,0.0569,2.0,1.0,32,11.786669118997924,64.0,754.35,32.0,377.17,0.0167
SKU_2339,Low Revenue + Low Volatility,7836.16,0.1007,2.0,1.0,42,60.90852610149248,84.0,5116.32,42.0,2558.16,0.0282
SKU_2340,Low Revenue + Low Volatility,18513.62,0.0829,2.0,1.0,42,68.17084423399685,84.0,5726.35,42.0,2863.18,0.0243
SKU_2341,Low Revenue + Low Volatility,15112.8,0.1008,2.0,1.0,29,18.750958308106682,58.0,1087.56,29.0,543.78,0.0197
SKU_2342,Low Revenue + Low Volatility,14499.03,0.0524,2.0,1.0,13,19.48210304364654,26.0,506.53,13.0,253.27,0.0227
SKU_2343,Low Revenue + Low Volatility,6492.44,0.0813,2.0,1.0,10,67.55567997877534,20.0,1351.11,10.0,675.56,0.0223
SKU_2344,Low Revenue + Low Volatility,14062.61,0.132,2.0,1.0,43,74.53351721006644,86.0,6409.88,43.0,3204.94,0.0172
SKU_2345,Low Revenue + Low Volatility,6814.41,0.1054,2.0,1.0,36,65.35283856719047,72.0,4705.4,36.0,2352.7,0.0185
SKU_2346,Low Revenue + Low Volatility,6180.47,0.0951,2.0,1.0,30,24.05214644186707,60.0,1443.13,30.0,721.56,0.0164
SKU_2347,Low Revenue + Low Volatility,12909.66,0.0786,2.0,1.0,33,38.80648536039547,66.0,2561.23,33.0,1280.61,0.03
SKU_2348,Low Revenue + Low Volatility,11041.78,0.0798,2.0,1.0,24,52.05896981061399,48.0,2498.83,24.0,1249.42,0.0216
SKU_2349,Low Revenue + Low Volatility,13832.15,0.0883,2.0,1.0,44,21.22054316745801,88.0,1867.41,44.0,933.7,0.0118
SKU_2350,Low Revenue + Low Volatility,6338.33,0.1336,2.0,1.0,34,24.74217448427558,68.0,1682.47,34.0,841.23,0.0204
SKU_2351,Low Revenue + Low Volatility,11464.75,0.1467,2.0,1.0,18,29.80202504479885,36.0,1072.87,18.0,536.44,0.011
SKU_2352,Low Revenue + Low Volatility,7621.8,0.0939,2.0,1.0,26,45.66592892035855,52.0,2374.63,26.0,1187.31,0.0158
SKU_2353,Low Revenue + Low Volatility,19806.5,0.0893,2.0,1.0,30,45.75634210242833,60.0,2745.38,30.0,1372.69,0.0189
SKU_2354,Low Revenue + Low Volatility,13417.25,0.1347,2.0,1.0,22,67.00061635432868,44.0,2948.03,22.0,1474.01,0.0207
SKU_2355,Low Revenue + Low Volatility,15311.55,0.0927,2.0,1.0,12,62.71071404813379,24.0,1505.06,12.0,752.53,0.0295
SKU_2356,Low Revenue + Low Volatility,9881.27,0.1052,2.0,1.0,13,73.96149725769594,26.0,1923.0,13.0,961.5,0.0296
SKU_2357,Low Revenue + Low Volatility,6421.08,0.0731,2.0,1.0,13,68.30312059772174,26.0,1775.88,13.0,887.94,0.012
SKU_2358,Low Revenue + Low Volatility,19638.06,0.1244,2.0,1.0,37,27.77142838139583,74.0,2055.09,37.0,1027.54,0.0208
SKU_2359,Low Revenue + Low Volatility,9293.89,0.1032,2.0,1.0,16,33.19077385127999,32.0,1062.1,16.0,531.05,0.0263
SKU_2360,Low Revenue + Low Volatility,11357.12,0.1309,2.0,1.0,35,45.02962705427736,70.0,3152.07,35.0,1576.04,0.0148
SKU_2361,Low Revenue + Low Volatility,14747.96,0.1281,2.0,1.0,20,10.998979419455122,40.0,439.96,20.0,219.98,0.025
SKU_2362,Low Revenue + Low Volatility,5370.46,0.0715,2.0,1.0,33,73.2731404398605,66.0,4836.03,33.0,2418.01,0.0276
SKU_2363,Low Revenue + Low Volatility,17153.89,0.1216,2.0,1.0,19,13.104094879363746,38.0,497.96,19.0,248.98,0.0232
SKU_2364,Low Revenue + Low Volatility,13048.67,0.13,2.0,1.0,46,32.57088895716454,92.0,2996.52,46.0,1498.26,0.0166
SKU_2365,Low Revenue + Low Volatility,9173.26,0.0846,2.0,1.0,22,49.842235383748466,44.0,2193.06,22.0,1096.53,0.0285
SKU_2366,Low Revenue + Low Volatility,5924.12,0.0673,2.0,1.0,48,46.248897202480606,96.0,4439.89,48.0,2219.95,0.0277
SKU_2367,Low Revenue + Low Volatility,7437.48,0.0503,2.0,1.0,28,55.812192497811225,56.0,3125.48,28.0,1562.74,0.0243
SKU_2368,Low Revenue + Low Volatility,18425.51,0.0951,2.0,1.0,28,46.92641227059463,56.0,2627.88,28.0,1313.94,0.0173
SKU_2369,Low Revenue + Low Volatility,15290.36,0.0852,2.0,1.0,21,26.030099799212408,42.0,1093.26,21.0,546.63,0.0258
SKU_2370,Low Revenue + Low Volatility,8748.53,0.1055,2.0,1.0,31,24.07547314557103,62.0,1492.68,31.0,746.34,0.0163
SKU_2371,Low Revenue + Low Volatility,5984.01,0.0688,2.0,1.0,46,73.50729483528491,92.0,6762.67,46.0,3381.34,0.0151
SKU_2372,Low Revenue + Low Volatility,15359.23,0.136,2.0,1.0,39,28.47767157149148,78.0,2221.26,39.0,1110.63,0.0203
SKU_2373,Low Revenue + Low Volatility,13586.12,0.0758,2.0,1.0,21,29.668406371565943,42.0,1246.07,21.0,623.04,0.0299
SKU_2374,Low Revenue + Low Volatility,11067.79,0.0726,2.0,1.0,38,38.906702727024125,76.0,2956.91,38.0,1478.45,0.0261
SKU_2375,Low Revenue + Low Volatility,10454.17,0.0981,2.0,1.0,30,19.760682900498175,60.0,1185.64,30.0,592.82,0.0246
SKU_2376,Low Revenue + Low Volatility,8252.21,0.0999,2.0,1.0,20,45.509099109626824,40.0,1820.36,20.0,910.18,0.019
SKU_2377,Low Revenue + Low Volatility,15044.17,0.0715,2.0,1.0,46,56.5522233191492,92.0,5202.8,46.0,2601.4,0.0162
SKU_2378,Low Revenue + Low Volatility,19560.02,0.0772,2.0,1.0,27,65.02003444541569,54.0,3511.08,27.0,1755.54,0.0271
SKU_2379,Low Revenue + Low Volatility,7635.73,0.067,2.0,1.0,36,59.80179693049604,72.0,4305.73,36.0,2152.86,0.0214
SKU_2380,Low Revenue + Low Volatility,13956.75,0.1218,2.0,1.0,46,20.33451748561846,92.0,1870.78,46.0,935.39,0.0263
SKU_2381,Low Revenue + Low Volatility,11362.78,0.127,2.0,1.0,21,41.92470014796467,42.0,1760.84,21.0,880.42,0.0198
SKU_2382,Low Revenue + Low Volatility,11700.33,0.0962,2.0,1.0,32,12.701034056572489,64.0,812.87,32.0,406.43,0.0251
SKU_2383,Low Revenue + Low Volatility,8812.21,0.1214,2.0,1.0,43,11.24585977046645,86.0,967.14,43.0,483.57,0.0274
SKU_2384,Low Revenue + Low Volatility,17377.02,0.1236,2.0,1.0,47,40.809129279166044,94.0,3836.06,47.0,1918.03,0.0178
SKU_2385,Low Revenue + Low Volatility,12278.83,0.0638,2.0,1.0,32,27.707234612034032,64.0,1773.26,32.0,886.63,0.0103
SKU_2386,Low Revenue + Low Volatility,13151.09,0.1466,2.0,1.0,34,57.83525564113539,68.0,3932.8,34.0,1966.4,0.0151
SKU_2387,Low Revenue + Low Volatility,9571.41,0.1321,2.0,1.0,13,60.696855076938874,26.0,1578.12,13.0,789.06,0.0283
SKU_2388,Low Revenue + Low Volatility,7727.13,0.0704,2.0,1.0,39,72.6782607190779,78.0,5668.9,39.0,2834.45,0.0238
SKU_2389,Low Revenue + Low Volatility,6288.66,0.0686,2.0,1.0,39,63.24777594773271,78.0,4933.33,39.0,2466.66,0.0247
SKU_2390,Low Revenue + Low Volatility,15711.79,0.0626,2.0,1.0,22,13.377088619557918,44.0,588.59,22.0,294.3,0.0165
SKU_2391,Low Revenue + Low Volatility,7943.51,0.0638,2.0,1.0,23,36.01361072504373,46.0,1656.63,23.0,828.31,0.024
SKU_2392,Low Revenue + Low Volatility,15351.13,0.1248,2.0,1.0,17,29.11163462264855,34.0,989.8,17.0,494.9,0.0229
SKU_2393,Low Revenue + Low Volatility,10855.65,0.097,2.0,1.0,33,37.02927148790128,66.0,2443.93,33.0,1221.97,0.0136
SKU_2394,Low Revenue + Low Volatility,11236.62,0.1283,2.0,1.0,27,21.20529612780911,54.0,1145.09,27.0,572.54,0.0294
SKU_2395,Low Revenue + Low Volatility,12037.66,0.1246,2.0,1.0,44,16.839287258341542,88.0,1481.86,44.0,740.93,0.0171
SKU_2396,Low Revenue + Low Volatility,10515.63,0.1105,2.0,1.0,34,46.46891797558805,68.0,3159.89,34.0,1579.94,0.0166
SKU_2397,Low Revenue + Low Volatility,6509.3,0.1186,2.0,1.0,26,60.42669176064761,52.0,3142.19,26.0,1571.09,0.0174
SKU_2398,Low Revenue + Low Volatility,9644.48,0.0518,2.0,1.0,41,59.133763135235995,82.0,4848.97,41.0,2424.48,0.0118
SKU_2399,Low Revenue + Low Volatility,14956.02,0.0812,2.0,1.0,33,41.566102552335906,66.0,2743.36,33.0,1371.68,0.0225
SKU_2400,Low Revenue + Low Volatility,14986.77,0.1138,2.0,1.0,16,46.559529040226224,32.0,1489.9,16.0,744.95,0.0148
SKU_2401,Low Revenue + Low Volatility,9293.36,0.0509,2.0,1.0,22,46.1430105756049,44.0,2030.29,22.0,1015.15,0.0261
SKU_2402,Low Revenue + Low Volatility,11901.54,0.0533,2.0,1.0,36,58.409926443763936,72.0,4205.51,36.0,2102.76,0.0179
SKU_2403,Low Revenue + Low Volatility,7901.71,0.1352,2.0,1.0,14,13.354762316921686,28.0,373.93,14.0,186.97,0.0192
SKU_2404,Low Revenue + Low Volatility,8155.58,0.1184,2.0,1.0,45,59.69272762098567,90.0,5372.35,45.0,2686.17,0.0229
SKU_2405,Low Revenue + Low Volatility,5345.71,0.0765,2.0,1.0,35,50.75406305301012,70.0,3552.78,35.0,1776.39,0.0252
SKU_2406,Low Revenue + Low Volatility,18451.2,0.1188,2.0,1.0,40,23.867610027010194,80.0,1909.41,40.0,954.7,0.0146
SKU_2407,Low Revenue + Low Volatility,8160.6,0.1292,2.0,1.0,19,13.434119762238517,38.0,510.5,19.0,255.25,0.0293
SKU_2408,Low Revenue + Low Volatility,8413.01,0.0807,2.0,1.0,35,17.59694533905219,70.0,1231.79,35.0,615.89,0.0224
SKU_2409,Low Revenue + Low Volatility,9194.02,0.0536,2.0,1.0,31,46.72839389934887,62.0,2897.16,31.0,1448.58,0.0101
SKU_2410,Low Revenue + Low Volatility,6911.12,0.1433,2.0,1.0,21,63.0885971063898,42.0,2649.72,21.0,1324.86,0.0183
SKU_2411,Low Revenue + Low Volatility,14588.94,0.0845,2.0,1.0,41,33.42601009871508,82.0,2740.93,41.0,1370.47,0.0187
SKU_2412,Low Revenue + Low Volatility,6127.14,0.0606,2.0,1.0,36,36.538673749365515,72.0,2630.78,36.0,1315.39,0.0262
SKU_2413,Low Revenue + Low Volatility,7013.04,0.0992,2.0,1.0,42,75.39024905322786,84.0,6332.78,42.0,3166.39,0.0161
SKU_2414,Low Revenue + Low Volatility,14671.35,0.1268,2.0,1.0,29,24.91091588228032,58.0,1444.83,29.0,722.42,0.0166
SKU_2415,Low Revenue + Low Volatility,10094.91,0.0722,2.0,1.0,48,17.262459720274613,96.0,1657.2,48.0,828.6,0.0114
SKU_2416,Low Revenue + Low Volatility,15619.22,0.0769,2.0,1.0,49,34.038707966001255,98.0,3335.79,49.0,1667.9,0.0157
SKU_2417,Low Revenue + Low Volatility,13361.37,0.0743,2.0,1.0,22,62.21454836445916,44.0,2737.44,22.0,1368.72,0.0243
SKU_2418,Low Revenue + Low Volatility,8840.32,0.1492,2.0,1.0,23,53.82541037392923,46.0,2475.97,23.0,1237.98,0.0227
SKU_2419,Low Revenue + Low Volatility,14762.42,0.0697,2.0,1.0,49,39.10568075586984,98.0,3832.36,49.0,1916.18,0.0116
SKU_2420,Low Revenue + Low Volatility,6744.11,0.1076,2.0,1.0,31,77.53267729822814,62.0,4807.03,31.0,2403.51,0.0123
SKU_2421,Low Revenue + Low Volatility,13046.16,0.1425,2.0,1.0,27,61.44975068062013,54.0,3318.29,27.0,1659.14,0.0175
SKU_2422,Low Revenue + Low Volatility,11557.22,0.0647,2.0,1.0,38,14.330299706830566,76.0,1089.1,38.0,544.55,0.0249
SKU_2423,Low Revenue + Low Volatility,9018.1,0.1471,2.0,1.0,25,62.12420106978338,50.0,3106.21,25.0,1553.11,0.0267
SKU_2424,Low Revenue + Low Volatility,14060.07,0.1447,2.0,1.0,44,11.682698913410084,88.0,1028.08,44.0,514.04,0.0103
SKU_2425,Low Revenue + Low Volatility,18070.0,0.1385,2.0,1.0,43,55.52263261821838,86.0,4774.95,43.0,2387.47,0.0166
SKU_2426,Low Revenue + Low Volatility,19983.57,0.0715,2.0,1.0,12,24.733798540486113,24.0,593.61,12.0,296.81,0.0185
SKU_2427,Low Revenue + Low Volatility,14116.44,0.1134,2.0,1.0,13,58.75095463262904,26.0,1527.52,13.0,763.76,0.0282
SKU_2428,Low Revenue + Low Volatility,11070.59,0.1261,2.0,1.0,14,31.68456966534573,28.0,887.17,14.0,443.58,0.02
SKU_2429,Low Revenue + Low Volatility,8378.11,0.1486,2.0,1.0,19,71.11044155688954,38.0,2702.2,19.0,1351.1,0.0154
SKU_2430,Low Revenue + Low Volatility,8856.44,0.068,2.0,1.0,38,33.58396856140223,76.0,2552.38,38.0,1276.19,0.0178
SKU_2431,Low Revenue + Low Volatility,12191.82,0.1266,2.0,1.0,41,53.37870987830079,82.0,4377.05,41.0,2188.53,0.0187
SKU_2432,Low Revenue + Low Volatility,10509.17,0.0839,2.0,1.0,40,30.01492917577918,80.0,2401.19,40.0,1200.6,0.0234
SKU_2433,Low Revenue + Low Volatility,18707.22,0.0676,2.0,1.0,11,74.20550815995247,22.0,1632.52,11.0,816.26,0.0108
SKU_2434,Low Revenue + Low Volatility,10524.43,0.0921,2.0,1.0,21,64.66971867197206,42.0,2716.13,21.0,1358.06,0.0178
SKU_2435,Low Revenue + Low Volatility,10601.67,0.1294,2.0,1.0,36,27.03120134412222,72.0,1946.25,36.0,973.12,0.0229
SKU_2436,Low Revenue + Low Volatility,10753.02,0.0965,2.0,1.0,14,76.41576987910618,28.0,2139.64,14.0,1069.82,0.0157
SKU_2437,Low Revenue + Low Volatility,17549.3,0.1038,2.0,1.0,46,35.00103127033597,92.0,3220.09,46.0,1610.05,0.0218
SKU_2438,Low Revenue + Low Volatility,14761.82,0.1495,2.0,1.0,36,55.63054633670313,72.0,4005.4,36.0,2002.7,0.0171
SKU_2439,Low Revenue + Low Volatility,14212.53,0.0899,2.0,1.0,32,61.99972617800775,64.0,3967.98,32.0,1983.99,0.0252
SKU_2440,Low Revenue + Low Volatility,10012.15,0.1115,2.0,1.0,42,11.60315130254386,84.0,974.66,42.0,487.33,0.0112
SKU_2441,Low Revenue + Low Volatility,17268.56,0.0865,2.0,1.0,13,77.12771423100723,26.0,2005.32,13.0,1002.66,0.0284
SKU_2442,Low Revenue + Low Volatility,5575.46,0.0893,2.0,1.0,30,34.11089142611554,60.0,2046.65,30.0,1023.33,0.0134
SKU_2443,Low Revenue + Low Volatility,18061.96,0.1196,2.0,1.0,33,23.284522540185698,66.0,1536.78,33.0,768.39,0.0132
SKU_2444,Low Revenue + Low Volatility,12691.25,0.1438,2.0,1.0,40,69.54954542099486,80.0,5563.96,40.0,2781.98,0.0268
SKU_2445,Low Revenue + Low Volatility,10973.75,0.1042,2.0,1.0,33,59.20294979763901,66.0,3907.39,33.0,1953.7,0.0274
SKU_2446,Low Revenue + Low Volatility,12457.51,0.1268,2.0,1.0,19,16.072029083634682,38.0,610.74,19.0,305.37,0.0119
SKU_2447,Low Revenue + Low Volatility,15011.23,0.0589,2.0,1.0,11,18.193120696373867,22.0,400.25,11.0,200.12,0.0282
SKU_2448,Low Revenue + Low Volatility,5191.48,0.0711,2.0,1.0,40,60.06343094575543,80.0,4805.07,40.0,2402.54,0.0155
SKU_2449,Low Revenue + Low Volatility,18073.28,0.1002,2.0,1.0,34,15.234827917135878,68.0,1035.97,34.0,517.98,0.0224
SKU_2450,Low Revenue + Low Volatility,11701.09,0.052,2.0,1.0,13,74.20228045868456,26.0,1929.26,13.0,964.63,0.0114
SKU_2451,Low Revenue + Low Volatility,10144.5,0.0753,2.0,1.0,20,61.907809586334324,40.0,2476.31,20.0,1238.16,0.0176
SKU_2452,Low Revenue + Low Volatility,7073.68,0.1017,2.0,1.0,26,33.48445441768922,52.0,1741.19,26.0,870.6,0.019
SKU_2453,Low Revenue + Low Volatility,11591.98,0.0515,2.0,1.0,11,35.40571454577368,22.0,778.93,11.0,389.46,0.022
SKU_2454,Low Revenue + Low Volatility,12444.84,0.0765,2.0,1.0,15,45.4547267342871,30.0,1363.64,15.0,681.82,0.0205
SKU_2455,Low Revenue + Low Volatility,11054.7,0.1014,2.0,1.0,18,35.26785895539781,36.0,1269.64,18.0,634.82,0.0192
SKU_2456,Low Revenue + Low Volatility,15179.9,0.1073,2.0,1.0,14,64.8427986006821,28.0,1815.6,14.0,907.8,0.0292
SKU_2457,Low Revenue + Low Volatility,11313.45,0.1426,2.0,1.0,29,78.2315860871131,58.0,4537.43,29.0,2268.72,0.0137
SKU_2458,Low Revenue + Low Volatility,19421.26,0.1145,2.0,1.0,38,50.916506080673514,76.0,3869.65,38.0,1934.83,0.0132
SKU_2459,Low Revenue + Low Volatility,13989.16,0.0915,2.0,1.0,30,41.222612936727025,60.0,2473.36,30.0,1236.68,0.0243
SKU_2460,Low Revenue + Low Volatility,17112.17,0.143,2.0,1.0,18,25.594189818775202,36.0,921.39,18.0,460.7,0.0115
SKU_2461,Low Revenue + Low Volatility,6640.34,0.1285,2.0,1.0,37,55.740339347346016,74.0,4124.79,37.0,2062.39,0.0197
SKU_2462,Low Revenue + Low Volatility,10959.37,0.07,2.0,1.0,17,57.9903803270778,34.0,1971.67,17.0,985.84,0.0197
SKU_2463,Low Revenue + Low Volatility,10052.72,0.0631,2.0,1.0,40,57.96334249100546,80.0,4637.07,40.0,2318.53,0.0162
SKU_2464,Low Revenue + Low Volatility,13542.24,0.1176,2.0,1.0,29,11.888952510794462,58.0,689.56,29.0,344.78,0.0286
SKU_2465,Low Revenue + Low Volatility,17916.7,0.106,2.0,1.0,36,72.93854704623297,72.0,5251.58,36.0,2625.79,0.0157
SKU_2466,Low Revenue + Low Volatility,6175.07,0.129,2.0,1.0,17,33.667459440042364,34.0,1144.69,17.0,572.35,0.0158
SKU_2467,Low Revenue + Low Volatility,6088.62,0.1239,2.0,1.0,30,62.09160337371263,60.0,3725.5,30.0,1862.75,0.0147
SKU_2468,Low Revenue + Low Volatility,17754.77,0.1125,2.0,1.0,37,63.18648349702239,74.0,4675.8,37.0,2337.9,0.0129
SKU_2469,Low Revenue + Low Volatility,8192.75,0.1486,2.0,1.0,32,55.53884851685677,64.0,3554.49,32.0,1777.24,0.0173
SKU_2470,Low Revenue + Low Volatility,15031.3,0.1034,2.0,1.0,15,37.64065662010045,30.0,1129.22,15.0,564.61,0.0236
SKU_2471,Low Revenue + Low Volatility,13143.17,0.0613,2.0,1.0,12,52.58689517715679,24.0,1262.09,12.0,631.04,0.0248
SKU_2472,Low Revenue + Low Volatility,17493.4,0.1328,2.0,1.0,14,12.81390838805136,28.0,358.79,14.0,179.39,0.0263
SKU_2473,Low Revenue + Low Volatility,6876.33,0.0752,2.0,1.0,18,63.33270545315344,36.0,2279.98,18.0,1139.99,0.014
SKU_2474,Low Revenue + Low Volatility,6946.74,0.1277,2.0,1.0,16,16.971205382983726,32.0,543.08,16.0,271.54,0.0107
SKU_2475,Low Revenue + Low Volatility,13352.28,0.1457,2.0,1.0,13,37.772564805972124,26.0,982.09,13.0,491.04,0.0295
SKU_2476,Low Revenue + Low Volatility,19195.68,0.1197,2.0,1.0,48,17.25331513654766,96.0,1656.32,48.0,828.16,0.0103
SKU_2477,Low Revenue + Low Volatility,11224.97,0.1096,2.0,1.0,14,68.59521120733662,28.0,1920.67,14.0,960.33,0.0292
SKU_2478,Low Revenue + Low Volatility,9904.13,0.096,2.0,1.0,20,48.52116754051715,40.0,1940.85,20.0,970.42,0.0266
SKU_2479,Low Revenue + Low Volatility,14100.34,0.0864,2.0,1.0,24,58.366858411849066,48.0,2801.61,24.0,1400.8,0.0282
SKU_2480,Low Revenue + Low Volatility,18956.73,0.0853,2.0,1.0,43,57.78075188898291,86.0,4969.14,43.0,2484.57,0.0177
SKU_2481,Low Revenue + Low Volatility,17553.92,0.1136,2.0,1.0,22,68.91243621609532,44.0,3032.15,22.0,1516.07,0.0139
SKU_2482,Low Revenue + Low Volatility,19932.25,0.1251,2.0,1.0,16,19.279858234159427,32.0,616.96,16.0,308.48,0.0221
SKU_2483,Low Revenue + Low Volatility,5338.53,0.1179,2.0,1.0,49,56.18096982834189,98.0,5505.74,49.0,2752.87,0.0248
SKU_2484,Low Revenue + Low Volatility,6692.87,0.0698,2.0,1.0,15,50.25938380825602,30.0,1507.78,15.0,753.89,0.0126
SKU_2485,Low Revenue + Low Volatility,14142.02,0.0994,2.0,1.0,48,12.162798579992078,96.0,1167.63,48.0,583.81,0.026
SKU_2486,Low Revenue + Low Volatility,17308.65,0.1292,2.0,1.0,39,24.09960361759618,78.0,1879.77,39.0,939.88,0.0142
SKU_2487,Low Revenue + Low Volatility,9278.67,0.0976,2.0,1.0,31,28.730007896475456,62.0,1781.26,31.0,890.63,0.0198
SKU_2488,Low Revenue + Low Volatility,8588.17,0.1037,2.0,1.0,34,15.078946280041631,68.0,1025.37,34.0,512.68,0.0271
SKU_2489,Low Revenue + Low Volatility,16804.64,0.1271,2.0,1.0,37,34.8303864129161,74.0,2577.45,37.0,1288.72,0.0139
SKU_2490,Low Revenue + Low Volatility,5845.73,0.1161,2.0,1.0,29,11.904175610083298,58.0,690.44,29.0,345.22,0.0148
SKU_2491,Low Revenue + Low Volatility,10540.74,0.0909,2.0,1.0,48,48.72284445804107,96.0,4677.39,48.0,2338.7,0.0113
SKU_2492,Low Revenue + Low Volatility,12587.14,0.1395,2.0,1.0,12,24.80506724058511,24.0,595.32,12.0,297.66,0.0129
SKU_2493,Low Revenue + Low Volatility,13405.23,0.0663,2.0,1.0,14,30.090217385643903,28.0,842.53,14.0,421.26,0.0129
SKU_2494,Low Revenue + Low Volatility,15929.23,0.1496,2.0,1.0,10,73.7330138319899,20.0,1474.66,10.0,737.33,0.0141
SKU_2495,Low Revenue + Low Volatility,10322.69,0.0619,2.0,1.0,24,45.19717943864678,48.0,2169.46,24.0,1084.73,0.0157
SKU_2496,Low Revenue + Low Volatility,14190.27,0.0515,2.0,1.0,35,28.83097518710911,70.0,2018.17,35.0,1009.08,0.0263
SKU_2497,Low Revenue + Low Volatility,13780.63,0.139,2.0,1.0,12,51.89232307736464,24.0,1245.42,12.0,622.71,0.0283
SKU_2498,Low Revenue + Low Volatility,13214.24,0.0745,2.0,1.0,49,24.117000440724695,98.0,2363.47,49.0,1181.73,0.0181
SKU_2499,Low Revenue + Low Volatility,14607.25,0.123,2.0,1.0,43,15.20769800349294,86.0,1307.86,43.0,653.93,0.0126
SKU_2500,Low Revenue + Low Volatility,8891.74,0.1311,2.0,1.0,14,11.463444808018806,28.0,320.98,14.0,160.49,0.0145
SKU_2501,Low Revenue + Low Volatility,6269.73,0.1359,2.0,1.0,40,76.60703317633794,80.0,6128.56,40.0,3064.28,0.0247
SKU_2502,Low Revenue + Low Volatility,6789.08,0.1492,2.0,1.0,22,60.72275769001814,44.0,2671.8,22.0,1335.9,0.0235
SKU_2503,Low Revenue + Low Volatility,8368.74,0.0794,2.0,1.0,10,65.99637038046677,20.0,1319.93,10.0,659.96,0.0293
SKU_2504,Low Revenue + Low Volatility,12502.97,0.121,2.0,1.0,31,78.66424097251823,62.0,4877.18,31.0,2438.59,0.0103
SKU_2505,Low Revenue + Low Volatility,17606.64,0.0615,2.0,1.0,24,75.21400923894076,48.0,3610.27,24.0,1805.14,0.025
SKU_2506,Low Revenue + Low Volatility,15519.4,0.0907,2.0,1.0,35,61.58392390462611,70.0,4310.87,35.0,2155.44,0.0201
SKU_2507,Low Revenue + Low Volatility,16835.61,0.1348,2.0,1.0,27,58.579094887352355,54.0,3163.27,27.0,1581.64,0.0281
SKU_2508,Low Revenue + Low Volatility,10264.63,0.0868,2.0,1.0,18,33.579499785476365,36.0,1208.86,18.0,604.43,0.0215
SKU_2509,Low Revenue + Low Volatility,11069.81,0.1091,2.0,1.0,10,17.28120762565715,20.0,345.62,10.0,172.81,0.0189
SKU_2510,Low Revenue + Low Volatility,10905.23,0.1004,2.0,1.0,18,50.16057838573032,36.0,1805.78,18.0,902.89,0.0233
SKU_2511,Low Revenue + Low Volatility,7878.1,0.1146,2.0,1.0,32,50.33773065620146,64.0,3221.61,32.0,1610.81,0.0267
SKU_2512,Low Revenue + Low Volatility,5918.25,0.1473,2.0,1.0,11,76.65660997910209,22.0,1686.45,11.0,843.22,0.0156
SKU_2513,Low Revenue + Low Volatility,13863.74,0.0556,2.0,1.0,23,40.97995646631965,46.0,1885.08,23.0,942.54,0.0122
SKU_2514,Low Revenue + Low Volatility,19838.25,0.1074,2.0,1.0,47,58.35653370142479,94.0,5485.51,47.0,2742.76,0.0187
SKU_2515,Low Revenue + Low Volatility,7502.45,0.1363,2.0,1.0,49,50.24794391777053,98.0,4924.3,49.0,2462.15,0.0143
SKU_2516,Low Revenue + Low Volatility,5700.27,0.0981,2.0,1.0,27,22.373216037073448,54.0,1208.15,27.0,604.08,0.0186
SKU_2517,Low Revenue + Low Volatility,16692.98,0.0579,2.0,1.0,25,51.44450154284417,50.0,2572.23,25.0,1286.11,0.0298
SKU_2518,Low Revenue + Low Volatility,8788.79,0.1061,2.0,1.0,38,47.80816965539741,76.0,3633.42,38.0,1816.71,0.0215
SKU_2519,Low Revenue + Low Volatility,17444.66,0.0832,2.0,1.0,20,44.57341957365489,40.0,1782.94,20.0,891.47,0.0239
SKU_2520,Low Revenue + Low Volatility,15559.05,0.0655,2.0,1.0,15,45.93960535539323,30.0,1378.19,15.0,689.09,0.0236
SKU_2521,Low Revenue + Low Volatility,19185.1,0.1349,2.0,1.0,12,21.479158037120932,24.0,515.5,12.0,257.75,0.0264
SKU_2522,Low Revenue + Low Volatility,11133.91,0.1022,2.0,1.0,23,42.44344118614675,46.0,1952.4,23.0,976.2,0.0289
SKU_2523,Low Revenue + Low Volatility,14929.55,0.1433,2.0,1.0,11,52.39572902751178,22.0,1152.71,11.0,576.35,0.0232
SKU_2524,Low Revenue + Low Volatility,11972.82,0.1306,2.0,1.0,41,44.261443907987754,82.0,3629.44,41.0,1814.72,0.0195
SKU_2525,Low Revenue + Low Volatility,14458.83,0.1193,2.0,1.0,40,44.20803365883031,80.0,3536.64,40.0,1768.32,0.0164
SKU_2526,Low Revenue + Low Volatility,11743.98,0.0505,2.0,1.0,20,15.426239685509005,40.0,617.05,20.0,308.52,0.0172
SKU_2527,Low Revenue + Low Volatility,7829.48,0.0928,2.0,1.0,31,23.354190641170376,62.0,1447.96,31.0,723.98,0.0167
SKU_2528,Low Revenue + Low Volatility,12618.46,0.0697,2.0,1.0,12,32.46808849428505,24.0,779.23,12.0,389.62,0.0165
SKU_2529,Low Revenue + Low Volatility,12928.76,0.1411,2.0,1.0,40,39.354289574813464,80.0,3148.34,40.0,1574.17,0.0239
SKU_2530,Low Revenue + Low Volatility,17159.06,0.0675,2.0,1.0,42,51.5756210701023,84.0,4332.35,42.0,2166.18,0.0218
SKU_2531,Low Revenue + Low Volatility,16032.81,0.0786,2.0,1.0,33,70.43415731661425,66.0,4648.65,33.0,2324.33,0.014
SKU_2532,Low Revenue + Low Volatility,14956.87,0.1017,2.0,1.0,10,21.141531666205776,20.0,422.83,10.0,211.42,0.0294
SKU_2533,Low Revenue + Low Volatility,6700.81,0.0763,2.0,1.0,24,11.056162114748645,48.0,530.7,24.0,265.35,0.0186
SKU_2534,Low Revenue + Low Volatility,15809.24,0.071,2.0,1.0,46,41.4465991543141,92.0,3813.09,46.0,1906.54,0.0213
SKU_2535,Low Revenue + Low Volatility,12504.58,0.1099,2.0,1.0,36,40.24720281881397,72.0,2897.8,36.0,1448.9,0.0241
SKU_2536,Low Revenue + Low Volatility,18411.49,0.0589,2.0,1.0,47,48.63308529466207,94.0,4571.51,47.0,2285.76,0.0223
SKU_2537,Low Revenue + Low Volatility,18798.06,0.0558,2.0,1.0,36,68.32552399600505,72.0,4919.44,36.0,2459.72,0.0162
SKU_2538,Low Revenue + Low Volatility,5827.35,0.0872,2.0,1.0,21,66.16523856877345,42.0,2778.94,21.0,1389.47,0.026
SKU_2539,Low Revenue + Low Volatility,17309.62,0.1221,2.0,1.0,12,17.003029910100786,24.0,408.07,12.0,204.04,0.0122
SKU_2540,Low Revenue + Low Volatility,5565.46,0.1055,2.0,1.0,39,75.37967566736717,78.0,5879.61,39.0,2939.81,0.0214
SKU_2541,Low Revenue + Low Volatility,10507.54,0.0923,2.0,1.0,41,17.72900762721113,82.0,1453.78,41.0,726.89,0.0155
SKU_2542,Low Revenue + Low Volatility,13134.5,0.1066,2.0,1.0,32,54.41993559739653,64.0,3482.88,32.0,1741.44,0.0223
SKU_2543,Low Revenue + Low Volatility,7221.51,0.0865,2.0,1.0,11,57.0684405516903,22.0,1255.51,11.0,627.75,0.0144
SKU_2544,Low Revenue + Low Volatility,16194.71,0.1436,2.0,1.0,16,57.59142410561617,32.0,1842.93,16.0,921.46,0.0254
SKU_2545,Low Revenue + Low Volatility,5125.32,0.0555,2.0,1.0,43,28.574582017277365,86.0,2457.41,43.0,1228.71,0.0146
SKU_2546,Low Revenue + Low Volatility,7528.99,0.1173,2.0,1.0,41,33.12415642354944,82.0,2716.18,41.0,1358.09,0.0278
SKU_2547,Low Revenue + Low Volatility,13711.95,0.1391,2.0,1.0,48,48.40738126045778,96.0,4647.11,48.0,2323.55,0.0272
SKU_2548,Low Revenue + Low Volatility,15715.81,0.1304,2.0,1.0,41,23.971124706006886,82.0,1965.63,41.0,982.82,0.0172
SKU_2549,Low Revenue + Low Volatility,18749.65,0.0684,2.0,1.0,23,11.421732748334586,46.0,525.4,23.0,262.7,0.0177
SKU_2550,Low Revenue + Low Volatility,15582.45,0.0796,2.0,1.0,12,49.35011181560029,24.0,1184.4,12.0,592.2,0.024
SKU_2551,Low Revenue + Low Volatility,15076.69,0.1217,2.0,1.0,41,42.56950004084051,82.0,3490.7,41.0,1745.35,0.0118
SKU_2552,Low Revenue + Low Volatility,10915.12,0.0584,2.0,1.0,45,55.97118443564234,90.0,5037.41,45.0,2518.7,0.0116
SKU_2553,Low Revenue + Low Volatility,5019.27,0.1312,2.0,1.0,26,20.269040308356196,52.0,1053.99,26.0,527.0,0.0127
SKU_2554,Low Revenue + Low Volatility,6802.39,0.1219,2.0,1.0,12,68.8647426212896,24.0,1652.75,12.0,826.38,0.0212
SKU_2555,Low Revenue + Low Volatility,13018.32,0.123,2.0,1.0,19,20.23550419223691,38.0,768.95,19.0,384.47,0.013
SKU_2556,Low Revenue + Low Volatility,15126.95,0.06,2.0,1.0,49,72.39405234160165,98.0,7094.62,49.0,3547.31,0.0156
SKU_2557,Low Revenue + Low Volatility,11261.72,0.1218,2.0,1.0,27,41.46648208169921,54.0,2239.19,27.0,1119.6,0.0229
SKU_2558,Low Revenue + Low Volatility,15960.19,0.118,2.0,1.0,12,48.48636815608863,24.0,1163.67,12.0,581.84,0.0103
SKU_2559,Low Revenue + Low Volatility,12827.93,0.1331,2.0,1.0,48,72.76069351747921,96.0,6985.03,48.0,3492.51,0.0136
SKU_2560,Low Revenue + Low Volatility,6112.64,0.0542,2.0,1.0,19,30.993913393394692,38.0,1177.77,19.0,588.88,0.0286
SKU_2561,Low Revenue + Low Volatility,7880.24,0.0523,2.0,1.0,18,22.727889736880606,36.0,818.2,18.0,409.1,0.0233
SKU_2562,Low Revenue + Low Volatility,17599.97,0.0873,2.0,1.0,20,41.20261345736175,40.0,1648.1,20.0,824.05,0.0161
SKU_2563,Low Revenue + Low Volatility,15873.69,0.0649,2.0,1.0,42,27.105705996939474,84.0,2276.88,42.0,1138.44,0.0109
SKU_2564,Low Revenue + Low Volatility,18421.43,0.1058,2.0,1.0,45,46.949073807822195,90.0,4225.42,45.0,2112.71,0.0217
SKU_2565,Low Revenue + Low Volatility,6763.36,0.1417,2.0,1.0,35,29.26805051110215,70.0,2048.76,35.0,1024.38,0.0145
SKU_2566,Low Revenue + Low Volatility,19853.34,0.0891,2.0,1.0,36,70.51426749168198,72.0,5077.03,36.0,2538.51,0.0292
SKU_2567,Low Revenue + Low Volatility,8141.1,0.1345,2.0,1.0,47,52.512721458040815,94.0,4936.2,47.0,2468.1,0.0237
SKU_2568,Low Revenue + Low Volatility,5176.7,0.05,2.0,1.0,31,10.016846882003158,62.0,621.04,31.0,310.52,0.0295
SKU_2569,Low Revenue + Low Volatility,19961.34,0.0669,2.0,1.0,35,66.38316142758774,70.0,4646.82,35.0,2323.41,0.027
SKU_2570,Low Revenue + Low Volatility,9216.11,0.053,2.0,1.0,31,33.11486357083021,62.0,2053.12,31.0,1026.56,0.0197
SKU_2571,Low Revenue + Low Volatility,15020.29,0.0828,2.0,1.0,14,32.414558890847,28.0,907.61,14.0,453.8,0.0234
SKU_2572,Low Revenue + Low Volatility,7650.23,0.1408,2.0,1.0,44,36.81439684941272,88.0,3239.67,44.0,1619.83,0.0262
SKU_2573,Low Revenue + Low Volatility,13703.43,0.0597,2.0,1.0,11,54.118376965885645,22.0,1190.6,11.0,595.3,0.0216
SKU_2574,Low Revenue + Low Volatility,18560.52,0.1106,2.0,1.0,44,40.94424972759561,88.0,3603.09,44.0,1801.55,0.0112
SKU_2575,Low Revenue + Low Volatility,9802.72,0.0951,2.0,1.0,18,54.00448825987917,36.0,1944.16,18.0,972.08,0.0194
SKU_2576,Low Revenue + Low Volatility,15053.81,0.1438,2.0,1.0,27,20.274650514505467,54.0,1094.83,27.0,547.42,0.0126
SKU_2577,Low Revenue + Low Volatility,7818.55,0.0623,2.0,1.0,21,77.911512516686,42.0,3272.28,21.0,1636.14,0.0243
SKU_2578,Low Revenue + Low Volatility,14371.93,0.0712,2.0,1.0,12,61.07244009587047,24.0,1465.74,12.0,732.87,0.0236
SKU_2579,Low Revenue + Low Volatility,10046.76,0.053,2.0,1.0,27,27.51449750248681,54.0,1485.78,27.0,742.89,0.0299
SKU_2580,Low Revenue + Low Volatility,8168.12,0.0934,2.0,1.0,47,60.69189356523431,94.0,5705.04,47.0,2852.52,0.0226
SKU_2581,Low Revenue + Low Volatility,9697.73,0.0778,2.0,1.0,16,50.25178193831476,32.0,1608.06,16.0,804.03,0.026
SKU_2582,Low Revenue + Low Volatility,7682.62,0.137,2.0,1.0,42,17.643229748246025,84.0,1482.03,42.0,741.02,0.0154
SKU_2583,Low Revenue + Low Volatility,18528.74,0.1105,2.0,1.0,15,22.473749875168828,30.0,674.21,15.0,337.11,0.0168
SKU_2584,Low Revenue + Low Volatility,10957.8,0.1114,2.0,1.0,27,12.891569934502538,54.0,696.14,27.0,348.07,0.0283
SKU_2585,Low Revenue + Low Volatility,8679.19,0.1032,2.0,1.0,31,66.64666501722768,62.0,4132.09,31.0,2066.05,0.0251
SKU_2586,Low Revenue + Low Volatility,11726.12,0.0592,2.0,1.0,48,48.61933268166645,96.0,4667.46,48.0,2333.73,0.0231
SKU_2587,Low Revenue + Low Volatility,9808.04,0.0945,2.0,1.0,18,32.17240540551484,36.0,1158.21,18.0,579.1,0.0151
SKU_2588,Low Revenue + Low Volatility,16166.29,0.15,2.0,1.0,44,18.844143141974,88.0,1658.28,44.0,829.14,0.024
SKU_2589,Low Revenue + Low Volatility,19568.3,0.1335,2.0,1.0,32,43.88321131722654,64.0,2808.53,32.0,1404.26,0.0277
SKU_2590,Low Revenue + Low Volatility,11570.5,0.1393,2.0,1.0,21,46.768294270255716,42.0,1964.27,21.0,982.13,0.0146
SKU_2591,Low Revenue + Low Volatility,17915.5,0.1323,2.0,1.0,33,59.13639506863537,66.0,3903.0,33.0,1951.5,0.0241
SKU_2592,Low Revenue + Low Volatility,13487.95,0.0603,2.0,1.0,49,77.8956047312964,98.0,7633.77,49.0,3816.88,0.0179
SKU_2593,Low Revenue + Low Volatility,7358.53,0.0727,2.0,1.0,18,40.44618712851623,36.0,1456.06,18.0,728.03,0.0124
SKU_2594,Low Revenue + Low Volatility,15359.34,0.0503,2.0,1.0,22,38.42239446160585,44.0,1690.59,22.0,845.29,0.0253
SKU_2595,Low Revenue + Low Volatility,12701.52,0.0804,2.0,1.0,49,35.895100321308576,98.0,3517.72,49.0,1758.86,0.0133
SKU_2596,Low Revenue + Low Volatility,14759.1,0.0609,2.0,1.0,26,67.88467362768029,52.0,3530.0,26.0,1765.0,0.0151
SKU_2597,Low Revenue + Low Volatility,18345.31,0.0973,2.0,1.0,16,20.942205497946652,32.0,670.15,16.0,335.08,0.0257
SKU_2598,Low Revenue + Low Volatility,11606.52,0.1177,2.0,1.0,26,34.066903254456264,52.0,1771.48,26.0,885.74,0.0248
SKU_2599,Low Revenue + Low Volatility,18517.66,0.1375,2.0,1.0,33,60.747956341277366,66.0,4009.37,33.0,2004.68,0.0151
SKU_2600,Low Revenue + Low Volatility,16260.04,0.1249,2.0,1.0,11,11.098645473971253,22.0,244.17,11.0,122.09,0.0288
SKU_2601,Low Revenue + Low Volatility,12329.07,0.1439,2.0,1.0,44,30.256650652398626,88.0,2662.59,44.0,1331.29,0.0143
SKU_2602,Low Revenue + Low Volatility,14048.33,0.0554,2.0,1.0,37,54.90130139282969,74.0,4062.7,37.0,2031.35,0.0299
SKU_2603,Low Revenue + Low Volatility,9883.72,0.0512,2.0,1.0,28,23.01664686005633,56.0,1288.93,28.0,644.47,0.0248
SKU_2604,Low Revenue + Low Volatility,19753.96,0.1161,2.0,1.0,42,31.189739838698983,84.0,2619.94,42.0,1309.97,0.0179
SKU_2605,Low Revenue + Low Volatility,15010.27,0.0789,2.0,1.0,30,44.023155213826044,60.0,2641.39,30.0,1320.69,0.0126
SKU_2606,Low Revenue + Low Volatility,5657.7,0.0754,2.0,1.0,19,39.5416496178781,38.0,1502.58,19.0,751.29,0.0164
SKU_2607,Low Revenue + Low Volatility,9899.33,0.0831,2.0,1.0,18,17.421903296876522,36.0,627.19,18.0,313.59,0.0139
SKU_2608,Low Revenue + Low Volatility,14349.72,0.077,2.0,1.0,47,75.67647255789427,94.0,7113.59,47.0,3556.79,0.0224
SKU_2609,Low Revenue + Low Volatility,5845.0,0.1011,2.0,1.0,15,13.100490440746494,30.0,393.01,15.0,196.51,0.0171
SKU_2610,Low Revenue + Low Volatility,5358.26,0.094,2.0,1.0,44,62.481992949597256,88.0,5498.42,44.0,2749.21,0.0159
SKU_2611,Low Revenue + Low Volatility,11750.36,0.1012,2.0,1.0,27,14.999593976381023,54.0,809.98,27.0,404.99,0.0251
SKU_2612,Low Revenue + Low Volatility,9990.35,0.1173,2.0,1.0,28,42.71070621175555,56.0,2391.8,28.0,1195.9,0.0146
SKU_2613,Low Revenue + Low Volatility,11574.48,0.0887,2.0,1.0,14,22.278790415878774,28.0,623.81,14.0,311.9,0.0217
SKU_2614,Low Revenue + Low Volatility,8940.4,0.0751,2.0,1.0,34,19.87684575002477,68.0,1351.63,34.0,675.81,0.0139
SKU_2615,Low Revenue + Low Volatility,7470.77,0.0666,2.0,1.0,20,18.812858357920753,40.0,752.51,20.0,376.26,0.0243
SKU_2616,Low Revenue + Low Volatility,15337.15,0.0849,2.0,1.0,19,41.69506456867396,38.0,1584.41,19.0,792.21,0.0225
SKU_2617,Low Revenue + Low Volatility,12718.57,0.1242,2.0,1.0,26,46.08394365711046,52.0,2396.37,26.0,1198.18,0.026
SKU_2618,Low Revenue + Low Volatility,8002.31,0.1257,2.0,1.0,45,19.33691454799879,90.0,1740.32,45.0,870.16,0.0114
SKU_2619,Low Revenue + Low Volatility,9793.84,0.1167,2.0,1.0,35,78.55770111863677,70.0,5499.04,35.0,2749.52,0.0142
SKU_2620,Low Revenue + Low Volatility,13877.12,0.0734,2.0,1.0,40,28.04361208035562,80.0,2243.49,40.0,1121.74,0.0131
SKU_2621,Low Revenue + Low Volatility,6083.44,0.1088,2.0,1.0,41,42.118893772194824,82.0,3453.75,41.0,1726.87,0.0138
SKU_2622,Low Revenue + Low Volatility,7211.8,0.1071,2.0,1.0,30,25.138869032133563,60.0,1508.33,30.0,754.17,0.0121
SKU_2623,Low Revenue + Low Volatility,6098.68,0.0984,2.0,1.0,27,44.57458518146819,54.0,2407.03,27.0,1203.51,0.0212
SKU_2624,Low Revenue + Low Volatility,17184.76,0.105,2.0,1.0,27,62.92116077256274,54.0,3397.74,27.0,1698.87,0.0219
SKU_2625,Low Revenue + Low Volatility,16286.14,0.0992,2.0,1.0,10,46.477141000614665,20.0,929.54,10.0,464.77,0.0269
SKU_2626,Low Revenue + Low Volatility,16299.69,0.1065,2.0,1.0,23,29.995420950263867,46.0,1379.79,23.0,689.89,0.0184
SKU_2627,Low Revenue + Low Volatility,15744.88,0.1216,2.0,1.0,17,27.387762611375667,34.0,931.18,17.0,465.59,0.0206
SKU_2628,Low Revenue + Low Volatility,15040.78,0.061,2.0,1.0,11,63.12540843589374,22.0,1388.76,11.0,694.38,0.0298
SKU_2629,Low Revenue + Low Volatility,12154.88,0.125,2.0,1.0,24,18.276672300838428,48.0,877.28,24.0,438.64,0.0206
SKU_2630,Low Revenue + Low Volatility,14634.17,0.0636,2.0,1.0,43,35.89765460841086,86.0,3087.2,43.0,1543.6,0.0215
SKU_2631,Low Revenue + Low Volatility,5575.42,0.0567,2.0,1.0,45,20.603790165771976,90.0,1854.34,45.0,927.17,0.0299
SKU_2632,Low Revenue + Low Volatility,14321.97,0.1476,2.0,1.0,10,28.058308050613736,20.0,561.17,10.0,280.58,0.0299
SKU_2633,Low Revenue + Low Volatility,16668.17,0.1457,2.0,1.0,30,20.687826273946655,60.0,1241.27,30.0,620.63,0.0185
SKU_2634,Low Revenue + Low Volatility,12505.38,0.056,2.0,1.0,10,72.07407559796988,20.0,1441.48,10.0,720.74,0.0227
SKU_2635,Low Revenue + Low Volatility,10362.7,0.0943,2.0,1.0,41,61.233293930912225,82.0,5021.13,41.0,2510.57,0.0196
SKU_2636,Low Revenue + Low Volatility,9161.4,0.0686,2.0,1.0,29,49.2649072230983,58.0,2857.36,29.0,1428.68,0.0244
SKU_2637,Low Revenue + Low Volatility,14642.03,0.0985,2.0,1.0,45,25.709765574687317,90.0,2313.88,45.0,1156.94,0.0288
SKU_2638,Low Revenue + Low Volatility,15392.02,0.133,2.0,1.0,48,45.71587790394364,96.0,4388.72,48.0,2194.36,0.0162
SKU_2639,Low Revenue + Low Volatility,18064.51,0.1451,2.0,1.0,39,46.458324451330064,78.0,3623.75,39.0,1811.87,0.0264
SKU_2640,Low Revenue + Low Volatility,10135.01,0.1134,2.0,1.0,16,51.32826079577343,32.0,1642.5,16.0,821.25,0.0231
SKU_2641,Low Revenue + Low Volatility,16546.58,0.0854,2.0,1.0,31,14.2059610055912,62.0,880.77,31.0,440.38,0.0156
SKU_2642,Low Revenue + Low Volatility,13420.34,0.1103,2.0,1.0,19,78.10313798376944,38.0,2967.92,19.0,1483.96,0.0259
SKU_2643,Low Revenue + Low Volatility,18242.55,0.0812,2.0,1.0,17,42.58072794202262,34.0,1447.74,17.0,723.87,0.0185
SKU_2644,Low Revenue + Low Volatility,12917.18,0.141,2.0,1.0,36,74.85722418693723,72.0,5389.72,36.0,2694.86,0.0124
SKU_2645,Low Revenue + Low Volatility,12764.45,0.137,2.0,1.0,19,10.686568029978345,38.0,406.09,19.0,203.04,0.0299
SKU_2646,Low Revenue + Low Volatility,13668.16,0.1058,2.0,1.0,23,27.329087694471625,46.0,1257.14,23.0,628.57,0.0185
SKU_2647,Low Revenue + Low Volatility,16239.73,0.0825,2.0,1.0,20,17.279689921933493,40.0,691.19,20.0,345.59,0.0208
SKU_2648,Low Revenue + Low Volatility,19470.36,0.0793,2.0,1.0,15,63.87313241483401,30.0,1916.19,15.0,958.1,0.0262
SKU_2649,Low Revenue + Low Volatility,6103.45,0.0533,2.0,1.0,30,32.40875347162979,60.0,1944.53,30.0,972.26,0.0292
SKU_2650,Low Revenue + Low Volatility,5801.52,0.1316,2.0,1.0,42,68.83447558910228,84.0,5782.1,42.0,2891.05,0.0275
SKU_2651,Low Revenue + Low Volatility,19063.26,0.095,2.0,1.0,28,68.26697560010999,56.0,3822.95,28.0,1911.48,0.0205
SKU_2652,Low Revenue + Low Volatility,12948.13,0.0825,2.0,1.0,48,56.74563549645989,96.0,5447.58,48.0,2723.79,0.0209
SKU_2653,Low Revenue + Low Volatility,14223.55,0.0971,2.0,1.0,33,56.60472624807839,66.0,3735.91,33.0,1867.96,0.0156
SKU_2654,Low Revenue + Low Volatility,12236.35,0.1319,2.0,1.0,27,59.01117844511945,54.0,3186.6,27.0,1593.3,0.0193
SKU_2655,Low Revenue + Low Volatility,6404.86,0.0625,2.0,1.0,44,57.163468424084215,88.0,5030.39,44.0,2515.19,0.0289
SKU_2656,Low Revenue + Low Volatility,16521.34,0.1358,2.0,1.0,46,37.083585037904435,92.0,3411.69,46.0,1705.84,0.0245
SKU_2657,Low Revenue + Low Volatility,16208.37,0.1398,2.0,1.0,28,57.79793511979822,56.0,3236.68,28.0,1618.34,0.0102
SKU_2658,Low Revenue + Low Volatility,9675.55,0.1447,2.0,1.0,33,72.8184878434651,66.0,4806.02,33.0,2403.01,0.0123
SKU_2659,Low Revenue + Low Volatility,9593.59,0.0897,2.0,1.0,43,33.28014443136365,86.0,2862.09,43.0,1431.05,0.0285
SKU_2660,Low Revenue + Low Volatility,17567.62,0.0717,2.0,1.0,31,76.14223183504676,62.0,4720.82,31.0,2360.41,0.027
SKU_2661,Low Revenue + Low Volatility,6085.36,0.0874,2.0,1.0,13,10.95071115291388,26.0,284.72,13.0,142.36,0.0197
SKU_2662,Low Revenue + Low Volatility,18216.58,0.0833,2.0,1.0,19,34.4357776785666,38.0,1308.56,19.0,654.28,0.0223
SKU_2663,Low Revenue + Low Volatility,8849.93,0.0676,2.0,1.0,11,19.246888121011814,22.0,423.43,11.0,211.72,0.0158
SKU_2664,Low Revenue + Low Volatility,13894.77,0.1107,2.0,1.0,17,18.863388033151658,34.0,641.36,17.0,320.68,0.0259
SKU_2665,Low Revenue + Low Volatility,19039.91,0.0977,2.0,1.0,42,67.08006458080979,84.0,5634.73,42.0,2817.36,0.0221
SKU_2666,Low Revenue + Low Volatility,15171.84,0.1366,2.0,1.0,47,74.2857820325086,94.0,6982.86,47.0,3491.43,0.0239
SKU_2667,Low Revenue + Low Volatility,11216.45,0.0532,2.0,1.0,37,64.44307779630898,74.0,4768.79,37.0,2384.39,0.0175
SKU_2668,Low Revenue + Low Volatility,15343.01,0.1144,2.0,1.0,19,78.3631003294792,38.0,2977.8,19.0,1488.9,0.0186
SKU_2669,Low Revenue + Low Volatility,10159.69,0.1263,2.0,1.0,10,25.143027911638953,20.0,502.86,10.0,251.43,0.0142
SKU_2670,Low Revenue + Low Volatility,9158.88,0.1259,2.0,1.0,43,19.85599385467833,86.0,1707.62,43.0,853.81,0.029
SKU_2671,Low Revenue + Low Volatility,19950.25,0.1386,2.0,1.0,12,46.44926474277295,24.0,1114.78,12.0,557.39,0.0289
SKU_2672,Low Revenue + Low Volatility,16261.85,0.1229,2.0,1.0,18,68.03263303198327,36.0,2449.17,18.0,1224.59,0.0264
SKU_2673,Low Revenue + Low Volatility,14670.8,0.1428,2.0,1.0,14,12.78873635866418,28.0,358.08,14.0,179.04,0.0287
SKU_2674,Low Revenue + Low Volatility,10329.34,0.0833,2.0,1.0,19,79.68959626999174,38.0,3028.2,19.0,1514.1,0.0233
SKU_2675,Low Revenue + Low Volatility,5737.41,0.1003,2.0,1.0,21,52.1572150443726,42.0,2190.6,21.0,1095.3,0.0147
SKU_2676,Low Revenue + Low Volatility,5465.85,0.0514,2.0,1.0,27,78.52592685269641,54.0,4240.4,27.0,2120.2,0.0252
SKU_2677,Low Revenue + Low Volatility,13312.72,0.0507,2.0,1.0,30,35.55571432636439,60.0,2133.34,30.0,1066.67,0.0165
SKU_2678,Low Revenue + Low Volatility,16430.49,0.074,2.0,1.0,30,42.06166743735125,60.0,2523.7,30.0,1261.85,0.0188
SKU_2679,Low Revenue + Low Volatility,13060.69,0.0601,2.0,1.0,10,62.665300967817444,20.0,1253.31,10.0,626.65,0.0155
SKU_2680,Low Revenue + Low Volatility,17611.78,0.076,2.0,1.0,12,65.48903153929231,24.0,1571.74,12.0,785.87,0.0185
SKU_2681,Low Revenue + Low Volatility,5501.4,0.0677,2.0,1.0,14,26.31231373451682,28.0,736.74,14.0,368.37,0.0236
SKU_2682,Low Revenue + Low Volatility,10501.28,0.0529,2.0,1.0,34,75.0860760415406,68.0,5105.85,34.0,2552.93,0.0122
SKU_2683,Low Revenue + Low Volatility,8556.06,0.1409,2.0,1.0,17,70.719618528431,34.0,2404.47,17.0,1202.23,0.0121
SKU_2684,Low Revenue + Low Volatility,11709.09,0.0508,2.0,1.0,26,11.2743712172239,52.0,586.27,26.0,293.13,0.0237
SKU_2685,Low Revenue + Low Volatility,6085.65,0.1236,2.0,1.0,18,18.999767409862816,36.0,683.99,18.0,342.0,0.0256
SKU_2686,Low Revenue + Low Volatility,19311.97,0.0652,2.0,1.0,41,44.726797448494715,82.0,3667.6,41.0,1833.8,0.021
SKU_2687,Low Revenue + Low Volatility,8348.83,0.1412,2.0,1.0,15,42.26688598792279,30.0,1268.01,15.0,634.0,0.0136
SKU_2688,Low Revenue + Low Volatility,18834.62,0.1393,2.0,1.0,49,59.587359852438475,98.0,5839.56,49.0,2919.78,0.0186
SKU_2689,Low Revenue + Low Volatility,11388.4,0.1154,2.0,1.0,30,16.279796323712382,60.0,976.79,30.0,488.39,0.0252
SKU_2690,Low Revenue + Low Volatility,19782.86,0.1172,2.0,1.0,16,55.13987146879886,32.0,1764.48,16.0,882.24,0.0237
SKU_2691,Low Revenue + Low Volatility,13310.88,0.0505,2.0,1.0,16,53.14589517942077,32.0,1700.67,16.0,850.33,0.0122
SKU_2692,Low Revenue + Low Volatility,18962.49,0.1485,2.0,1.0,48,26.353371893463105,96.0,2529.92,48.0,1264.96,0.0294
SKU_2693,Low Revenue + Low Volatility,5080.23,0.1378,2.0,1.0,36,47.96757749878796,72.0,3453.67,36.0,1726.83,0.0145
SKU_2694,Low Revenue + Low Volatility,16223.58,0.1395,2.0,1.0,17,25.554504489718738,34.0,868.85,17.0,434.43,0.0144
SKU_2695,Low Revenue + Low Volatility,18545.76,0.1159,2.0,1.0,18,20.284611897042446,36.0,730.25,18.0,365.12,0.0192
SKU_2696,Low Revenue + Low Volatility,7095.81,0.0845,2.0,1.0,37,50.11944542578494,74.0,3708.84,37.0,1854.42,0.0165
SKU_2697,Low Revenue + Low Volatility,6441.89,0.1394,2.0,1.0,24,78.42319948103992,48.0,3764.31,24.0,1882.16,0.0297
SKU_2698,Low Revenue + Low Volatility,11368.59,0.0792,2.0,1.0,11,26.585334442022152,22.0,584.88,11.0,292.44,0.0115
SKU_2699,Low Revenue + Low Volatility,19005.18,0.1063,2.0,1.0,16,34.87353045486063,32.0,1115.95,16.0,557.98,0.0161
SKU_2700,Low Revenue + Low Volatility,13135.8,0.06,2.0,1.0,27,27.960125819303272,54.0,1509.85,27.0,754.92,0.0177
SKU_2701,Low Revenue + Low Volatility,12911.85,0.1422,2.0,1.0,31,28.65218751525463,62.0,1776.44,31.0,888.22,0.0199
SKU_2702,Low Revenue + Low Volatility,7116.89,0.0641,2.0,1.0,19,38.29344939306765,38.0,1455.15,19.0,727.58,0.0103
SKU_2703,Low Revenue + Low Volatility,5011.84,0.0725,2.0,1.0,42,59.12988574554341,84.0,4966.91,42.0,2483.46,0.0116
SKU_2704,Low Revenue + Low Volatility,17152.1,0.1058,2.0,1.0,16,12.716316682166159,32.0,406.92,16.0,203.46,0.0152
SKU_2705,Low Revenue + Low Volatility,6313.62,0.1264,2.0,1.0,12,76.99869369798921,24.0,1847.97,12.0,923.98,0.0211
SKU_2706,Low Revenue + Low Volatility,14507.75,0.1119,2.0,1.0,23,13.239591564247325,46.0,609.02,23.0,304.51,0.0254
SKU_2707,Low Revenue + Low Volatility,18719.25,0.0732,2.0,1.0,45,71.68772273611918,90.0,6451.9,45.0,3225.95,0.0237
SKU_2708,Low Revenue + Low Volatility,8129.78,0.0501,2.0,1.0,22,72.60646691333991,44.0,3194.68,22.0,1597.34,0.0213
SKU_2709,Low Revenue + Low Volatility,14979.09,0.1257,2.0,1.0,25,46.71424313140663,50.0,2335.71,25.0,1167.86,0.0179
SKU_2710,Low Revenue + Low Volatility,6180.48,0.1485,2.0,1.0,25,19.589778003327723,50.0,979.49,25.0,489.74,0.0274
SKU_2711,Low Revenue + Low Volatility,14056.33,0.131,2.0,1.0,14,49.56021793898607,28.0,1387.69,14.0,693.84,0.0192
SKU_2712,Low Revenue + Low Volatility,7458.98,0.096,2.0,1.0,34,54.00425119319948,68.0,3672.29,34.0,1836.14,0.016
SKU_2713,Low Revenue + Low Volatility,16039.3,0.1404,2.0,1.0,47,70.0431270464978,94.0,6584.05,47.0,3292.03,0.0226
SKU_2714,Low Revenue + Low Volatility,9518.47,0.091,2.0,1.0,47,48.56267630386988,94.0,4564.89,47.0,2282.45,0.0238
SKU_2715,Low Revenue + Low Volatility,11950.87,0.1025,2.0,1.0,47,38.749657713233674,94.0,3642.47,47.0,1821.23,0.018
SKU_2716,Low Revenue + Low Volatility,13991.46,0.0977,2.0,1.0,48,68.68038356978798,96.0,6593.32,48.0,3296.66,0.0106
SKU_2717,Low Revenue + Low Volatility,7569.1,0.0948,2.0,1.0,35,78.66662581468333,70.0,5506.66,35.0,2753.33,0.0119
SKU_2718,Low Revenue + Low Volatility,16124.57,0.1275,2.0,1.0,22,55.15722436105533,44.0,2426.92,22.0,1213.46,0.0269
SKU_2719,Low Revenue + Low Volatility,9539.61,0.1027,2.0,1.0,35,71.20709261119666,70.0,4984.5,35.0,2492.25,0.0111
SKU_2720,Low Revenue + Low Volatility,14935.58,0.0817,2.0,1.0,10,51.9114578980345,20.0,1038.23,10.0,519.11,0.0218
SKU_2721,Low Revenue + Low Volatility,7374.25,0.0758,2.0,1.0,17,58.2851593987214,34.0,1981.7,17.0,990.85,0.0137
SKU_2722,Low Revenue + Low Volatility,15321.76,0.0538,2.0,1.0,13,58.17169822842432,26.0,1512.46,13.0,756.23,0.0146
SKU_2723,Low Revenue + Low Volatility,6922.82,0.1083,2.0,1.0,30,59.33508907881857,60.0,3560.11,30.0,1780.05,0.0155
SKU_2724,Low Revenue + Low Volatility,11380.35,0.073,2.0,1.0,31,32.470941075004355,62.0,2013.2,31.0,1006.6,0.0108
SKU_2725,Low Revenue + Low Volatility,8708.09,0.0648,2.0,1.0,46,50.29629773901986,92.0,4627.26,46.0,2313.63,0.0135
SKU_2726,Low Revenue + Low Volatility,16225.63,0.1154,2.0,1.0,12,51.58949087816568,24.0,1238.15,12.0,619.07,0.023
SKU_2727,Low Revenue + Low Volatility,8930.53,0.1181,2.0,1.0,28,32.05501386992624,56.0,1795.08,28.0,897.54,0.02
SKU_2728,Low Revenue + Low Volatility,18225.76,0.1252,2.0,1.0,10,34.48966573925646,20.0,689.79,10.0,344.9,0.0259
SKU_2729,Low Revenue + Low Volatility,18377.3,0.1004,2.0,1.0,38,63.35727355117003,76.0,4815.15,38.0,2407.58,0.0112
SKU_2730,Low Revenue + Low Volatility,7946.62,0.1394,2.0,1.0,32,50.79066884320744,64.0,3250.6,32.0,1625.3,0.0278
SKU_2731,Low Revenue + Low Volatility,14207.69,0.1436,2.0,1.0,42,20.444780357421802,84.0,1717.36,42.0,858.68,0.0299
SKU_2732,Low Revenue + Low Volatility,6315.76,0.1307,2.0,1.0,32,68.63458920780106,64.0,4392.61,32.0,2196.31,0.0103
SKU_2733,Low Revenue + Low Volatility,10873.06,0.1136,2.0,1.0,14,71.81800009520238,28.0,2010.9,14.0,1005.45,0.0294
SKU_2734,Low Revenue + Low Volatility,15699.83,0.0804,2.0,1.0,16,42.62988035704699,32.0,1364.16,16.0,682.08,0.0147
SKU_2735,Low Revenue + Low Volatility,14891.35,0.1483,2.0,1.0,15,24.623520241604886,30.0,738.71,15.0,369.35,0.0239
SKU_2736,Low Revenue + Low Volatility,14370.51,0.0774,2.0,1.0,31,76.33245467834337,62.0,4732.61,31.0,2366.31,0.0158
SKU_2737,Low Revenue + Low Volatility,9238.11,0.0703,2.0,1.0,22,71.75886951637034,44.0,3157.39,22.0,1578.7,0.0204
SKU_2738,Low Revenue + Low Volatility,10670.37,0.0942,2.0,1.0,21,27.106722243928697,42.0,1138.48,21.0,569.24,0.0202
SKU_2739,Low Revenue + Low Volatility,6544.19,0.0557,2.0,1.0,13,16.69156154118882,26.0,433.98,13.0,216.99,0.0172
SKU_2740,Low Revenue + Low Volatility,15785.34,0.1478,2.0,1.0,17,40.84575252843747,34.0,1388.76,17.0,694.38,0.0244
SKU_2741,Low Revenue + Low Volatility,12558.33,0.1088,2.0,1.0,46,57.34778905456177,92.0,5276.0,46.0,2638.0,0.022
SKU_2742,Low Revenue + Low Volatility,15631.48,0.1057,2.0,1.0,40,22.277200965396084,80.0,1782.18,40.0,891.09,0.0202
SKU_2743,Low Revenue + Low Volatility,8734.15,0.1156,2.0,1.0,46,45.92488609022236,92.0,4225.09,46.0,2112.54,0.0297
SKU_2744,Low Revenue + Low Volatility,9866.57,0.0997,2.0,1.0,35,39.77908459907617,70.0,2784.54,35.0,1392.27,0.0288
SKU_2745,Low Revenue + Low Volatility,10013.23,0.0532,2.0,1.0,17,72.33858041386259,34.0,2459.51,17.0,1229.76,0.0291
SKU_2746,Low Revenue + Low Volatility,5386.14,0.1112,2.0,1.0,49,40.069664296499,98.0,3926.83,49.0,1963.41,0.0276
SKU_2747,Low Revenue + Low Volatility,10115.72,0.1216,2.0,1.0,42,47.36434756145263,84.0,3978.61,42.0,1989.3,0.0151
SKU_2748,Low Revenue + Low Volatility,17049.57,0.0917,2.0,1.0,38,76.87003372012757,76.0,5842.12,38.0,2921.06,0.017
SKU_2749,Low Revenue + Low Volatility,18459.48,0.1257,2.0,1.0,14,30.978423611219522,28.0,867.4,14.0,433.7,0.0146
SKU_2750,Low Revenue + Low Volatility,12773.27,0.0727,2.0,1.0,37,30.229365235935894,74.0,2236.97,37.0,1118.49,0.0297
SKU_2751,Low Revenue + Low Volatility,11832.53,0.0721,2.0,1.0,49,65.97165559594299,98.0,6465.22,49.0,3232.61,0.0131
SKU_2752,Low Revenue + Low Volatility,5462.37,0.0661,2.0,1.0,26,29.427729030077806,52.0,1530.24,26.0,765.12,0.0173
SKU_2753,Low Revenue + Low Volatility,18188.07,0.0872,2.0,1.0,32,68.23061090512435,64.0,4366.76,32.0,2183.38,0.014
SKU_2754,Low Revenue + Low Volatility,5195.15,0.1347,2.0,1.0,18,16.687492655315147,36.0,600.75,18.0,300.37,0.0145
SKU_2755,Low Revenue + Low Volatility,19171.25,0.1328,2.0,1.0,11,17.78828731166279,22.0,391.34,11.0,195.67,0.0149
SKU_2756,Low Revenue + Low Volatility,12338.24,0.0883,2.0,1.0,41,73.09263619139402,82.0,5993.6,41.0,2996.8,0.0228
SKU_2757,Low Revenue + Low Volatility,10129.02,0.1089,2.0,1.0,40,47.85685977377047,80.0,3828.55,40.0,1914.27,0.0115
SKU_2758,Low Revenue + Low Volatility,18863.28,0.1221,2.0,1.0,16,60.31699866859671,32.0,1930.14,16.0,965.07,0.0215
SKU_2759,Low Revenue + Low Volatility,5365.86,0.0741,2.0,1.0,39,25.7702224303781,78.0,2010.08,39.0,1005.04,0.0264
SKU_2760,Low Revenue + Low Volatility,13721.37,0.0668,2.0,1.0,12,21.63920578674758,24.0,519.34,12.0,259.67,0.0253
SKU_2761,Low Revenue + Low Volatility,13233.99,0.1472,2.0,1.0,18,68.4467983562848,36.0,2464.08,18.0,1232.04,0.013
SKU_2762,Low Revenue + Low Volatility,8289.81,0.1118,2.0,1.0,19,35.103638491627414,38.0,1333.94,19.0,666.97,0.0283
SKU_2763,Low Revenue + Low Volatility,11433.31,0.1481,2.0,1.0,35,41.85228333853961,70.0,2929.66,35.0,1464.83,0.0254
SKU_2764,Low Revenue + Low Volatility,14783.96,0.0838,2.0,1.0,10,11.958032809275128,20.0,239.16,10.0,119.58,0.0101
SKU_2765,Low Revenue + Low Volatility,15906.97,0.1203,2.0,1.0,39,37.01165139350765,78.0,2886.91,39.0,1443.45,0.0247
SKU_2766,Low Revenue + Low Volatility,5010.75,0.0723,2.0,1.0,47,63.930646568748486,94.0,6009.48,47.0,3004.74,0.0247
SKU_2767,Low Revenue + Low Volatility,19052.8,0.0761,2.0,1.0,24,67.48926241003186,48.0,3239.48,24.0,1619.74,0.0199
SKU_2768,Low Revenue + Low Volatility,7467.88,0.1012,2.0,1.0,34,58.912835221777925,68.0,4006.07,34.0,2003.04,0.0109
SKU_2769,Low Revenue + Low Volatility,8503.71,0.082,2.0,1.0,15,58.452581348061955,30.0,1753.58,15.0,876.79,0.0216
SKU_2770,Low Revenue + Low Volatility,8952.1,0.0668,2.0,1.0,27,45.436748661801055,54.0,2453.58,27.0,1226.79,0.0253
SKU_2771,Low Revenue + Low Volatility,5567.3,0.0763,2.0,1.0,10,47.68305304818761,20.0,953.66,10.0,476.83,0.0154
SKU_2772,Low Revenue + Low Volatility,6845.78,0.0536,2.0,1.0,12,61.98422227692004,24.0,1487.62,12.0,743.81,0.0233
SKU_2773,Low Revenue + Low Volatility,19795.25,0.1204,2.0,1.0,26,27.3111259179406,52.0,1420.18,26.0,710.09,0.0171
SKU_2774,Low Revenue + Low Volatility,9728.25,0.0992,2.0,1.0,17,26.20619477722392,34.0,891.01,17.0,445.51,0.0215
SKU_2775,Low Revenue + Low Volatility,6729.52,0.0594,2.0,1.0,49,76.49473767398382,98.0,7496.48,49.0,3748.24,0.0177
SKU_2776,Low Revenue + Low Volatility,6604.87,0.0672,2.0,1.0,26,11.938292073114276,52.0,620.79,26.0,310.4,0.0161
SKU_2777,Low Revenue + Low Volatility,15791.9,0.0603,2.0,1.0,34,19.762582456562708,68.0,1343.86,34.0,671.93,0.0271
SKU_2778,Low Revenue + Low Volatility,17818.53,0.1113,2.0,1.0,21,49.923269834087364,42.0,2096.78,21.0,1048.39,0.0251
SKU_2779,Low Revenue + Low Volatility,8854.28,0.0594,2.0,1.0,38,61.6484387088844,76.0,4685.28,38.0,2342.64,0.0169
SKU_2780,Low Revenue + Low Volatility,5313.64,0.1254,2.0,1.0,34,47.65237580895082,68.0,3240.36,34.0,1620.18,0.0187
SKU_2781,Low Revenue + Low Volatility,8346.35,0.0521,2.0,1.0,45,34.854479731541886,90.0,3136.9,45.0,1568.45,0.0238
SKU_2782,Low Revenue + Low Volatility,5847.74,0.0749,2.0,1.0,34,78.45832835470773,68.0,5335.17,34.0,2667.58,0.0262
SKU_2783,Low Revenue + Low Volatility,6550.92,0.1391,2.0,1.0,38,59.269687959299205,76.0,4504.5,38.0,2252.25,0.0237
SKU_2784,Low Revenue + Low Volatility,11472.62,0.1219,2.0,1.0,20,68.19735887469554,40.0,2727.89,20.0,1363.95,0.0208
SKU_2785,Low Revenue + Low Volatility,8448.78,0.0573,2.0,1.0,13,12.817281193174283,26.0,333.25,13.0,166.62,0.0291
SKU_2786,Low Revenue + Low Volatility,12739.19,0.1321,2.0,1.0,23,26.514407733136856,46.0,1219.66,23.0,609.83,0.0255
SKU_2787,Low Revenue + Low Volatility,8802.41,0.0993,2.0,1.0,47,36.191976551410605,94.0,3402.05,47.0,1701.02,0.0123
SKU_2788,Low Revenue + Low Volatility,19108.06,0.1347,2.0,1.0,26,22.78209786575946,52.0,1184.67,26.0,592.33,0.0212
SKU_2789,Low Revenue + Low Volatility,18589.16,0.1101,2.0,1.0,11,15.102949089640305,22.0,332.26,11.0,166.13,0.0182
SKU_2790,Low Revenue + Low Volatility,13502.09,0.1182,2.0,1.0,17,25.756416521627614,34.0,875.72,17.0,437.86,0.0259
SKU_2791,Low Revenue + Low Volatility,10316.36,0.1494,2.0,1.0,45,47.35449418659298,90.0,4261.9,45.0,2130.95,0.0109
SKU_2792,Low Revenue + Low Volatility,10717.2,0.0732,2.0,1.0,19,58.70216738496937,38.0,2230.68,19.0,1115.34,0.0182
SKU_2793,Low Revenue + Low Volatility,11177.78,0.1124,2.0,1.0,16,64.18146460755567,32.0,2053.81,16.0,1026.9,0.0164
SKU_2794,Low Revenue + Low Volatility,15913.69,0.096,2.0,1.0,45,13.005530840740196,90.0,1170.5,45.0,585.25,0.0128
SKU_2795,Low Revenue + Low Volatility,11774.58,0.0539,2.0,1.0,25,39.959032054881376,50.0,1997.95,25.0,998.98,0.0176
SKU_2796,Low Revenue + Low Volatility,17850.95,0.0514,2.0,1.0,23,18.554810850975713,46.0,853.52,23.0,426.76,0.0235
SKU_2797,Low Revenue + Low Volatility,19161.42,0.0619,2.0,1.0,25,40.18402705112703,50.0,2009.2,25.0,1004.6,0.0172
SKU_2798,Low Revenue + Low Volatility,10039.19,0.1149,2.0,1.0,34,40.37830943842066,68.0,2745.73,34.0,1372.86,0.0216
SKU_2799,Low Revenue + Low Volatility,13410.42,0.1067,2.0,1.0,13,44.87481806985706,26.0,1166.75,13.0,583.37,0.0219
SKU_2800,Low Revenue + Low Volatility,6425.85,0.1053,2.0,1.0,38,72.49814383842676,76.0,5509.86,38.0,2754.93,0.0217
SKU_2801,Low Revenue + Low Volatility,8007.04,0.0532,2.0,1.0,15,66.35668518368627,30.0,1990.7,15.0,995.35,0.0206
SKU_2802,Low Revenue + Low Volatility,11201.99,0.0969,2.0,1.0,10,54.570459159547426,20.0,1091.41,10.0,545.7,0.0123
SKU_2803,Low Revenue + Low Volatility,8093.04,0.1425,2.0,1.0,48,71.97851260534716,96.0,6909.94,48.0,3454.97,0.0144
SKU_2804,Low Revenue + Low Volatility,18148.41,0.0898,2.0,1.0,10,57.492803155323635,20.0,1149.86,10.0,574.93,0.026
SKU_2805,Low Revenue + Low Volatility,7374.29,0.1125,2.0,1.0,49,67.31984725341526,98.0,6597.35,49.0,3298.67,0.02
SKU_2806,Low Revenue + Low Volatility,11834.91,0.128,2.0,1.0,12,49.464481068888865,24.0,1187.15,12.0,593.57,0.0241
SKU_2807,Low Revenue + Low Volatility,14085.49,0.1284,2.0,1.0,10,46.76527761416305,20.0,935.31,10.0,467.65,0.0214
SKU_2808,Low Revenue + Low Volatility,15377.96,0.1019,2.0,1.0,10,60.686806994066934,20.0,1213.74,10.0,606.87,0.0108
SKU_2809,Low Revenue + Low Volatility,10746.04,0.1358,2.0,1.0,48,11.378251838302575,96.0,1092.31,48.0,546.16,0.0259
SKU_2810,Low Revenue + Low Volatility,18036.49,0.0891,2.0,1.0,30,58.32643001419964,60.0,3499.59,30.0,1749.79,0.0113
SKU_2811,Low Revenue + Low Volatility,13524.79,0.1389,2.0,1.0,39,75.41627528830553,78.0,5882.47,39.0,2941.23,0.0289
SKU_2812,Low Revenue + Low Volatility,11592.62,0.074,2.0,1.0,41,59.975945587872786,82.0,4918.03,41.0,2459.01,0.0143
SKU_2813,Low Revenue + Low Volatility,6008.61,0.078,2.0,1.0,42,12.575560700805294,84.0,1056.35,42.0,528.17,0.0202
SKU_2814,Low Revenue + Low Volatility,11970.34,0.0553,2.0,1.0,31,36.45199485409067,62.0,2260.02,31.0,1130.01,0.0113
SKU_2815,Low Revenue + Low Volatility,17311.04,0.1296,2.0,1.0,39,66.67069115899002,78.0,5200.31,39.0,2600.16,0.0279
SKU_2816,Low Revenue + Low Volatility,14218.12,0.0917,2.0,1.0,13,77.1025985031094,26.0,2004.67,13.0,1002.33,0.0296
SKU_2817,Low Revenue + Low Volatility,17482.44,0.0729,2.0,1.0,32,35.9114348945464,64.0,2298.33,32.0,1149.17,0.0129
SKU_2818,Low Revenue + Low Volatility,12410.18,0.0732,2.0,1.0,34,68.88358391138357,68.0,4684.08,34.0,2342.04,0.0159
SKU_2819,Low Revenue + Low Volatility,6776.93,0.1401,2.0,1.0,21,70.4666912711059,42.0,2959.6,21.0,1479.8,0.0103
SKU_2820,Low Revenue + Low Volatility,5204.6,0.1334,2.0,1.0,26,18.630047952823503,52.0,968.76,26.0,484.38,0.0257
SKU_2821,Low Revenue + Low Volatility,9548.29,0.1054,2.0,1.0,24,69.20519267030812,48.0,3321.85,24.0,1660.92,0.0162
SKU_2822,Low Revenue + Low Volatility,15469.86,0.1116,2.0,1.0,19,32.69749269470306,38.0,1242.5,19.0,621.25,0.0218
SKU_2823,Low Revenue + Low Volatility,16853.9,0.0974,2.0,1.0,44,51.52664050957921,88.0,4534.34,44.0,2267.17,0.0108
SKU_2824,Low Revenue + Low Volatility,9436.29,0.0892,2.0,1.0,38,47.72734835494947,76.0,3627.28,38.0,1813.64,0.0243
SKU_2825,Low Revenue + Low Volatility,12434.81,0.1415,2.0,1.0,21,56.41377046152844,42.0,2369.38,21.0,1184.69,0.0206
SKU_2826,Low Revenue + Low Volatility,11316.78,0.0626,2.0,1.0,10,61.83252556613112,20.0,1236.65,10.0,618.33,0.0245
SKU_2827,Low Revenue + Low Volatility,11157.84,0.0918,2.0,1.0,10,40.861676833300606,20.0,817.23,10.0,408.62,0.0258
SKU_2828,Low Revenue + Low Volatility,8470.23,0.0845,2.0,1.0,19,72.18175755043927,38.0,2742.91,19.0,1371.45,0.0118
SKU_2829,Low Revenue + Low Volatility,7045.57,0.0998,2.0,1.0,27,66.66488950930929,54.0,3599.9,27.0,1799.95,0.0216
SKU_2830,Low Revenue + Low Volatility,7950.33,0.0958,2.0,1.0,11,64.97947648535018,22.0,1429.55,11.0,714.77,0.023
SKU_2831,Low Revenue + Low Volatility,5829.99,0.1019,2.0,1.0,17,42.07727893540042,34.0,1430.63,17.0,715.31,0.0203
SKU_2832,Low Revenue + Low Volatility,7971.96,0.064,2.0,1.0,31,12.630102009122712,62.0,783.07,31.0,391.53,0.0136
SKU_2833,Low Revenue + Low Volatility,5138.01,0.1013,2.0,1.0,31,44.45794844652611,62.0,2756.39,31.0,1378.2,0.0259
SKU_2834,Low Revenue + Low Volatility,14408.88,0.0742,2.0,1.0,35,72.8911873900928,70.0,5102.38,35.0,2551.19,0.0299
SKU_2835,Low Revenue + Low Volatility,9745.63,0.0684,2.0,1.0,35,23.33151089252632,70.0,1633.21,35.0,816.6,0.0294
SKU_2836,Low Revenue + Low Volatility,19597.17,0.0565,2.0,1.0,18,78.78147304074115,36.0,2836.13,18.0,1418.07,0.0256
SKU_2837,Low Revenue + Low Volatility,7905.76,0.1263,2.0,1.0,30,66.538343400922,60.0,3992.3,30.0,1996.15,0.0184
SKU_2838,Low Revenue + Low Volatility,10187.43,0.0927,2.0,1.0,40,59.688085459744535,80.0,4775.05,40.0,2387.52,0.0167
SKU_2839,Low Revenue + Low Volatility,10367.62,0.1127,2.0,1.0,15,57.40119705456245,30.0,1722.04,15.0,861.02,0.0114
SKU_2840,Low Revenue + Low Volatility,5126.77,0.1228,2.0,1.0,23,51.09181173536338,46.0,2350.22,23.0,1175.11,0.0183
SKU_2841,Low Revenue + Low Volatility,17588.12,0.1179,2.0,1.0,42,60.44692262743924,84.0,5077.54,42.0,2538.77,0.0131
SKU_2842,Low Revenue + Low Volatility,5479.92,0.0971,2.0,1.0,16,39.533388935352434,32.0,1265.07,16.0,632.53,0.0151
SKU_2843,Low Revenue + Low Volatility,19102.7,0.0888,2.0,1.0,33,69.17016756140907,66.0,4565.23,33.0,2282.62,0.0278
SKU_2844,Low Revenue + Low Volatility,18381.12,0.0876,2.0,1.0,18,58.74421692666966,36.0,2114.79,18.0,1057.4,0.0294
SKU_2845,Low Revenue + Low Volatility,13032.83,0.114,2.0,1.0,20,63.98771786656844,40.0,2559.51,20.0,1279.75,0.029
SKU_2846,Low Revenue + Low Volatility,13153.93,0.0995,2.0,1.0,32,65.47411955161857,64.0,4190.34,32.0,2095.17,0.0139
SKU_2847,Low Revenue + Low Volatility,14806.67,0.1349,2.0,1.0,11,16.444903199623177,22.0,361.79,11.0,180.89,0.028
SKU_2848,Low Revenue + Low Volatility,10805.75,0.1375,2.0,1.0,24,13.894854088141654,48.0,666.95,24.0,333.48,0.0128
SKU_2849,Low Revenue + Low Volatility,14708.33,0.0671,2.0,1.0,44,66.06901079393151,88.0,5814.07,44.0,2907.04,0.0202
SKU_2850,Low Revenue + Low Volatility,5671.53,0.0636,2.0,1.0,45,28.156881472677235,90.0,2534.12,45.0,1267.06,0.0229
SKU_2851,Low Revenue + Low Volatility,5810.71,0.113,2.0,1.0,37,50.737886525827,74.0,3754.6,37.0,1877.3,0.0192
SKU_2852,Low Revenue + Low Volatility,11858.46,0.0801,2.0,1.0,48,41.059759865329035,96.0,3941.74,48.0,1970.87,0.029
SKU_2853,Low Revenue + Low Volatility,13244.33,0.0519,2.0,1.0,13,11.542744256734396,26.0,300.11,13.0,150.06,0.0167
SKU_2854,Low Revenue + Low Volatility,18317.26,0.1389,2.0,1.0,19,12.819688071639003,38.0,487.15,19.0,243.57,0.0205
SKU_2855,Low Revenue + Low Volatility,6569.91,0.0727,2.0,1.0,15,67.8987669595157,30.0,2036.96,15.0,1018.48,0.0115
SKU_2856,Low Revenue + Low Volatility,17339.72,0.1429,2.0,1.0,39,52.53742930421067,78.0,4097.92,39.0,2048.96,0.027
SKU_2857,Low Revenue + Low Volatility,8150.71,0.1217,2.0,1.0,44,46.66901551157914,88.0,4106.87,44.0,2053.44,0.0183
SKU_2858,Low Revenue + Low Volatility,10911.25,0.1263,2.0,1.0,19,76.10464584302252,38.0,2891.98,19.0,1445.99,0.024
SKU_2859,Low Revenue + Low Volatility,9749.04,0.0701,2.0,1.0,41,22.118051815019143,82.0,1813.68,41.0,906.84,0.0236
SKU_2860,Low Revenue + Low Volatility,11002.33,0.0734,2.0,1.0,12,28.057958776115896,24.0,673.39,12.0,336.7,0.0235
SKU_2861,Low Revenue + Low Volatility,7257.43,0.1021,2.0,1.0,35,62.971735476493905,70.0,4408.02,35.0,2204.01,0.0201
SKU_2862,Low Revenue + Low Volatility,12553.55,0.0672,2.0,1.0,24,64.26646595705506,48.0,3084.79,24.0,1542.4,0.0156
SKU_2863,Low Revenue + Low Volatility,17024.64,0.0805,2.0,1.0,26,38.34280375074151,52.0,1993.83,26.0,996.91,0.0225
SKU_2864,Low Revenue + Low Volatility,11623.01,0.0821,2.0,1.0,36,76.5684904250632,72.0,5512.93,36.0,2756.47,0.0292
SKU_2865,Low Revenue + Low Volatility,12359.2,0.066,2.0,1.0,27,75.67782044006195,54.0,4086.6,27.0,2043.3,0.0267
SKU_2866,Low Revenue + Low Volatility,17731.51,0.0705,2.0,1.0,28,10.868680054211167,56.0,608.65,28.0,304.32,0.0122
SKU_2867,Low Revenue + Low Volatility,15590.87,0.1289,2.0,1.0,21,22.06295316385075,42.0,926.64,21.0,463.32,0.0105
SKU_2868,Low Revenue + Low Volatility,12356.82,0.0667,2.0,1.0,33,67.415360917871,66.0,4449.41,33.0,2224.71,0.02
SKU_2869,Low Revenue + Low Volatility,8865.43,0.0528,2.0,1.0,14,33.46516793782058,28.0,937.02,14.0,468.51,0.0255
SKU_2870,Low Revenue + Low Volatility,18273.9,0.1129,2.0,1.0,33,16.682387508987986,66.0,1101.04,33.0,550.52,0.0163
SKU_2871,Low Revenue + Low Volatility,13655.31,0.1476,2.0,1.0,36,64.94994220965086,72.0,4676.4,36.0,2338.2,0.024
SKU_2872,Low Revenue + Low Volatility,8317.21,0.0831,2.0,1.0,39,41.820845390264665,78.0,3262.03,39.0,1631.01,0.0286
SKU_2873,Low Revenue + Low Volatility,9036.8,0.0619,2.0,1.0,24,44.46875507007603,48.0,2134.5,24.0,1067.25,0.0192
SKU_2874,Low Revenue + Low Volatility,17047.0,0.107,2.0,1.0,47,23.04585721713199,94.0,2166.31,47.0,1083.16,0.0149
SKU_2875,Low Revenue + Low Volatility,5662.18,0.1406,2.0,1.0,43,56.26265377572494,86.0,4838.59,43.0,2419.29,0.0284
SKU_2876,Low Revenue + Low Volatility,19881.38,0.1284,2.0,1.0,36,48.586892268583235,72.0,3498.26,36.0,1749.13,0.0194
SKU_2877,Low Revenue + Low Volatility,6955.28,0.1123,2.0,1.0,29,24.467105645235307,58.0,1419.09,29.0,709.55,0.0182
SKU_2878,Low Revenue + Low Volatility,16941.03,0.0815,2.0,1.0,41,33.82320559074448,82.0,2773.5,41.0,1386.75,0.0171
SKU_2879,Low Revenue + Low Volatility,10921.63,0.1042,2.0,1.0,13,51.78155011353204,26.0,1346.32,13.0,673.16,0.0185
SKU_2880,Low Revenue + Low Volatility,12383.24,0.0591,2.0,1.0,14,74.7410578803387,28.0,2092.75,14.0,1046.37,0.0235
SKU_2881,Low Revenue + Low Volatility,18209.76,0.1179,2.0,1.0,17,74.42634452250442,34.0,2530.5,17.0,1265.25,0.0187
SKU_2882,Low Revenue + Low Volatility,11193.67,0.1225,2.0,1.0,31,30.153413307823808,62.0,1869.51,31.0,934.76,0.0165
SKU_2883,Low Revenue + Low Volatility,13062.41,0.1465,2.0,1.0,16,61.493468443191944,32.0,1967.79,16.0,983.9,0.0249
SKU_2884,Low Revenue + Low Volatility,5739.49,0.076,2.0,1.0,31,64.28633563666666,62.0,3985.75,31.0,1992.88,0.0141
SKU_2885,Low Revenue + Low Volatility,5035.21,0.0518,2.0,1.0,39,66.61761699879563,78.0,5196.17,39.0,2598.09,0.014
SKU_2886,Low Revenue + Low Volatility,8672.0,0.1046,2.0,1.0,46,49.953359932603604,92.0,4595.71,46.0,2297.85,0.0239
SKU_2887,Low Revenue + Low Volatility,15208.75,0.1207,2.0,1.0,25,10.735559866971146,50.0,536.78,25.0,268.39,0.0273
SKU_2888,Low Revenue + Low Volatility,6818.97,0.129,2.0,1.0,24,63.317339981237396,48.0,3039.23,24.0,1519.62,0.0148
SKU_2889,Low Revenue + Low Volatility,6706.43,0.0694,2.0,1.0,14,17.461821488054504,28.0,488.93,14.0,244.47,0.0138
SKU_2890,Low Revenue + Low Volatility,11164.41,0.0762,2.0,1.0,12,18.180997035428128,24.0,436.34,12.0,218.17,0.0234
SKU_2891,Low Revenue + Low Volatility,14717.56,0.1013,2.0,1.0,32,52.393736185230686,64.0,3353.2,32.0,1676.6,0.0224
SKU_2892,Low Revenue + Low Volatility,15681.08,0.0831,2.0,1.0,19,78.84643647177111,38.0,2996.16,19.0,1498.08,0.0189
SKU_2893,Low Revenue + Low Volatility,7676.76,0.1361,2.0,1.0,14,26.97776312860599,28.0,755.38,14.0,377.69,0.0119
SKU_2894,Low Revenue + Low Volatility,6193.82,0.0974,2.0,1.0,32,55.20676160358453,64.0,3533.23,32.0,1766.62,0.0118
SKU_2895,Low Revenue + Low Volatility,19105.96,0.13,2.0,1.0,24,31.25575520163207,48.0,1500.28,24.0,750.14,0.0255
SKU_2896,Low Revenue + Low Volatility,8910.0,0.1081,2.0,1.0,27,72.91082795273708,54.0,3937.18,27.0,1968.59,0.019
SKU_2897,Low Revenue + Low Volatility,17800.2,0.1273,2.0,1.0,34,51.54618244797048,68.0,3505.14,34.0,1752.57,0.0272
SKU_2898,Low Revenue + Low Volatility,17952.37,0.0833,2.0,1.0,17,24.523412935952962,34.0,833.8,17.0,416.9,0.0215
SKU_2899,Low Revenue + Low Volatility,16587.84,0.1331,2.0,1.0,40,28.34917353117998,80.0,2267.93,40.0,1133.97,0.0224
SKU_2900,Low Revenue + Low Volatility,7532.5,0.0775,2.0,1.0,30,40.27365112926847,60.0,2416.42,30.0,1208.21,0.0287
SKU_2901,Low Revenue + Low Volatility,17327.02,0.1046,2.0,1.0,11,18.54304934208689,22.0,407.95,11.0,203.97,0.0133
SKU_2902,Low Revenue + Low Volatility,16538.76,0.0714,2.0,1.0,31,15.511335778443716,62.0,961.7,31.0,480.85,0.0209
SKU_2903,Low Revenue + Low Volatility,13950.84,0.0976,2.0,1.0,17,57.604297702356924,34.0,1958.55,17.0,979.27,0.0112
SKU_2904,Low Revenue + Low Volatility,10058.03,0.0818,2.0,1.0,32,38.50155434623842,64.0,2464.1,32.0,1232.05,0.0172
SKU_2905,Low Revenue + Low Volatility,8937.63,0.0767,2.0,1.0,41,60.83580543091939,82.0,4988.54,41.0,2494.27,0.013
SKU_2906,Low Revenue + Low Volatility,6828.34,0.1467,2.0,1.0,17,17.704074030633503,34.0,601.94,17.0,300.97,0.0138
SKU_2907,Low Revenue + Low Volatility,12646.36,0.066,2.0,1.0,13,52.6905883530767,26.0,1369.96,13.0,684.98,0.0287
SKU_2908,Low Revenue + Low Volatility,13778.91,0.1287,2.0,1.0,39,41.03147553588183,78.0,3200.46,39.0,1600.23,0.0222
SKU_2909,Low Revenue + Low Volatility,10390.08,0.1484,2.0,1.0,28,14.059905811992,56.0,787.35,28.0,393.68,0.0278
SKU_2910,Low Revenue + Low Volatility,12130.39,0.052,2.0,1.0,32,48.13613847931838,64.0,3080.71,32.0,1540.36,0.0189
SKU_2911,Low Revenue + Low Volatility,10452.72,0.1199,2.0,1.0,27,15.796299230018203,54.0,853.0,27.0,426.5,0.022
SKU_2912,Low Revenue + Low Volatility,14615.09,0.0753,2.0,1.0,38,67.94038234537057,76.0,5163.47,38.0,2581.73,0.0106
SKU_2913,Low Revenue + Low Volatility,18518.89,0.054,2.0,1.0,32,54.23702257730202,64.0,3471.17,32.0,1735.58,0.0194
SKU_2914,Low Revenue + Low Volatility,7458.8,0.0903,2.0,1.0,42,48.987727363231386,84.0,4114.97,42.0,2057.48,0.0213
SKU_2915,Low Revenue + Low Volatility,10721.13,0.1435,2.0,1.0,27,19.34283031287613,54.0,1044.51,27.0,522.26,0.0103
SKU_2916,Low Revenue + Low Volatility,7113.03,0.0512,2.0,1.0,42,30.12199794528581,84.0,2530.25,42.0,1265.12,0.0258
SKU_2917,Low Revenue + Low Volatility,14374.16,0.1088,2.0,1.0,16,44.50131279947095,32.0,1424.04,16.0,712.02,0.0159
SKU_2918,Low Revenue + Low Volatility,15933.06,0.1001,2.0,1.0,37,54.329845954778165,74.0,4020.41,37.0,2010.2,0.019
SKU_2919,Low Revenue + Low Volatility,18978.69,0.1373,2.0,1.0,10,22.82615031195089,20.0,456.52,10.0,228.26,0.0207
SKU_2920,Low Revenue + Low Volatility,9183.08,0.0584,2.0,1.0,48,10.620639469353637,96.0,1019.58,48.0,509.79,0.0298
SKU_2921,Low Revenue + Low Volatility,19253.17,0.1182,2.0,1.0,43,34.13321310885069,86.0,2935.46,43.0,1467.73,0.012
SKU_2922,Low Revenue + Low Volatility,5948.94,0.118,2.0,1.0,48,43.80100181893705,96.0,4204.9,48.0,2102.45,0.0211
SKU_2923,Low Revenue + Low Volatility,14045.21,0.1169,2.0,1.0,28,22.91034539177621,56.0,1282.98,28.0,641.49,0.0206
SKU_2924,Low Revenue + Low Volatility,5856.99,0.1442,2.0,1.0,40,44.45158540986441,80.0,3556.13,40.0,1778.06,0.0114
SKU_2925,Low Revenue + Low Volatility,18406.61,0.1323,2.0,1.0,22,33.69401009984881,44.0,1482.54,22.0,741.27,0.0227
SKU_2926,Low Revenue + Low Volatility,12947.14,0.0542,2.0,1.0,33,41.856276627448544,66.0,2762.51,33.0,1381.26,0.0157
SKU_2927,Low Revenue + Low Volatility,15040.23,0.0971,2.0,1.0,14,34.32204254050158,28.0,961.02,14.0,480.51,0.0121
SKU_2928,Low Revenue + Low Volatility,17473.61,0.0898,2.0,1.0,32,53.99274948507601,64.0,3455.54,32.0,1727.77,0.0136
SKU_2929,Low Revenue + Low Volatility,7254.66,0.081,2.0,1.0,28,13.002790769550018,56.0,728.16,28.0,364.08,0.0265
SKU_2930,Low Revenue + Low Volatility,5578.87,0.0951,2.0,1.0,10,21.96337029609915,20.0,439.27,10.0,219.63,0.0121
SKU_2931,Low Revenue + Low Volatility,18183.22,0.0884,2.0,1.0,42,40.29256083776997,84.0,3384.58,42.0,1692.29,0.0193
SKU_2932,Low Revenue + Low Volatility,9724.0,0.0932,2.0,1.0,42,34.940770088629975,84.0,2935.02,42.0,1467.51,0.0139
SKU_2933,Low Revenue + Low Volatility,6934.68,0.1479,2.0,1.0,41,37.414236916767194,82.0,3067.97,41.0,1533.98,0.0132
SKU_2934,Low Revenue + Low Volatility,12026.92,0.0589,2.0,1.0,37,66.26324864163358,74.0,4903.48,37.0,2451.74,0.0141
SKU_2935,Low Revenue + Low Volatility,13974.59,0.1422,2.0,1.0,46,72.0432160773156,92.0,6627.98,46.0,3313.99,0.0199
SKU_2936,Low Revenue + Low Volatility,5464.56,0.098,2.0,1.0,21,27.406814844829903,42.0,1151.09,21.0,575.54,0.0148
SKU_2937,Low Revenue + Low Volatility,9123.43,0.1124,2.0,1.0,18,68.54737422004138,36.0,2467.71,18.0,1233.85,0.0119
SKU_2938,Low Revenue + Low Volatility,5492.0,0.133,2.0,1.0,20,42.115290570325044,40.0,1684.61,20.0,842.31,0.026
SKU_2939,Low Revenue + Low Volatility,11305.03,0.086,2.0,1.0,42,29.167443350035455,84.0,2450.07,42.0,1225.03,0.0208
SKU_2940,Low Revenue + Low Volatility,18426.5,0.093,2.0,1.0,28,78.98192497032748,56.0,4422.99,28.0,2211.49,0.0131
SKU_2941,Low Revenue + Low Volatility,19739.79,0.091,2.0,1.0,43,67.73612540039171,86.0,5825.31,43.0,2912.65,0.0194
SKU_2942,Low Revenue + Low Volatility,14555.71,0.0875,2.0,1.0,16,79.59773233605752,32.0,2547.13,16.0,1273.56,0.0114
SKU_2943,Low Revenue + Low Volatility,7424.57,0.1426,2.0,1.0,40,21.773354909977826,80.0,1741.87,40.0,870.93,0.0216
SKU_2944,Low Revenue + Low Volatility,18587.74,0.1329,2.0,1.0,11,20.068987176350106,22.0,441.52,11.0,220.76,0.0168
SKU_2945,Low Revenue + Low Volatility,12743.72,0.0609,2.0,1.0,28,45.236456706096746,56.0,2533.24,28.0,1266.62,0.0121
SKU_2946,Low Revenue + Low Volatility,7306.24,0.0608,2.0,1.0,47,54.70506320241878,94.0,5142.28,47.0,2571.14,0.0137
SKU_2947,Low Revenue + Low Volatility,18825.9,0.0928,2.0,1.0,41,21.974206477334615,82.0,1801.88,41.0,900.94,0.0169
SKU_2948,Low Revenue + Low Volatility,16362.04,0.0599,2.0,1.0,19,70.23014676619798,38.0,2668.75,19.0,1334.37,0.0261
SKU_2949,Low Revenue + Low Volatility,15975.58,0.1119,2.0,1.0,17,47.240943506435435,34.0,1606.19,17.0,803.1,0.0135
SKU_2950,Low Revenue + Low Volatility,15637.71,0.0644,2.0,1.0,35,38.76592832544532,70.0,2713.61,35.0,1356.81,0.0122
SKU_2951,Low Revenue + Low Volatility,8005.1,0.1022,2.0,1.0,39,52.14375710489316,78.0,4067.21,39.0,2033.61,0.0203
SKU_2952,Low Revenue + Low Volatility,8165.1,0.0507,2.0,1.0,20,54.446759908060244,40.0,2177.87,20.0,1088.94,0.0212
SKU_2953,Low Revenue + Low Volatility,15324.39,0.0817,2.0,1.0,29,12.99482966886559,58.0,753.7,29.0,376.85,0.0118
SKU_2954,Low Revenue + Low Volatility,8295.84,0.1177,2.0,1.0,29,79.99248666935345,58.0,4639.56,29.0,2319.78,0.0157
SKU_2955,Low Revenue + Low Volatility,11580.08,0.0984,2.0,1.0,18,35.47437037631329,36.0,1277.08,18.0,638.54,0.0153
SKU_2956,Low Revenue + Low Volatility,16730.03,0.1478,2.0,1.0,17,14.307985283692734,34.0,486.47,17.0,243.24,0.0137
SKU_2957,Low Revenue + Low Volatility,16759.29,0.1374,2.0,1.0,24,69.66262223428606,48.0,3343.81,24.0,1671.9,0.0163
SKU_2958,Low Revenue + Low Volatility,11798.93,0.0859,2.0,1.0,43,79.51130754486185,86.0,6837.97,43.0,3418.99,0.0107
SKU_2959,Low Revenue + Low Volatility,16882.85,0.0545,2.0,1.0,33,67.14509564512632,66.0,4431.58,33.0,2215.79,0.023
SKU_2960,Low Revenue + Low Volatility,17579.33,0.1346,2.0,1.0,42,69.6317742901892,84.0,5849.07,42.0,2924.53,0.0298
SKU_2961,Low Revenue + Low Volatility,14821.64,0.1411,2.0,1.0,49,53.81545799536156,98.0,5273.91,49.0,2636.96,0.0227
SKU_2962,Low Revenue + Low Volatility,8426.39,0.1321,2.0,1.0,36,74.5627904754653,72.0,5368.52,36.0,2684.26,0.0172
SKU_2963,Low Revenue + Low Volatility,9110.18,0.0628,2.0,1.0,30,12.501698620922728,60.0,750.1,30.0,375.05,0.0234
SKU_2964,Low Revenue + Low Volatility,9722.62,0.1498,2.0,1.0,14,63.67067040679407,28.0,1782.78,14.0,891.39,0.0214
SKU_2965,Low Revenue + Low Volatility,6752.06,0.0759,2.0,1.0,44,56.94971598338529,88.0,5011.58,44.0,2505.79,0.0269
SKU_2966,Low Revenue + Low Volatility,9097.39,0.1224,2.0,1.0,30,13.470947936680156,60.0,808.26,30.0,404.13,0.0224
SKU_2967,Low Revenue + Low Volatility,8142.79,0.1408,2.0,1.0,13,48.078150528353554,26.0,1250.03,13.0,625.02,0.0227
SKU_2968,Low Revenue + Low Volatility,11829.93,0.0736,2.0,1.0,25,46.054224203050865,50.0,2302.71,25.0,1151.36,0.0144
SKU_2969,Low Revenue + Low Volatility,18626.56,0.1408,2.0,1.0,40,58.40739575538837,80.0,4672.59,40.0,2336.3,0.0183
SKU_2970,Low Revenue + Low Volatility,6567.2,0.0809,2.0,1.0,35,15.427198812642079,70.0,1079.9,35.0,539.95,0.0169
SKU_2971,Low Revenue + Low Volatility,15804.02,0.1476,2.0,1.0,44,66.36951497298884,88.0,5840.52,44.0,2920.26,0.0102
SKU_2972,Low Revenue + Low Volatility,15309.25,0.0781,2.0,1.0,15,19.75824094080533,30.0,592.75,15.0,296.37,0.0163
SKU_2973,Low Revenue + Low Volatility,6436.31,0.1453,2.0,1.0,42,39.306522942331085,84.0,3301.75,42.0,1650.87,0.0197
SKU_2974,Low Revenue + Low Volatility,18838.59,0.0554,2.0,1.0,30,71.69016052511452,60.0,4301.41,30.0,2150.7,0.022
SKU_2975,Low Revenue + Low Volatility,13527.08,0.1209,2.0,1.0,25,49.237212384684746,50.0,2461.86,25.0,1230.93,0.0287
SKU_2976,Low Revenue + Low Volatility,10455.88,0.1032,2.0,1.0,48,36.5713639628314,96.0,3510.85,48.0,1755.43,0.0148
SKU_2977,Low Revenue + Low Volatility,16348.08,0.0978,2.0,1.0,43,13.374156943208575,86.0,1150.18,43.0,575.09,0.013
SKU_2978,Low Revenue + Low Volatility,8860.48,0.0723,2.0,1.0,24,57.059146204120516,48.0,2738.84,24.0,1369.42,0.0274
SKU_2979,Low Revenue + Low Volatility,15402.65,0.1206,2.0,1.0,15,79.05827357147488,30.0,2371.75,15.0,1185.87,0.0288
SKU_2980,Low Revenue + Low Volatility,5595.67,0.0691,2.0,1.0,11,73.82574791308681,22.0,1624.17,11.0,812.08,0.0198
SKU_2981,Low Revenue + Low Volatility,17591.12,0.1053,2.0,1.0,33,60.21072543013996,66.0,3973.91,33.0,1986.95,0.0123
SKU_2982,Low Revenue + Low Volatility,11722.56,0.0753,2.0,1.0,37,17.37050007791615,74.0,1285.42,37.0,642.71,0.0197
SKU_2983,Low Revenue + Low Volatility,14550.39,0.1456,2.0,1.0,10,26.760806538027595,20.0,535.22,10.0,267.61,0.0122
SKU_2984,Low Revenue + Low Volatility,8318.57,0.0529,2.0,1.0,10,23.07943136173009,20.0,461.59,10.0,230.79,0.0277
SKU_2985,Low Revenue + Low Volatility,15156.11,0.07,2.0,1.0,37,34.88231481789517,74.0,2581.29,37.0,1290.65,0.0242
SKU_2986,Low Revenue + Low Volatility,16583.6,0.0742,2.0,1.0,45,26.486205945407484,90.0,2383.76,45.0,1191.88,0.0148
SKU_2987,Low Revenue + Low Volatility,12098.2,0.0914,2.0,1.0,29,27.110761218018524,58.0,1572.42,29.0,786.21,0.0277
SKU_2988,Low Revenue + Low Volatility,14265.9,0.0733,2.0,1.0,17,53.171095476278396,34.0,1807.82,17.0,903.91,0.0228
SKU_2989,Low Revenue + Low Volatility,11844.89,0.0991,2.0,1.0,10,32.309185917296844,20.0,646.18,10.0,323.09,0.0291
SKU_2990,Low Revenue + Low Volatility,18411.37,0.1372,2.0,1.0,35,57.40140135307312,70.0,4018.1,35.0,2009.05,0.0296
SKU_2991,Low Revenue + Low Volatility,12468.04,0.1212,2.0,1.0,34,76.35227614023263,68.0,5191.95,34.0,2595.98,0.0101
SKU_2992,Low Revenue + Low Volatility,17627.13,0.108,2.0,1.0,19,54.693454162926734,38.0,2078.35,19.0,1039.18,0.0124
SKU_2993,Low Revenue + Low Volatility,17020.28,0.0589,2.0,1.0,21,62.615967404725986,42.0,2629.87,21.0,1314.94,0.0209
SKU_2994,Low Revenue + Low Volatility,11157.57,0.1194,2.0,1.0,16,62.610629069798655,32.0,2003.54,16.0,1001.77,0.0291
SKU_2995,Low Revenue + Low Volatility,8451.27,0.0666,2.0,1.0,21,33.14919518795177,42.0,1392.27,21.0,696.13,0.0299
SKU_2996,Low Revenue + Low Volatility,11091.23,0.1286,2.0,1.0,49,11.047059621540484,98.0,1082.61,49.0,541.31,0.0213
SKU_2997,Low Revenue + Low Volatility,17393.26,0.075,2.0,1.0,26,13.853357409595011,52.0,720.37,26.0,360.19,0.0135
SKU_2998,Low Revenue + Low Volatility,8414.49,0.0917,2.0,1.0,14,29.74421756191909,28.0,832.84,14.0,416.42,0.0133
SKU_2999,Low Revenue + Low Volatility,12866.55,0.085,2.0,1.0,23,58.26802285603186,46.0,2680.33,23.0,1340.16,0.0253
SKU_3000,Low Revenue + Low Volatility,17091.45,0.1359,2.0,1.0,43,73.46781970538048,86.0,6318.23,43.0,3159.12,0.0218
SKU_3001,Low Revenue + Low Volatility,10302.16,0.0627,2.0,1.0,26,77.11587835335224,52.0,4010.03,26.0,2005.01,0.021
SKU_3002,Low Revenue + Low Volatility,14633.14,0.1066,2.0,1.0,44,11.809406468805141,88.0,1039.23,44.0,519.61,0.0193
SKU_3003,Low Revenue + Low Volatility,8684.47,0.0642,2.0,1.0,10,79.30610719429399,20.0,1586.12,10.0,793.06,0.0245
SKU_3004,Low Revenue + Low Volatility,6639.19,0.1205,2.0,1.0,45,32.57480528496856,90.0,2931.73,45.0,1465.87,0.0272
SKU_3005,Low Revenue + Low Volatility,16915.76,0.1405,2.0,1.0,24,69.00693597645807,48.0,3312.33,24.0,1656.17,0.0161
SKU_3006,Low Revenue + Low Volatility,6484.53,0.0935,2.0,1.0,28,22.620682248774628,56.0,1266.76,28.0,633.38,0.0144
SKU_3007,Low Revenue + Low Volatility,9070.72,0.0988,2.0,1.0,14,14.402878032480142,28.0,403.28,14.0,201.64,0.0234
SKU_3008,Low Revenue + Low Volatility,17826.64,0.1427,2.0,1.0,28,36.484879684388126,56.0,2043.15,28.0,1021.58,0.0283
SKU_3009,Low Revenue + Low Volatility,10197.04,0.1021,2.0,1.0,48,70.12477719714852,96.0,6731.98,48.0,3365.99,0.017
SKU_3010,Low Revenue + Low Volatility,19595.68,0.0988,2.0,1.0,14,25.457744111447123,28.0,712.82,14.0,356.41,0.0154
SKU_3011,Low Revenue + Low Volatility,19696.02,0.1078,2.0,1.0,21,20.777012802628953,42.0,872.63,21.0,436.32,0.0145
SKU_3012,Low Revenue + Low Volatility,9024.14,0.1189,2.0,1.0,28,73.68630302651334,56.0,4126.43,28.0,2063.22,0.0151
SKU_3013,Low Revenue + Low Volatility,5614.67,0.0607,2.0,1.0,21,75.68360418350213,42.0,3178.71,21.0,1589.36,0.0127
SKU_3014,Low Revenue + Low Volatility,15575.95,0.1321,2.0,1.0,45,10.878373943223625,90.0,979.05,45.0,489.53,0.0219
SKU_3015,Low Revenue + Low Volatility,11764.8,0.0936,2.0,1.0,21,60.920501619083716,42.0,2558.66,21.0,1279.33,0.0156
SKU_3016,Low Revenue + Low Volatility,6511.29,0.0572,2.0,1.0,27,31.644541557052865,54.0,1708.81,27.0,854.4,0.0223
SKU_3017,Low Revenue + Low Volatility,15612.84,0.1286,2.0,1.0,43,36.22930589770327,86.0,3115.72,43.0,1557.86,0.0117
SKU_3018,Low Revenue + Low Volatility,5467.62,0.0877,2.0,1.0,42,42.83720824660429,84.0,3598.33,42.0,1799.16,0.0123
SKU_3019,Low Revenue + Low Volatility,18052.95,0.06,2.0,1.0,27,39.87536791221636,54.0,2153.27,27.0,1076.63,0.0207
SKU_3020,Low Revenue + Low Volatility,7079.79,0.1134,2.0,1.0,38,46.04816494874736,76.0,3499.66,38.0,1749.83,0.0202
SKU_3021,Low Revenue + Low Volatility,6909.68,0.138,2.0,1.0,14,50.76532010180114,28.0,1421.43,14.0,710.71,0.0154
SKU_3022,Low Revenue + Low Volatility,7635.08,0.1388,2.0,1.0,34,42.5916853386547,68.0,2896.23,34.0,1448.12,0.0265
SKU_3023,Low Revenue + Low Volatility,19404.0,0.1458,2.0,1.0,33,59.10944783426623,66.0,3901.22,33.0,1950.61,0.0137
SKU_3024,Low Revenue + Low Volatility,15397.54,0.1368,2.0,1.0,38,60.30211639894994,76.0,4582.96,38.0,2291.48,0.0172
SKU_3025,Low Revenue + Low Volatility,17020.57,0.0502,2.0,1.0,47,40.825143819833656,94.0,3837.56,47.0,1918.78,0.0211
SKU_3026,Low Revenue + Low Volatility,10964.52,0.088,2.0,1.0,42,19.9724203660976,84.0,1677.68,42.0,838.84,0.0273
SKU_3027,Low Revenue + Low Volatility,10044.69,0.1319,2.0,1.0,19,54.84472449240859,38.0,2084.1,19.0,1042.05,0.0184
SKU_3028,Low Revenue + Low Volatility,8517.26,0.0866,2.0,1.0,46,64.10696986454963,92.0,5897.84,46.0,2948.92,0.018
SKU_3029,Low Revenue + Low Volatility,12209.72,0.1102,2.0,1.0,42,54.66766648427648,84.0,4592.08,42.0,2296.04,0.0216
SKU_3030,Low Revenue + Low Volatility,13277.43,0.1106,2.0,1.0,32,51.16383360927709,64.0,3274.49,32.0,1637.24,0.0163
SKU_3031,Low Revenue + Low Volatility,14476.62,0.0865,2.0,1.0,20,26.05883938642244,40.0,1042.35,20.0,521.18,0.0242
SKU_3032,Low Revenue + Low Volatility,8856.78,0.1404,2.0,1.0,33,55.15959285734808,66.0,3640.53,33.0,1820.27,0.015
SKU_3033,Low Revenue + Low Volatility,19229.81,0.1003,2.0,1.0,33,33.439935020334836,66.0,2207.04,33.0,1103.52,0.0265
SKU_3034,Low Revenue + Low Volatility,7546.38,0.0965,2.0,1.0,16,74.36912039692996,32.0,2379.81,16.0,1189.91,0.0154
SKU_3035,Low Revenue + Low Volatility,19484.8,0.1498,2.0,1.0,30,55.76040649319865,60.0,3345.62,30.0,1672.81,0.0299
SKU_3036,Low Revenue + Low Volatility,5222.84,0.0994,2.0,1.0,29,29.472577369581188,58.0,1709.41,29.0,854.7,0.0163
SKU_3037,Low Revenue + Low Volatility,12216.89,0.0678,2.0,1.0,19,43.104883655475106,38.0,1637.99,19.0,818.99,0.0276
SKU_3038,Low Revenue + Low Volatility,10000.52,0.1013,2.0,1.0,34,69.26068931195312,68.0,4709.73,34.0,2354.86,0.0179
SKU_3039,Low Revenue + Low Volatility,11736.85,0.1314,2.0,1.0,45,33.482476582785324,90.0,3013.42,45.0,1506.71,0.0149
SKU_3040,Low Revenue + Low Volatility,13559.97,0.1277,2.0,1.0,24,46.78083991066668,48.0,2245.48,24.0,1122.74,0.0145
SKU_3041,Low Revenue + Low Volatility,11533.84,0.1289,2.0,1.0,49,57.57689812760658,98.0,5642.54,49.0,2821.27,0.027
SKU_3042,Low Revenue + Low Volatility,11222.7,0.1208,2.0,1.0,49,62.817053717871914,98.0,6156.07,49.0,3078.04,0.0162
SKU_3043,Low Revenue + Low Volatility,15990.85,0.0754,2.0,1.0,15,22.17245225453214,30.0,665.17,15.0,332.59,0.0168
SKU_3044,Low Revenue + Low Volatility,15288.14,0.1362,2.0,1.0,46,49.56066132741023,92.0,4559.58,46.0,2279.79,0.0139
SKU_3045,Low Revenue + Low Volatility,17499.07,0.1393,2.0,1.0,11,73.85399303473409,22.0,1624.79,11.0,812.39,0.0292
SKU_3046,Low Revenue + Low Volatility,8749.38,0.0694,2.0,1.0,21,77.78518470567857,42.0,3266.98,21.0,1633.49,0.0149
SKU_3047,Low Revenue + Low Volatility,14142.93,0.063,2.0,1.0,13,55.930152979155075,26.0,1454.18,13.0,727.09,0.0149
SKU_3048,Low Revenue + Low Volatility,13777.92,0.1476,2.0,1.0,32,78.856256291199,64.0,5046.8,32.0,2523.4,0.0289
SKU_3049,Low Revenue + Low Volatility,10546.07,0.1368,2.0,1.0,22,49.951467428329856,44.0,2197.86,22.0,1098.93,0.028
SKU_3050,Low Revenue + Low Volatility,12290.86,0.1393,2.0,1.0,26,40.98235208466533,52.0,2131.08,26.0,1065.54,0.015
SKU_3051,Low Revenue + Low Volatility,9706.73,0.1386,2.0,1.0,40,48.61112212637721,80.0,3888.89,40.0,1944.44,0.0273
SKU_3052,Low Revenue + Low Volatility,7127.67,0.1042,2.0,1.0,25,18.099867598446547,50.0,904.99,25.0,452.5,0.015
SKU_3053,Low Revenue + Low Volatility,8207.02,0.1146,2.0,1.0,35,38.120114377977146,70.0,2668.41,35.0,1334.2,0.0117
SKU_3054,Low Revenue + Low Volatility,6582.7,0.1045,2.0,1.0,37,42.08835371213701,74.0,3114.54,37.0,1557.27,0.0264
SKU_3055,Low Revenue + Low Volatility,15246.04,0.0551,2.0,1.0,10,69.40394591046848,20.0,1388.08,10.0,694.04,0.0254
SKU_3056,Low Revenue + Low Volatility,14910.91,0.1246,2.0,1.0,21,63.10540149197131,42.0,2650.43,21.0,1325.21,0.0159
SKU_3057,Low Revenue + Low Volatility,19259.1,0.1005,2.0,1.0,46,52.09986096573605,92.0,4793.19,46.0,2396.59,0.0118
SKU_3058,Low Revenue + Low Volatility,15945.18,0.1148,2.0,1.0,29,34.30940644133889,58.0,1989.95,29.0,994.97,0.0141
SKU_3059,Low Revenue + Low Volatility,5780.69,0.1003,2.0,1.0,11,23.092420998485995,22.0,508.03,11.0,254.02,0.0254
SKU_3060,Low Revenue + Low Volatility,18263.68,0.0992,2.0,1.0,45,34.34355146402395,90.0,3090.92,45.0,1545.46,0.0293
SKU_3061,Low Revenue + Low Volatility,17940.13,0.0672,2.0,1.0,24,57.58628496713923,48.0,2764.14,24.0,1382.07,0.0152
SKU_3062,Low Revenue + Low Volatility,11649.8,0.0779,2.0,1.0,47,28.412645935952316,94.0,2670.79,47.0,1335.39,0.0264
SKU_3063,Low Revenue + Low Volatility,13787.95,0.0659,2.0,1.0,31,39.882068699641614,62.0,2472.69,31.0,1236.34,0.0146
SKU_3064,Low Revenue + Low Volatility,19641.17,0.0696,2.0,1.0,41,37.07391644171774,82.0,3040.06,41.0,1520.03,0.0236
SKU_3065,Low Revenue + Low Volatility,12984.57,0.1473,2.0,1.0,29,63.591304465374215,58.0,3688.3,29.0,1844.15,0.0117
SKU_3066,Low Revenue + Low Volatility,18579.83,0.0653,2.0,1.0,45,71.86509435821011,90.0,6467.86,45.0,3233.93,0.0217
SKU_3067,Low Revenue + Low Volatility,6245.58,0.0769,2.0,1.0,42,58.95596697676839,84.0,4952.3,42.0,2476.15,0.0154
SKU_3068,Low Revenue + Low Volatility,7865.78,0.1091,2.0,1.0,24,33.912158265312385,48.0,1627.78,24.0,813.89,0.0285
SKU_3069,Low Revenue + Low Volatility,11611.32,0.111,2.0,1.0,12,40.32239342831211,24.0,967.74,12.0,483.87,0.0158
SKU_3070,Low Revenue + Low Volatility,13771.35,0.0654,2.0,1.0,38,20.0345107837605,76.0,1522.62,38.0,761.31,0.018
SKU_3071,Low Revenue + Low Volatility,17243.42,0.1294,2.0,1.0,36,21.76682134366269,72.0,1567.21,36.0,783.61,0.0268
SKU_3072,Low Revenue + Low Volatility,19823.93,0.1285,2.0,1.0,14,21.50047972685605,28.0,602.01,14.0,301.01,0.0188
SKU_3073,Low Revenue + Low Volatility,10832.77,0.0737,2.0,1.0,40,19.141045029291714,80.0,1531.28,40.0,765.64,0.0148
SKU_3074,Low Revenue + Low Volatility,5711.23,0.0789,2.0,1.0,31,22.57068599563911,62.0,1399.38,31.0,699.69,0.021
SKU_3075,Low Revenue + Low Volatility,17017.57,0.1438,2.0,1.0,44,24.188174180485035,88.0,2128.56,44.0,1064.28,0.0268
SKU_3076,Low Revenue + Low Volatility,14065.71,0.1326,2.0,1.0,16,17.829216065834302,32.0,570.53,16.0,285.27,0.0187
SKU_3077,Low Revenue + Low Volatility,7978.14,0.1198,2.0,1.0,15,54.81825053189589,30.0,1644.55,15.0,822.27,0.0127
SKU_3078,Low Revenue + Low Volatility,12422.43,0.0582,2.0,1.0,35,79.32810742075397,70.0,5552.97,35.0,2776.48,0.0177
SKU_3079,Low Revenue + Low Volatility,16134.65,0.0918,2.0,1.0,10,71.54307212565793,20.0,1430.86,10.0,715.43,0.0291
SKU_3080,Low Revenue + Low Volatility,16556.18,0.1059,2.0,1.0,28,13.192190667826035,56.0,738.76,28.0,369.38,0.0114
SKU_3081,Low Revenue + Low Volatility,12494.28,0.0687,2.0,1.0,16,39.614116643770735,32.0,1267.65,16.0,633.83,0.0182
SKU_3082,Low Revenue + Low Volatility,9578.22,0.0948,2.0,1.0,45,70.15174054629406,90.0,6313.66,45.0,3156.83,0.023
SKU_3083,Low Revenue + Low Volatility,19606.14,0.1101,2.0,1.0,21,19.42723725943975,42.0,815.94,21.0,407.97,0.0116
SKU_3084,Low Revenue + Low Volatility,14950.44,0.0827,2.0,1.0,29,69.335160265643,58.0,4021.44,29.0,2010.72,0.0169
SKU_3085,Low Revenue + Low Volatility,11123.56,0.1281,2.0,1.0,32,51.48904464865295,64.0,3295.3,32.0,1647.65,0.0288
SKU_3086,Low Revenue + Low Volatility,9206.95,0.134,2.0,1.0,34,75.19089868172783,68.0,5112.98,34.0,2556.49,0.0106
SKU_3087,Low Revenue + Low Volatility,15966.54,0.0824,2.0,1.0,39,71.32273799850975,78.0,5563.17,39.0,2781.59,0.025
SKU_3088,Low Revenue + Low Volatility,8632.75,0.1339,2.0,1.0,38,57.392402544110226,76.0,4361.82,38.0,2180.91,0.0268
SKU_3089,Low Revenue + Low Volatility,7575.65,0.0604,2.0,1.0,40,56.04758619108868,80.0,4483.81,40.0,2241.9,0.0155
SKU_3090,Low Revenue + Low Volatility,12947.51,0.1338,2.0,1.0,27,24.921494167433572,54.0,1345.76,27.0,672.88,0.0143
SKU_3091,Low Revenue + Low Volatility,9349.81,0.0653,2.0,1.0,28,18.172707701060595,56.0,1017.67,28.0,508.84,0.0283
SKU_3092,Low Revenue + Low Volatility,14433.58,0.0583,2.0,1.0,13,39.077540097815884,26.0,1016.02,13.0,508.01,0.0253
SKU_3093,Low Revenue + Low Volatility,6769.08,0.1142,2.0,1.0,10,23.060602764518734,20.0,461.21,10.0,230.61,0.0123
SKU_3094,Low Revenue + Low Volatility,14824.12,0.0972,2.0,1.0,24,17.169170237443126,48.0,824.12,24.0,412.06,0.0142
SKU_3095,Low Revenue + Low Volatility,9249.45,0.1408,2.0,1.0,17,31.162871329102543,34.0,1059.54,17.0,529.77,0.0224
SKU_3096,Low Revenue + Low Volatility,5003.64,0.0863,2.0,1.0,24,70.2342959957654,48.0,3371.25,24.0,1685.62,0.0184
SKU_3097,Low Revenue + Low Volatility,6904.04,0.0787,2.0,1.0,24,11.200370781285287,48.0,537.62,24.0,268.81,0.0201
SKU_3098,Low Revenue + Low Volatility,19004.23,0.1001,2.0,1.0,48,30.484637720552293,96.0,2926.53,48.0,1463.26,0.029
SKU_3099,Low Revenue + Low Volatility,18010.32,0.0956,2.0,1.0,31,39.68365296501446,62.0,2460.39,31.0,1230.19,0.0184
SKU_3100,Low Revenue + Low Volatility,8504.14,0.0844,2.0,1.0,27,45.73988247307006,54.0,2469.95,27.0,1234.98,0.0276
SKU_3101,Low Revenue + Low Volatility,16675.58,0.1194,2.0,1.0,25,22.710425586809247,50.0,1135.52,25.0,567.76,0.0232
SKU_3102,Low Revenue + Low Volatility,14128.57,0.126,2.0,1.0,11,77.49541398866218,22.0,1704.9,11.0,852.45,0.0124
SKU_3103,Low Revenue + Low Volatility,19563.57,0.1353,2.0,1.0,45,50.521113050053266,90.0,4546.9,45.0,2273.45,0.0249
SKU_3104,Low Revenue + Low Volatility,10604.08,0.1473,2.0,1.0,29,46.547738293993085,58.0,2699.77,29.0,1349.88,0.0204
SKU_3105,Low Revenue + Low Volatility,15221.91,0.0767,2.0,1.0,25,10.617581225123882,50.0,530.88,25.0,265.44,0.0145
SKU_3106,Low Revenue + Low Volatility,5953.04,0.1216,2.0,1.0,12,44.0000765577205,24.0,1056.0,12.0,528.0,0.0158
SKU_3107,Low Revenue + Low Volatility,10943.71,0.0894,2.0,1.0,39,68.63694406186289,78.0,5353.68,39.0,2676.84,0.0211
SKU_3108,Low Revenue + Low Volatility,19457.26,0.1177,2.0,1.0,11,25.37511801358699,22.0,558.25,11.0,279.13,0.022
SKU_3109,Low Revenue + Low Volatility,13084.71,0.0976,2.0,1.0,44,34.58452978704891,88.0,3043.44,44.0,1521.72,0.0294
SKU_3110,Low Revenue + Low Volatility,9318.19,0.1494,2.0,1.0,35,11.440002528138688,70.0,800.8,35.0,400.4,0.0271
SKU_3111,Low Revenue + Low Volatility,6804.06,0.1229,2.0,1.0,14,78.38492599636567,28.0,2194.78,14.0,1097.39,0.0141
SKU_3112,Low Revenue + Low Volatility,15552.93,0.1452,2.0,1.0,11,14.665625798962857,22.0,322.64,11.0,161.32,0.0255
SKU_3113,Low Revenue + Low Volatility,14672.84,0.1335,2.0,1.0,29,72.87547867366986,58.0,4226.78,29.0,2113.39,0.0102
SKU_3114,Low Revenue + Low Volatility,10609.08,0.1403,2.0,1.0,43,31.90913999263183,86.0,2744.19,43.0,1372.09,0.0126
SKU_3115,Low Revenue + Low Volatility,19264.12,0.1314,2.0,1.0,43,51.1289481390115,86.0,4397.09,43.0,2198.54,0.014
SKU_3116,Low Revenue + Low Volatility,5333.04,0.0959,2.0,1.0,29,57.55208779762023,58.0,3338.02,29.0,1669.01,0.0219
SKU_3117,Low Revenue + Low Volatility,9555.86,0.0752,2.0,1.0,34,19.858041720178015,68.0,1350.35,34.0,675.17,0.0139
SKU_3118,Low Revenue + Low Volatility,18816.04,0.087,2.0,1.0,29,41.06315644462349,58.0,2381.66,29.0,1190.83,0.0173
SKU_3119,Low Revenue + Low Volatility,9814.03,0.052,2.0,1.0,34,32.782627017264964,68.0,2229.22,34.0,1114.61,0.0149
SKU_3120,Low Revenue + Low Volatility,8783.79,0.1024,2.0,1.0,23,13.962172592382574,46.0,642.26,23.0,321.13,0.0167
SKU_3121,Low Revenue + Low Volatility,13013.31,0.1005,2.0,1.0,48,68.32355580752265,96.0,6559.06,48.0,3279.53,0.0288
SKU_3122,Low Revenue + Low Volatility,17357.03,0.1025,2.0,1.0,21,13.161742954823442,42.0,552.79,21.0,276.4,0.0299
SKU_3123,Low Revenue + Low Volatility,6547.2,0.1474,2.0,1.0,14,55.72805716387067,28.0,1560.39,14.0,780.19,0.0237
SKU_3124,Low Revenue + Low Volatility,19145.31,0.1411,2.0,1.0,11,31.98541634938929,22.0,703.68,11.0,351.84,0.0214
SKU_3125,Low Revenue + Low Volatility,16926.09,0.0662,2.0,1.0,25,23.44905290413066,50.0,1172.45,25.0,586.23,0.0242
SKU_3126,Low Revenue + Low Volatility,7718.75,0.0869,2.0,1.0,39,56.69602359348817,78.0,4422.29,39.0,2211.14,0.0254
SKU_3127,Low Revenue + Low Volatility,15680.12,0.0924,2.0,1.0,47,50.21764001683441,94.0,4720.46,47.0,2360.23,0.0248
SKU_3128,Low Revenue + Low Volatility,10774.38,0.0861,2.0,1.0,33,32.06793801623809,66.0,2116.48,33.0,1058.24,0.0116
SKU_3129,Low Revenue + Low Volatility,11034.42,0.1298,2.0,1.0,39,45.907252378146744,78.0,3580.77,39.0,1790.38,0.0162
SKU_3130,Low Revenue + Low Volatility,16749.35,0.1024,2.0,1.0,46,27.236597084434663,92.0,2505.77,46.0,1252.88,0.0169
SKU_3131,Low Revenue + Low Volatility,19441.77,0.1072,2.0,1.0,48,70.45875213018846,96.0,6764.04,48.0,3382.02,0.0174
SKU_3132,Low Revenue + Low Volatility,6899.84,0.1353,2.0,1.0,20,31.967314622901313,40.0,1278.69,20.0,639.35,0.0169
SKU_3133,Low Revenue + Low Volatility,11309.45,0.1306,2.0,1.0,23,27.160712068607197,46.0,1249.39,23.0,624.7,0.0257
SKU_3134,Low Revenue + Low Volatility,12214.12,0.0632,2.0,1.0,32,62.62835977417558,64.0,4008.22,32.0,2004.11,0.025
SKU_3135,Low Revenue + Low Volatility,10644.68,0.1214,2.0,1.0,25,11.231474159574041,50.0,561.57,25.0,280.79,0.0101
SKU_3136,Low Revenue + Low Volatility,10447.84,0.0935,2.0,1.0,30,28.760821246025273,60.0,1725.65,30.0,862.82,0.0159
SKU_3137,Low Revenue + Low Volatility,5784.03,0.0795,2.0,1.0,13,36.277665445582116,26.0,943.22,13.0,471.61,0.0225
SKU_3138,Low Revenue + Low Volatility,15283.08,0.055,2.0,1.0,42,71.75665732539673,84.0,6027.56,42.0,3013.78,0.0124
SKU_3139,Low Revenue + Low Volatility,11543.22,0.0987,2.0,1.0,23,76.53092617838409,46.0,3520.42,23.0,1760.21,0.0114
SKU_3140,Low Revenue + Low Volatility,7921.91,0.0855,2.0,1.0,28,60.15345768397649,56.0,3368.59,28.0,1684.3,0.0266
SKU_3141,Low Revenue + Low Volatility,17240.5,0.0752,2.0,1.0,14,44.477224670676186,28.0,1245.36,14.0,622.68,0.0191
SKU_3142,Low Revenue + Low Volatility,17038.41,0.1195,2.0,1.0,45,54.843508434038206,90.0,4935.92,45.0,2467.96,0.0271
SKU_3143,Low Revenue + Low Volatility,12295.87,0.1269,2.0,1.0,40,38.980073617693314,80.0,3118.41,40.0,1559.2,0.0265
SKU_3144,Low Revenue + Low Volatility,9476.76,0.0745,2.0,1.0,27,30.91780822940675,54.0,1669.56,27.0,834.78,0.0279
SKU_3145,Low Revenue + Low Volatility,14571.39,0.0549,2.0,1.0,40,76.54816476977399,80.0,6123.85,40.0,3061.93,0.011
SKU_3146,Low Revenue + Low Volatility,9322.28,0.1349,2.0,1.0,39,18.077316030694668,78.0,1410.03,39.0,705.02,0.0137
SKU_3147,Low Revenue + Low Volatility,8540.12,0.051,2.0,1.0,30,34.247549763507635,60.0,2054.85,30.0,1027.43,0.0159
SKU_3148,Low Revenue + Low Volatility,15957.72,0.1437,2.0,1.0,39,72.93622719724152,78.0,5689.03,39.0,2844.51,0.0127
SKU_3149,Low Revenue + Low Volatility,5604.88,0.1128,2.0,1.0,13,60.61990014111918,26.0,1576.12,13.0,788.06,0.0197
SKU_3150,Low Revenue + Low Volatility,6421.53,0.0822,2.0,1.0,14,12.037101592608362,28.0,337.04,14.0,168.52,0.026
SKU_3151,Low Revenue + Low Volatility,5101.82,0.0746,2.0,1.0,19,11.6169771396973,38.0,441.45,19.0,220.72,0.029
SKU_3152,Low Revenue + Low Volatility,7294.15,0.0509,2.0,1.0,36,46.15587238372022,72.0,3323.22,36.0,1661.61,0.0278
SKU_3153,Low Revenue + Low Volatility,6034.85,0.0735,2.0,1.0,25,43.89771393610152,50.0,2194.89,25.0,1097.44,0.0191
SKU_3154,Low Revenue + Low Volatility,19937.04,0.0638,2.0,1.0,39,41.00940770594228,78.0,3198.73,39.0,1599.37,0.0227
SKU_3155,Low Revenue + Low Volatility,9332.15,0.1112,2.0,1.0,22,31.164063328730624,44.0,1371.22,22.0,685.61,0.0146
SKU_3156,Low Revenue + Low Volatility,7239.02,0.0667,2.0,1.0,45,79.06471038695473,90.0,7115.82,45.0,3557.91,0.0181
SKU_3157,Low Revenue + Low Volatility,8614.94,0.1029,2.0,1.0,30,29.039112608836703,60.0,1742.35,30.0,871.17,0.0274
SKU_3158,Low Revenue + Low Volatility,19041.88,0.109,2.0,1.0,49,44.302814450839335,98.0,4341.68,49.0,2170.84,0.0106
SKU_3159,Low Revenue + Low Volatility,12802.4,0.0798,2.0,1.0,24,38.34251677761464,48.0,1840.44,24.0,920.22,0.0207
SKU_3160,Low Revenue + Low Volatility,10472.27,0.0535,2.0,1.0,29,21.917459817321948,58.0,1271.21,29.0,635.61,0.0275
SKU_3161,Low Revenue + Low Volatility,18100.87,0.0537,2.0,1.0,29,24.1833173387695,58.0,1402.63,29.0,701.32,0.0124
SKU_3162,Low Revenue + Low Volatility,10924.85,0.0526,2.0,1.0,14,74.28119194068411,28.0,2079.87,14.0,1039.94,0.0297
SKU_3163,Low Revenue + Low Volatility,10025.13,0.1239,2.0,1.0,41,70.07958059991685,82.0,5746.53,41.0,2873.26,0.0102
SKU_3164,Low Revenue + Low Volatility,8109.24,0.0818,2.0,1.0,15,23.933101407424665,30.0,717.99,15.0,359.0,0.0277
SKU_3165,Low Revenue + Low Volatility,10666.95,0.1296,2.0,1.0,39,71.29638367366596,78.0,5561.12,39.0,2780.56,0.0171
SKU_3166,Low Revenue + Low Volatility,9750.27,0.0932,2.0,1.0,35,24.643029105658975,70.0,1725.01,35.0,862.51,0.0127
SKU_3167,Low Revenue + Low Volatility,15159.56,0.0953,2.0,1.0,46,53.8582425223388,92.0,4954.96,46.0,2477.48,0.0131
SKU_3168,Low Revenue + Low Volatility,9343.74,0.1013,2.0,1.0,22,15.689636632448565,44.0,690.34,22.0,345.17,0.024
SKU_3169,Low Revenue + Low Volatility,13658.0,0.1213,2.0,1.0,38,71.62587383813828,76.0,5443.57,38.0,2721.78,0.0274
SKU_3170,Low Revenue + Low Volatility,5988.38,0.0774,2.0,1.0,14,13.605020962582689,28.0,380.94,14.0,190.47,0.0228
SKU_3171,Low Revenue + Low Volatility,7869.34,0.0622,2.0,1.0,34,48.84600224757957,68.0,3321.53,34.0,1660.76,0.0286
SKU_3172,Low Revenue + Low Volatility,11111.08,0.1056,2.0,1.0,22,64.57980676262696,44.0,2841.51,22.0,1420.76,0.0268
SKU_3173,Low Revenue + Low Volatility,19054.24,0.0827,2.0,1.0,33,18.178431548747685,66.0,1199.78,33.0,599.89,0.0102
SKU_3174,Low Revenue + Low Volatility,10658.78,0.0942,2.0,1.0,40,38.3136187250132,80.0,3065.09,40.0,1532.54,0.0234
SKU_3175,Low Revenue + Low Volatility,14961.11,0.1147,2.0,1.0,29,12.936510604303507,58.0,750.32,29.0,375.16,0.0161
SKU_3176,Low Revenue + Low Volatility,8826.31,0.0994,2.0,1.0,17,57.79268041379714,34.0,1964.95,17.0,982.48,0.0191
SKU_3177,Low Revenue + Low Volatility,6905.5,0.112,2.0,1.0,18,31.521471647294636,36.0,1134.77,18.0,567.39,0.0119
SKU_3178,Low Revenue + Low Volatility,5878.05,0.1044,2.0,1.0,30,49.1576671246929,60.0,2949.46,30.0,1474.73,0.0156
SKU_3179,Low Revenue + Low Volatility,9581.2,0.124,2.0,1.0,29,75.29125892942531,58.0,4366.89,29.0,2183.45,0.0227
SKU_3180,Low Revenue + Low Volatility,7364.92,0.1206,2.0,1.0,24,31.410067559638964,48.0,1507.68,24.0,753.84,0.0144
SKU_3181,Low Revenue + Low Volatility,7610.16,0.1034,2.0,1.0,35,13.403923014469438,70.0,938.27,35.0,469.14,0.023
SKU_3182,Low Revenue + Low Volatility,16411.39,0.1179,2.0,1.0,20,57.29394373890903,40.0,2291.76,20.0,1145.88,0.0285
SKU_3183,Low Revenue + Low Volatility,5237.57,0.1374,2.0,1.0,46,65.07887941599172,92.0,5987.26,46.0,2993.63,0.0101
SKU_3184,Low Revenue + Low Volatility,13367.15,0.0932,2.0,1.0,20,77.05079919143031,40.0,3082.03,20.0,1541.02,0.0257
SKU_3185,Low Revenue + Low Volatility,10691.92,0.0913,2.0,1.0,36,21.046061391796606,72.0,1515.32,36.0,757.66,0.0228
SKU_3186,Low Revenue + Low Volatility,12598.25,0.1264,2.0,1.0,39,37.44979475813049,78.0,2921.08,39.0,1460.54,0.0109
SKU_3187,Low Revenue + Low Volatility,13442.45,0.1083,2.0,1.0,28,69.08983220178324,56.0,3869.03,28.0,1934.52,0.0258
SKU_3188,Low Revenue + Low Volatility,9700.52,0.0571,2.0,1.0,43,66.48099752882156,86.0,5717.37,43.0,2858.68,0.0145
SKU_3189,Low Revenue + Low Volatility,9426.63,0.1392,2.0,1.0,47,53.73569951337037,94.0,5051.16,47.0,2525.58,0.0153
SKU_3190,Low Revenue + Low Volatility,16001.03,0.0531,2.0,1.0,32,28.855798164188574,64.0,1846.77,32.0,923.39,0.0119
SKU_3191,Low Revenue + Low Volatility,18069.15,0.1248,2.0,1.0,10,29.88247034555443,20.0,597.65,10.0,298.82,0.0207
SKU_3192,Low Revenue + Low Volatility,7888.72,0.1259,2.0,1.0,12,18.68020962368998,24.0,448.33,12.0,224.16,0.02
SKU_3193,Low Revenue + Low Volatility,6464.28,0.1453,2.0,1.0,12,74.52975716501368,24.0,1788.71,12.0,894.36,0.0169
SKU_3194,Low Revenue + Low Volatility,18466.94,0.0554,2.0,1.0,37,22.105206024761173,74.0,1635.79,37.0,817.89,0.0134
SKU_3195,Low Revenue + Low Volatility,10248.43,0.1097,2.0,1.0,23,50.10206208259345,46.0,2304.69,23.0,1152.35,0.0268
SKU_3196,Low Revenue + Low Volatility,13269.76,0.0928,2.0,1.0,39,50.9045991887479,78.0,3970.56,39.0,1985.28,0.0275
SKU_3197,Low Revenue + Low Volatility,10393.15,0.0831,2.0,1.0,14,35.87238088366882,28.0,1004.43,14.0,502.21,0.0208
SKU_3198,Low Revenue + Low Volatility,6887.04,0.059,2.0,1.0,24,34.676292270381865,48.0,1664.46,24.0,832.23,0.0149
SKU_3199,Low Revenue + Low Volatility,13839.97,0.1063,2.0,1.0,47,56.801189299079574,94.0,5339.31,47.0,2669.66,0.0119
SKU_3200,Low Revenue + Low Volatility,12877.11,0.0979,2.0,1.0,23,37.180844456397736,46.0,1710.32,23.0,855.16,0.0274
SKU_3201,Low Revenue + Low Volatility,8044.9,0.0605,2.0,1.0,23,27.85807753366005,46.0,1281.47,23.0,640.74,0.0119
SKU_3202,Low Revenue + Low Volatility,11778.04,0.1112,2.0,1.0,17,37.93921916800217,34.0,1289.93,17.0,644.97,0.0103
SKU_3203,Low Revenue + Low Volatility,16954.21,0.1238,2.0,1.0,17,66.53634543658822,34.0,2262.24,17.0,1131.12,0.0194
SKU_3204,Low Revenue + Low Volatility,13856.39,0.1267,2.0,1.0,28,77.65349185918299,56.0,4348.6,28.0,2174.3,0.0246
SKU_3205,Low Revenue + Low Volatility,6453.76,0.1405,2.0,1.0,41,54.51651613176914,82.0,4470.35,41.0,2235.18,0.0192
SKU_3206,Low Revenue + Low Volatility,13220.32,0.0909,2.0,1.0,40,64.74708578388746,80.0,5179.77,40.0,2589.88,0.011
SKU_3207,Low Revenue + Low Volatility,15541.07,0.1453,2.0,1.0,38,47.29774029188271,76.0,3594.63,38.0,1797.31,0.0238
SKU_3208,Low Revenue + Low Volatility,16890.55,0.1365,2.0,1.0,20,53.73761994654065,40.0,2149.5,20.0,1074.75,0.0228
SKU_3209,Low Revenue + Low Volatility,14436.76,0.0797,2.0,1.0,22,79.16606597155919,44.0,3483.31,22.0,1741.65,0.0236
SKU_3210,Low Revenue + Low Volatility,7289.87,0.0659,2.0,1.0,36,40.68932052913381,72.0,2929.63,36.0,1464.82,0.0142
SKU_3211,Low Revenue + Low Volatility,15652.6,0.0935,2.0,1.0,28,14.637828786793996,56.0,819.72,28.0,409.86,0.0259
SKU_3212,Low Revenue + Low Volatility,15160.13,0.0902,2.0,1.0,35,76.99048424735483,70.0,5389.33,35.0,2694.67,0.0196
SKU_3213,Low Revenue + Low Volatility,5366.4,0.1076,2.0,1.0,46,65.51432046324834,92.0,6027.32,46.0,3013.66,0.0207
SKU_3214,Low Revenue + Low Volatility,11176.22,0.1083,2.0,1.0,18,37.88172575044999,36.0,1363.74,18.0,681.87,0.0209
SKU_3215,Low Revenue + Low Volatility,9994.25,0.125,2.0,1.0,37,78.76765375359382,74.0,5828.81,37.0,2914.4,0.0157
SKU_3216,Low Revenue + Low Volatility,15041.18,0.101,2.0,1.0,41,34.18750252440383,82.0,2803.38,41.0,1401.69,0.015
SKU_3217,Low Revenue + Low Volatility,8242.04,0.0605,2.0,1.0,12,36.04841372056201,24.0,865.16,12.0,432.58,0.0101
SKU_3218,Low Revenue + Low Volatility,13863.08,0.1358,2.0,1.0,41,52.68119472329445,82.0,4319.86,41.0,2159.93,0.0179
SKU_3219,Low Revenue + Low Volatility,18698.09,0.081,2.0,1.0,14,29.204317030874968,28.0,817.72,14.0,408.86,0.0197
SKU_3220,Low Revenue + Low Volatility,16967.04,0.1471,2.0,1.0,17,58.90000395915129,34.0,2002.6,17.0,1001.3,0.0249
SKU_3221,Low Revenue + Low Volatility,18821.87,0.0618,2.0,1.0,23,20.699521276535414,46.0,952.18,23.0,476.09,0.0113
SKU_3222,Low Revenue + Low Volatility,19677.59,0.1458,2.0,1.0,12,17.561772355070744,24.0,421.48,12.0,210.74,0.0285
SKU_3223,Low Revenue + Low Volatility,5160.05,0.0591,2.0,1.0,33,47.44146052949089,66.0,3131.14,33.0,1565.57,0.0153
SKU_3224,Low Revenue + Low Volatility,14341.12,0.0731,2.0,1.0,22,48.88455776760808,44.0,2150.92,22.0,1075.46,0.0173
SKU_3225,Low Revenue + Low Volatility,11192.59,0.0547,2.0,1.0,38,17.465854874078346,76.0,1327.4,38.0,663.7,0.011
SKU_3226,Low Revenue + Low Volatility,17897.82,0.1205,2.0,1.0,17,77.49233827918057,34.0,2634.74,17.0,1317.37,0.0231
SKU_3227,Low Revenue + Low Volatility,8777.22,0.135,2.0,1.0,40,50.13006603249586,80.0,4010.41,40.0,2005.2,0.0242
SKU_3228,Low Revenue + Low Volatility,19715.44,0.0934,2.0,1.0,35,20.572449474784825,70.0,1440.07,35.0,720.04,0.0286
SKU_3229,Low Revenue + Low Volatility,14205.62,0.1429,2.0,1.0,27,31.800976703260933,54.0,1717.25,27.0,858.63,0.0167
SKU_3230,Low Revenue + Low Volatility,16903.06,0.109,2.0,1.0,27,66.01639497532139,54.0,3564.89,27.0,1782.44,0.0151
SKU_3231,Low Revenue + Low Volatility,6283.99,0.113,2.0,1.0,16,46.62620695058723,32.0,1492.04,16.0,746.02,0.0245
SKU_3232,Low Revenue + Low Volatility,7751.87,0.1345,2.0,1.0,47,23.170384398258893,94.0,2178.02,47.0,1089.01,0.0241
SKU_3233,Low Revenue + Low Volatility,16376.06,0.0797,2.0,1.0,25,17.199428044326332,50.0,859.97,25.0,429.99,0.0287
SKU_3234,Low Revenue + Low Volatility,5329.8,0.0854,2.0,1.0,42,40.15420885662394,84.0,3372.95,42.0,1686.48,0.0141
SKU_3235,Low Revenue + Low Volatility,17253.17,0.1406,2.0,1.0,12,33.6190296080504,24.0,806.86,12.0,403.43,0.0241
SKU_3236,Low Revenue + Low Volatility,5209.24,0.1401,2.0,1.0,47,55.914214673738144,94.0,5255.94,47.0,2627.97,0.0113
SKU_3237,Low Revenue + Low Volatility,14856.78,0.1476,2.0,1.0,13,74.76728908658157,26.0,1943.95,13.0,971.97,0.0196
SKU_3238,Low Revenue + Low Volatility,10476.41,0.1402,2.0,1.0,45,27.341120004191115,90.0,2460.7,45.0,1230.35,0.0124
SKU_3239,Low Revenue + Low Volatility,14172.42,0.0627,2.0,1.0,13,69.86637532979915,26.0,1816.53,13.0,908.26,0.0231
SKU_3240,Low Revenue + Low Volatility,15440.47,0.1324,2.0,1.0,18,74.43233849116403,36.0,2679.56,18.0,1339.78,0.022
SKU_3241,Low Revenue + Low Volatility,10137.13,0.091,2.0,1.0,49,73.14018196289311,98.0,7167.74,49.0,3583.87,0.011
SKU_3242,Low Revenue + Low Volatility,6619.44,0.1491,2.0,1.0,26,76.64541309618048,52.0,3985.56,26.0,1992.78,0.0164
SKU_3243,Low Revenue + Low Volatility,6044.69,0.0972,2.0,1.0,26,68.94760354904926,52.0,3585.28,26.0,1792.64,0.0179
SKU_3244,Low Revenue + Low Volatility,13834.04,0.1054,2.0,1.0,42,51.54402037776691,84.0,4329.7,42.0,2164.85,0.015
SKU_3245,Low Revenue + Low Volatility,12809.83,0.103,2.0,1.0,29,38.689226909716936,58.0,2243.98,29.0,1121.99,0.0108
SKU_3246,Low Revenue + Low Volatility,16133.02,0.0822,2.0,1.0,23,44.41814502236399,46.0,2043.23,23.0,1021.62,0.0164
SKU_3247,Low Revenue + Low Volatility,12646.03,0.0575,2.0,1.0,31,71.08285224143097,62.0,4407.14,31.0,2203.57,0.0259
SKU_3248,Low Revenue + Low Volatility,11336.69,0.1396,2.0,1.0,36,31.097886419202773,72.0,2239.05,36.0,1119.52,0.0172
SKU_3249,Low Revenue + Low Volatility,10971.31,0.1303,2.0,1.0,12,21.148318603876607,24.0,507.56,12.0,253.78,0.0165
SKU_3250,Low Revenue + Low Volatility,5396.7,0.064,2.0,1.0,33,19.85734526936566,66.0,1310.58,33.0,655.29,0.0288
SKU_3251,Low Revenue + Low Volatility,10033.36,0.1277,2.0,1.0,39,67.88962269335002,78.0,5295.39,39.0,2647.7,0.0108
SKU_3252,Low Revenue + Low Volatility,19640.3,0.1126,2.0,1.0,17,63.30399804310684,34.0,2152.34,17.0,1076.17,0.0253
SKU_3253,Low Revenue + Low Volatility,18103.33,0.0909,2.0,1.0,31,44.8351738732439,62.0,2779.78,31.0,1389.89,0.0197
SKU_3254,Low Revenue + Low Volatility,9940.67,0.0754,2.0,1.0,34,29.24099996645072,68.0,1988.39,34.0,994.19,0.0289
SKU_3255,Low Revenue + Low Volatility,13816.93,0.136,2.0,1.0,19,57.4329222879828,38.0,2182.45,19.0,1091.23,0.0179
SKU_3256,Low Revenue + Low Volatility,17709.45,0.12,2.0,1.0,38,12.690316820272887,76.0,964.46,38.0,482.23,0.0242
SKU_3257,Low Revenue + Low Volatility,11619.12,0.1048,2.0,1.0,49,49.77594709666629,98.0,4878.04,49.0,2439.02,0.0114
SKU_3258,Low Revenue + Low Volatility,5269.37,0.111,2.0,1.0,10,37.889761811762455,20.0,757.8,10.0,378.9,0.0286
SKU_3259,Low Revenue + Low Volatility,6117.66,0.0591,2.0,1.0,30,78.4501743668378,60.0,4707.01,30.0,2353.51,0.0169
SKU_3260,Low Revenue + Low Volatility,12655.89,0.0974,2.0,1.0,48,45.52921743773682,96.0,4370.8,48.0,2185.4,0.0205
SKU_3261,Low Revenue + Low Volatility,19541.59,0.0694,2.0,1.0,33,48.658742671518745,66.0,3211.48,33.0,1605.74,0.0128
SKU_3262,Low Revenue + Low Volatility,15398.14,0.0708,2.0,1.0,18,59.86538644099734,36.0,2155.15,18.0,1077.58,0.0289
SKU_3263,Low Revenue + Low Volatility,6063.74,0.1161,2.0,1.0,35,43.91769367879527,70.0,3074.24,35.0,1537.12,0.0235
SKU_3264,Low Revenue + Low Volatility,7840.41,0.1411,2.0,1.0,18,25.719803349372597,36.0,925.91,18.0,462.96,0.0111
SKU_3265,Low Revenue + Low Volatility,16569.85,0.0904,2.0,1.0,29,47.60944925839136,58.0,2761.35,29.0,1380.67,0.0131
SKU_3266,Low Revenue + Low Volatility,17621.6,0.0708,2.0,1.0,44,76.09882096235043,88.0,6696.7,44.0,3348.35,0.018
SKU_3267,Low Revenue + Low Volatility,14265.42,0.1149,2.0,1.0,45,38.69376917179303,90.0,3482.44,45.0,1741.22,0.0143
SKU_3268,Low Revenue + Low Volatility,14666.35,0.1371,2.0,1.0,45,57.57486684997711,90.0,5181.74,45.0,2590.87,0.0161
SKU_3269,Low Revenue + Low Volatility,5425.06,0.1248,2.0,1.0,18,78.46239322199794,36.0,2824.65,18.0,1412.32,0.0299
SKU_3270,Low Revenue + Low Volatility,17427.95,0.1369,2.0,1.0,31,68.09456190884433,62.0,4221.86,31.0,2110.93,0.0232
SKU_3271,Low Revenue + Low Volatility,16824.13,0.1037,2.0,1.0,10,56.13238931583266,20.0,1122.65,10.0,561.32,0.0284
SKU_3272,Low Revenue + Low Volatility,8885.53,0.1252,2.0,1.0,14,61.519754183136,28.0,1722.55,14.0,861.28,0.0187
SKU_3273,Low Revenue + Low Volatility,15630.15,0.064,2.0,1.0,18,75.55382736119526,36.0,2719.94,18.0,1359.97,0.0242
SKU_3274,Low Revenue + Low Volatility,8222.82,0.0848,2.0,1.0,46,77.18264730802497,92.0,7100.8,46.0,3550.4,0.0192
SKU_3275,Low Revenue + Low Volatility,5604.95,0.089,2.0,1.0,47,77.8277691225397,94.0,7315.81,47.0,3657.91,0.0166
SKU_3276,Low Revenue + Low Volatility,8017.05,0.1011,2.0,1.0,28,53.79491397417654,56.0,3012.52,28.0,1506.26,0.0204
SKU_3277,Low Revenue + Low Volatility,7679.43,0.1429,2.0,1.0,17,36.929815490566554,34.0,1255.61,17.0,627.81,0.0185
SKU_3278,Low Revenue + Low Volatility,10066.22,0.1374,2.0,1.0,41,19.320719026940996,82.0,1584.3,41.0,792.15,0.0296
SKU_3279,Low Revenue + Low Volatility,11276.74,0.0635,2.0,1.0,22,36.988360093828206,44.0,1627.49,22.0,813.74,0.0199
SKU_3280,Low Revenue + Low Volatility,12628.08,0.0673,2.0,1.0,29,76.00688183149333,58.0,4408.4,29.0,2204.2,0.0262
SKU_3281,Low Revenue + Low Volatility,12151.31,0.0858,2.0,1.0,45,72.28579564146727,90.0,6505.72,45.0,3252.86,0.0233
SKU_3282,Low Revenue + Low Volatility,9060.12,0.0791,2.0,1.0,46,46.6561763444015,92.0,4292.37,46.0,2146.18,0.0196
SKU_3283,Low Revenue + Low Volatility,5437.56,0.1115,2.0,1.0,39,47.59051006157468,78.0,3712.06,39.0,1856.03,0.0195
SKU_3284,Low Revenue + Low Volatility,14076.52,0.1403,2.0,1.0,19,31.624424471647863,38.0,1201.73,19.0,600.86,0.0168
SKU_3285,Low Revenue + Low Volatility,10936.17,0.1462,2.0,1.0,40,41.8155523049337,80.0,3345.24,40.0,1672.62,0.0121
SKU_3286,Low Revenue + Low Volatility,9480.08,0.1154,2.0,1.0,34,60.01139457575766,68.0,4080.77,34.0,2040.39,0.0252
SKU_3287,Low Revenue + Low Volatility,18004.12,0.1338,2.0,1.0,38,38.170150795345435,76.0,2900.93,38.0,1450.47,0.0284
SKU_3288,Low Revenue + Low Volatility,16201.15,0.1025,2.0,1.0,33,23.15887104532237,66.0,1528.49,33.0,764.24,0.0144
SKU_3289,Low Revenue + Low Volatility,17866.48,0.0708,2.0,1.0,48,47.86017051775544,96.0,4594.58,48.0,2297.29,0.0285
SKU_3290,Low Revenue + Low Volatility,12424.74,0.1025,2.0,1.0,30,25.77358380180296,60.0,1546.42,30.0,773.21,0.0146
SKU_3291,Low Revenue + Low Volatility,6963.97,0.1055,2.0,1.0,18,78.20012892088201,36.0,2815.2,18.0,1407.6,0.0206
SKU_3292,Low Revenue + Low Volatility,15443.32,0.1242,2.0,1.0,11,37.32379398083679,22.0,821.12,11.0,410.56,0.0169
SKU_3293,Low Revenue + Low Volatility,8091.11,0.072,2.0,1.0,13,73.67654801263814,26.0,1915.59,13.0,957.8,0.0123
SKU_3294,Low Revenue + Low Volatility,11618.45,0.0868,2.0,1.0,17,25.7887797622537,34.0,876.82,17.0,438.41,0.0111
SKU_3295,Low Revenue + Low Volatility,5975.01,0.0864,2.0,1.0,41,23.24463037140435,82.0,1906.06,41.0,953.03,0.0173
SKU_3296,Low Revenue + Low Volatility,17379.63,0.1459,2.0,1.0,23,53.18307903278161,46.0,2446.42,23.0,1223.21,0.0109
SKU_3297,Low Revenue + Low Volatility,6889.11,0.0944,2.0,1.0,22,64.55653548123244,44.0,2840.49,22.0,1420.24,0.0121
SKU_3298,Low Revenue + Low Volatility,18546.46,0.1255,2.0,1.0,30,49.6735194696663,60.0,2980.41,30.0,1490.21,0.0128
SKU_3299,Low Revenue + Low Volatility,17963.46,0.1251,2.0,1.0,33,26.085697852368156,66.0,1721.66,33.0,860.83,0.01
SKU_3300,Low Revenue + Low Volatility,11968.74,0.0766,2.0,1.0,27,12.652605401879724,54.0,683.24,27.0,341.62,0.0131
SKU_3301,Low Revenue + Low Volatility,16165.52,0.1072,2.0,1.0,49,53.28021748337036,98.0,5221.46,49.0,2610.73,0.0215
SKU_3302,Low Revenue + Low Volatility,14291.68,0.1394,2.0,1.0,35,19.17260577558838,70.0,1342.08,35.0,671.04,0.0264
SKU_3303,Low Revenue + Low Volatility,17046.13,0.0975,2.0,1.0,41,34.02234709226319,82.0,2789.83,41.0,1394.92,0.0139
SKU_3304,Low Revenue + Low Volatility,11477.08,0.1445,2.0,1.0,42,57.304932756986204,84.0,4813.61,42.0,2406.81,0.0116
SKU_3305,Low Revenue + Low Volatility,16787.13,0.0714,2.0,1.0,40,16.861640840805233,80.0,1348.93,40.0,674.47,0.0246
SKU_3306,Low Revenue + Low Volatility,11936.85,0.0574,2.0,1.0,27,18.907603584876906,54.0,1021.01,27.0,510.51,0.0102
SKU_3307,Low Revenue + Low Volatility,19114.49,0.1391,2.0,1.0,44,14.31663451151829,88.0,1259.86,44.0,629.93,0.0247
SKU_3308,Low Revenue + Low Volatility,12295.58,0.1348,2.0,1.0,21,79.72553902347786,42.0,3348.47,21.0,1674.24,0.0126
SKU_3309,Low Revenue + Low Volatility,11939.29,0.1493,2.0,1.0,34,37.095373802110686,68.0,2522.49,34.0,1261.24,0.0146
SKU_3310,Low Revenue + Low Volatility,16776.08,0.1179,2.0,1.0,40,73.40566174142441,80.0,5872.45,40.0,2936.23,0.0124
SKU_3311,Low Revenue + Low Volatility,17323.67,0.1437,2.0,1.0,19,30.550994689699746,38.0,1160.94,19.0,580.47,0.0149
SKU_3312,Low Revenue + Low Volatility,13317.34,0.1327,2.0,1.0,43,62.7241795598347,86.0,5394.28,43.0,2697.14,0.026
SKU_3313,Low Revenue + Low Volatility,7696.97,0.1344,2.0,1.0,12,25.33466314186652,24.0,608.03,12.0,304.02,0.0127
SKU_3314,Low Revenue + Low Volatility,12016.37,0.1069,2.0,1.0,48,44.88272967537752,96.0,4308.74,48.0,2154.37,0.0299
SKU_3315,Low Revenue + Low Volatility,19521.09,0.0882,2.0,1.0,17,67.72310175070457,34.0,2302.59,17.0,1151.29,0.0165
SKU_3316,Low Revenue + Low Volatility,16294.79,0.1435,2.0,1.0,41,67.14340792265578,82.0,5505.76,41.0,2752.88,0.0284
SKU_3317,Low Revenue + Low Volatility,17167.44,0.0932,2.0,1.0,38,65.59965021538721,76.0,4985.57,38.0,2492.79,0.0138
SKU_3318,Low Revenue + Low Volatility,5492.38,0.1039,2.0,1.0,31,67.6614089126987,62.0,4195.01,31.0,2097.5,0.0138
SKU_3319,Low Revenue + Low Volatility,12017.89,0.0946,2.0,1.0,29,24.803059691411548,58.0,1438.58,29.0,719.29,0.0213
SKU_3320,Low Revenue + Low Volatility,14699.32,0.1065,2.0,1.0,15,43.75513907922705,30.0,1312.65,15.0,656.33,0.011
SKU_3321,Low Revenue + Low Volatility,17450.49,0.0971,2.0,1.0,38,43.941003221801104,76.0,3339.52,38.0,1669.76,0.026
SKU_3322,Low Revenue + Low Volatility,5739.1,0.0548,2.0,1.0,26,72.33517411435388,52.0,3761.43,26.0,1880.71,0.0188
SKU_3323,Low Revenue + Low Volatility,17786.58,0.1382,2.0,1.0,40,30.78242805796002,80.0,2462.59,40.0,1231.3,0.024
SKU_3324,Low Revenue + Low Volatility,13226.01,0.0944,2.0,1.0,43,75.20471253723338,86.0,6467.61,43.0,3233.8,0.0135
SKU_3325,Low Revenue + Low Volatility,7959.71,0.1089,2.0,1.0,47,41.555701541426934,94.0,3906.24,47.0,1953.12,0.0228
SKU_3326,Low Revenue + Low Volatility,9758.83,0.0639,2.0,1.0,46,56.885090222419315,92.0,5233.43,46.0,2616.71,0.0219
SKU_3327,Low Revenue + Low Volatility,9228.94,0.0503,2.0,1.0,13,28.821817859553406,26.0,749.37,13.0,374.68,0.0251
SKU_3328,Low Revenue + Low Volatility,12962.89,0.0745,2.0,1.0,11,38.72086747819151,22.0,851.86,11.0,425.93,0.0159
SKU_3329,Low Revenue + Low Volatility,5775.29,0.1205,2.0,1.0,21,59.68606524483983,42.0,2506.81,21.0,1253.41,0.0287
SKU_3330,Low Revenue + Low Volatility,7378.04,0.0599,2.0,1.0,44,45.892299929570655,88.0,4038.52,44.0,2019.26,0.0292
SKU_3331,Low Revenue + Low Volatility,17190.4,0.1409,2.0,1.0,15,75.14956081818337,30.0,2254.49,15.0,1127.24,0.0274
SKU_3332,Low Revenue + Low Volatility,6989.06,0.0715,2.0,1.0,17,61.59874761282342,34.0,2094.36,17.0,1047.18,0.0214
SKU_3333,Low Revenue + Low Volatility,8500.94,0.0705,2.0,1.0,30,49.508204785741995,60.0,2970.49,30.0,1485.25,0.0184
SKU_3334,Low Revenue + Low Volatility,11800.56,0.0682,2.0,1.0,44,72.06688296565457,88.0,6341.89,44.0,3170.94,0.0112
SKU_3335,Low Revenue + Low Volatility,12756.81,0.0514,2.0,1.0,24,56.5889472152121,48.0,2716.27,24.0,1358.13,0.0289
SKU_3336,Low Revenue + Low Volatility,16454.16,0.1272,2.0,1.0,16,55.31243313943026,32.0,1770.0,16.0,885.0,0.029
SKU_3337,Low Revenue + Low Volatility,11709.99,0.1375,2.0,1.0,24,27.24599332033391,48.0,1307.81,24.0,653.9,0.0104
SKU_3338,Low Revenue + Low Volatility,16847.97,0.1114,2.0,1.0,15,37.63998758697477,30.0,1129.2,15.0,564.6,0.0171
SKU_3339,Low Revenue + Low Volatility,14275.19,0.0688,2.0,1.0,26,57.8312556822815,52.0,3007.23,26.0,1503.61,0.0276
SKU_3340,Low Revenue + Low Volatility,6696.5,0.0785,2.0,1.0,13,72.42541980382106,26.0,1883.06,13.0,941.53,0.0116
SKU_3341,Low Revenue + Low Volatility,7344.97,0.0976,2.0,1.0,31,32.08832315514407,62.0,1989.48,31.0,994.74,0.0139
SKU_3342,Low Revenue + Low Volatility,11555.51,0.1454,2.0,1.0,41,25.08399353600893,82.0,2056.89,41.0,1028.44,0.0296
SKU_3343,Low Revenue + Low Volatility,10953.34,0.0747,2.0,1.0,31,51.5587185171099,62.0,3196.64,31.0,1598.32,0.0269
SKU_3344,Low Revenue + Low Volatility,16153.16,0.1232,2.0,1.0,36,14.703796867189919,72.0,1058.67,36.0,529.34,0.0282
SKU_3345,Low Revenue + Low Volatility,13711.06,0.0939,2.0,1.0,24,60.01791910150036,48.0,2880.86,24.0,1440.43,0.0128
SKU_3346,Low Revenue + Low Volatility,10822.0,0.0798,2.0,1.0,31,59.21969803012366,62.0,3671.62,31.0,1835.81,0.0142
SKU_3347,Low Revenue + Low Volatility,7561.4,0.0956,2.0,1.0,37,34.847622169030856,74.0,2578.72,37.0,1289.36,0.0221
SKU_3348,Low Revenue + Low Volatility,8402.56,0.0571,2.0,1.0,47,72.48743573414312,94.0,6813.82,47.0,3406.91,0.02
SKU_3349,Low Revenue + Low Volatility,13632.52,0.1299,2.0,1.0,18,45.15267990773893,36.0,1625.5,18.0,812.75,0.016
SKU_3350,Low Revenue + Low Volatility,11351.58,0.0743,2.0,1.0,43,55.20354654850558,86.0,4747.51,43.0,2373.75,0.0277
SKU_3351,Low Revenue + Low Volatility,12723.91,0.1225,2.0,1.0,45,24.67049373568365,90.0,2220.34,45.0,1110.17,0.028
SKU_3352,Low Revenue + Low Volatility,7560.16,0.0568,2.0,1.0,18,39.2138234612,36.0,1411.7,18.0,705.85,0.0158
SKU_3353,Low Revenue + Low Volatility,14943.59,0.1455,2.0,1.0,24,70.36922781888377,48.0,3377.72,24.0,1688.86,0.0131
SKU_3354,Low Revenue + Low Volatility,17788.08,0.0693,2.0,1.0,29,24.905768334263996,58.0,1444.53,29.0,722.27,0.013
SKU_3355,Low Revenue + Low Volatility,8869.09,0.1383,2.0,1.0,17,37.34020643147282,34.0,1269.57,17.0,634.78,0.0197
SKU_3356,Low Revenue + Low Volatility,12372.71,0.1309,2.0,1.0,37,32.2653581099691,74.0,2387.64,37.0,1193.82,0.0127
SKU_3357,Low Revenue + Low Volatility,19632.91,0.1468,2.0,1.0,28,20.57771294053461,56.0,1152.35,28.0,576.18,0.0195
SKU_3358,Low Revenue + Low Volatility,9998.63,0.0978,2.0,1.0,25,30.28025426892749,50.0,1514.01,25.0,757.01,0.0192
SKU_3359,Low Revenue + Low Volatility,13925.7,0.1227,2.0,1.0,20,26.29405985026517,40.0,1051.76,20.0,525.88,0.0277
SKU_3360,Low Revenue + Low Volatility,6352.94,0.0871,2.0,1.0,17,74.65155413229292,34.0,2538.15,17.0,1269.08,0.0159
SKU_3361,Low Revenue + Low Volatility,14090.23,0.0684,2.0,1.0,42,61.87551631799572,84.0,5197.54,42.0,2598.77,0.0212
SKU_3362,Low Revenue + Low Volatility,6344.48,0.0943,2.0,1.0,19,32.1271107247977,38.0,1220.83,19.0,610.42,0.0249
SKU_3363,Low Revenue + Low Volatility,19388.53,0.0666,2.0,1.0,27,63.433733726989686,54.0,3425.42,27.0,1712.71,0.0219
SKU_3364,Low Revenue + Low Volatility,15734.94,0.1482,2.0,1.0,44,11.549796712370998,88.0,1016.38,44.0,508.19,0.0291
SKU_3365,Low Revenue + Low Volatility,16822.4,0.0596,2.0,1.0,12,46.85672975397979,24.0,1124.56,12.0,562.28,0.022
SKU_3366,Low Revenue + Low Volatility,15561.57,0.1089,2.0,1.0,49,27.523419461427117,98.0,2697.3,49.0,1348.65,0.028
SKU_3367,Low Revenue + Low Volatility,13845.94,0.1126,2.0,1.0,36,18.002545026595993,72.0,1296.18,36.0,648.09,0.0149
SKU_3368,Low Revenue + Low Volatility,11748.69,0.1038,2.0,1.0,37,71.86309698369419,74.0,5317.87,37.0,2658.93,0.0212
SKU_3369,Low Revenue + Low Volatility,17875.6,0.1162,2.0,1.0,15,23.95383739838008,30.0,718.62,15.0,359.31,0.0209
SKU_3370,Low Revenue + Low Volatility,19352.54,0.0616,2.0,1.0,23,67.56737650623975,46.0,3108.1,23.0,1554.05,0.0298
SKU_3371,Low Revenue + Low Volatility,12485.54,0.1055,2.0,1.0,16,38.92558742442398,32.0,1245.62,16.0,622.81,0.0141
SKU_3372,Low Revenue + Low Volatility,18973.03,0.0787,2.0,1.0,19,11.000353902849024,38.0,418.01,19.0,209.01,0.0128
SKU_3373,Low Revenue + Low Volatility,13749.99,0.144,2.0,1.0,24,61.27729805107177,48.0,2941.31,24.0,1470.66,0.0222
SKU_3374,Low Revenue + Low Volatility,13075.76,0.1262,2.0,1.0,40,51.745183075355754,80.0,4139.61,40.0,2069.81,0.0145
SKU_3375,Low Revenue + Low Volatility,11817.24,0.1473,2.0,1.0,38,34.092031821747355,76.0,2590.99,38.0,1295.5,0.0228
SKU_3376,Low Revenue + Low Volatility,8139.32,0.0538,2.0,1.0,26,29.708215374838435,52.0,1544.83,26.0,772.41,0.0294
SKU_3377,Low Revenue + Low Volatility,5055.79,0.0785,2.0,1.0,38,15.15838766593043,76.0,1152.04,38.0,576.02,0.0289
SKU_3378,Low Revenue + Low Volatility,8622.59,0.0695,2.0,1.0,24,75.89979163846905,48.0,3643.19,24.0,1821.59,0.0146
SKU_3379,Low Revenue + Low Volatility,12645.85,0.0511,2.0,1.0,35,44.578941928446,70.0,3120.53,35.0,1560.26,0.0134
SKU_3380,Low Revenue + Low Volatility,10699.4,0.0742,2.0,1.0,21,15.986716230327561,42.0,671.44,21.0,335.72,0.0212
SKU_3381,Low Revenue + Low Volatility,11727.28,0.1179,2.0,1.0,34,70.80758024211293,68.0,4814.92,34.0,2407.46,0.0217
SKU_3382,Low Revenue + Low Volatility,19709.72,0.0731,2.0,1.0,14,29.51832209724717,28.0,826.51,14.0,413.26,0.0232
SKU_3383,Low Revenue + Low Volatility,10254.09,0.1009,2.0,1.0,13,24.25219010142584,26.0,630.56,13.0,315.28,0.0248
SKU_3384,Low Revenue + Low Volatility,11782.74,0.1388,2.0,1.0,40,29.66562068395531,80.0,2373.25,40.0,1186.62,0.022
SKU_3385,Low Revenue + Low Volatility,7002.73,0.1194,2.0,1.0,12,49.52000210249779,24.0,1188.48,12.0,594.24,0.0122
SKU_3386,Low Revenue + Low Volatility,5719.37,0.0895,2.0,1.0,12,15.183953914792555,24.0,364.41,12.0,182.21,0.0258
SKU_3387,Low Revenue + Low Volatility,16631.14,0.0872,2.0,1.0,35,43.72298363858735,70.0,3060.61,35.0,1530.3,0.0116
SKU_3388,Low Revenue + Low Volatility,13560.25,0.0956,2.0,1.0,26,72.70204115870189,52.0,3780.51,26.0,1890.25,0.0104
SKU_3389,Low Revenue + Low Volatility,16410.57,0.0677,2.0,1.0,19,23.17201170922867,38.0,880.54,19.0,440.27,0.0254
SKU_3390,Low Revenue + Low Volatility,7247.94,0.1134,2.0,1.0,11,33.18321405065707,22.0,730.03,11.0,365.02,0.021
SKU_3391,Low Revenue + Low Volatility,13577.43,0.0864,2.0,1.0,33,37.728537553615695,66.0,2490.08,33.0,1245.04,0.024
SKU_3392,Low Revenue + Low Volatility,8804.64,0.1352,2.0,1.0,20,51.03544980690717,40.0,2041.42,20.0,1020.71,0.0177
SKU_3393,Low Revenue + Low Volatility,8420.93,0.1257,2.0,1.0,33,74.3477972568418,66.0,4906.95,33.0,2453.48,0.0102
SKU_3394,Low Revenue + Low Volatility,5172.89,0.1111,2.0,1.0,44,37.617744576969784,88.0,3310.36,44.0,1655.18,0.0166
SKU_3395,Low Revenue + Low Volatility,6955.11,0.0864,2.0,1.0,32,14.840698847443452,64.0,949.8,32.0,474.9,0.0222
SKU_3396,Low Revenue + Low Volatility,9639.02,0.071,2.0,1.0,41,34.35656030016947,82.0,2817.24,41.0,1408.62,0.0145
SKU_3397,Low Revenue + Low Volatility,6753.18,0.1276,2.0,1.0,32,23.305978881989134,64.0,1491.58,32.0,745.79,0.0238
SKU_3398,Low Revenue + Low Volatility,19787.88,0.0986,2.0,1.0,43,55.62421351733723,86.0,4783.68,43.0,2391.84,0.0259
SKU_3399,Low Revenue + Low Volatility,9629.49,0.0725,2.0,1.0,28,12.048347641713253,56.0,674.71,28.0,337.35,0.0191
SKU_3400,Low Revenue + Low Volatility,6954.86,0.0695,2.0,1.0,11,30.435097975115138,22.0,669.57,11.0,334.79,0.0275
SKU_3401,Low Revenue + Low Volatility,7986.23,0.0665,2.0,1.0,11,48.162145506283395,22.0,1059.57,11.0,529.78,0.0271
SKU_3402,Low Revenue + Low Volatility,13815.55,0.1277,2.0,1.0,24,29.413394423468798,48.0,1411.84,24.0,705.92,0.0276
SKU_3403,Low Revenue + Low Volatility,5960.65,0.0729,2.0,1.0,30,48.56966983416779,60.0,2914.18,30.0,1457.09,0.0232
SKU_3404,Low Revenue + Low Volatility,17936.51,0.1027,2.0,1.0,44,18.029862553102824,88.0,1586.63,44.0,793.31,0.0161
SKU_3405,Low Revenue + Low Volatility,19422.5,0.0952,2.0,1.0,14,75.99638415927357,28.0,2127.9,14.0,1063.95,0.0196
SKU_3406,Low Revenue + Low Volatility,8701.21,0.108,2.0,1.0,36,30.36347651309207,72.0,2186.17,36.0,1093.09,0.0242
SKU_3407,Low Revenue + Low Volatility,11751.43,0.1377,2.0,1.0,33,74.61005875729184,66.0,4924.26,33.0,2462.13,0.0142
SKU_3408,Low Revenue + Low Volatility,5332.02,0.1368,2.0,1.0,16,32.80848076529018,32.0,1049.87,16.0,524.94,0.0248
SKU_3409,Low Revenue + Low Volatility,14610.65,0.0951,2.0,1.0,15,64.72881338210914,30.0,1941.86,15.0,970.93,0.021
SKU_3410,Low Revenue + Low Volatility,11208.89,0.0515,2.0,1.0,42,27.23311502228771,84.0,2287.58,42.0,1143.79,0.0119
SKU_3411,Low Revenue + Low Volatility,9050.88,0.0926,2.0,1.0,26,56.883823167272084,52.0,2957.96,26.0,1478.98,0.0211
SKU_3412,Low Revenue + Low Volatility,8102.56,0.1106,2.0,1.0,39,32.660134967593706,78.0,2547.49,39.0,1273.75,0.0113
SKU_3413,Low Revenue + Low Volatility,14810.35,0.1058,2.0,1.0,17,45.641139044676116,34.0,1551.8,17.0,775.9,0.0103
SKU_3414,Low Revenue + Low Volatility,11243.26,0.1151,2.0,1.0,49,57.16699020345765,98.0,5602.37,49.0,2801.18,0.0278
SKU_3415,Low Revenue + Low Volatility,7694.89,0.0654,2.0,1.0,16,51.22177536420724,32.0,1639.1,16.0,819.55,0.0198
SKU_3416,Low Revenue + Low Volatility,15336.64,0.1147,2.0,1.0,15,50.3396415298586,30.0,1510.19,15.0,755.09,0.0209
SKU_3417,Low Revenue + Low Volatility,13476.08,0.0683,2.0,1.0,13,14.59765849603321,26.0,379.54,13.0,189.77,0.0156
SKU_3418,Low Revenue + Low Volatility,17880.08,0.1251,2.0,1.0,10,27.43537825201143,20.0,548.71,10.0,274.35,0.0209
SKU_3419,Low Revenue + Low Volatility,6762.14,0.0839,2.0,1.0,24,50.02875028995791,48.0,2401.38,24.0,1200.69,0.0134
SKU_3420,Low Revenue + Low Volatility,16785.0,0.121,2.0,1.0,40,11.282204505100754,80.0,902.58,40.0,451.29,0.0249
SKU_3421,Low Revenue + Low Volatility,15102.75,0.0548,2.0,1.0,34,27.545097858118577,68.0,1873.07,34.0,936.53,0.0265
SKU_3422,Low Revenue + Low Volatility,6725.16,0.0908,2.0,1.0,42,26.04296676018377,84.0,2187.61,42.0,1093.8,0.0271
SKU_3423,Low Revenue + Low Volatility,15422.31,0.1205,2.0,1.0,44,27.48992771125841,88.0,2419.11,44.0,1209.56,0.0121
SKU_3424,Low Revenue + Low Volatility,11623.21,0.0727,2.0,1.0,14,47.49266496966576,28.0,1329.79,14.0,664.9,0.0212
SKU_3425,Low Revenue + Low Volatility,19174.77,0.1295,2.0,1.0,14,50.73722478134347,28.0,1420.64,14.0,710.32,0.0262
SKU_3426,Low Revenue + Low Volatility,7124.17,0.1131,2.0,1.0,45,73.62985960609679,90.0,6626.69,45.0,3313.34,0.0126
SKU_3427,Low Revenue + Low Volatility,14642.5,0.1088,2.0,1.0,26,37.02217343183534,52.0,1925.15,26.0,962.58,0.012
SKU_3428,Low Revenue + Low Volatility,10729.7,0.0854,2.0,1.0,23,74.86052420001882,46.0,3443.58,23.0,1721.79,0.0263
SKU_3429,Low Revenue + Low Volatility,19352.22,0.0982,2.0,1.0,38,55.63680414889192,76.0,4228.4,38.0,2114.2,0.0259
SKU_3430,Low Revenue + Low Volatility,9949.62,0.1097,2.0,1.0,17,73.88622771303889,34.0,2512.13,17.0,1256.07,0.019
SKU_3431,Low Revenue + Low Volatility,19432.79,0.0972,2.0,1.0,43,68.34304711760339,86.0,5877.5,43.0,2938.75,0.0122
SKU_3432,Low Revenue + Low Volatility,18522.29,0.1198,2.0,1.0,49,58.13077103853812,98.0,5696.82,49.0,2848.41,0.0203
SKU_3433,Low Revenue + Low Volatility,9055.75,0.0934,2.0,1.0,10,34.92741296632716,20.0,698.55,10.0,349.27,0.0179
SKU_3434,Low Revenue + Low Volatility,17053.13,0.0702,2.0,1.0,38,26.877731337965294,76.0,2042.71,38.0,1021.35,0.0204
SKU_3435,Low Revenue + Low Volatility,19934.06,0.0714,2.0,1.0,45,25.567400485842256,90.0,2301.07,45.0,1150.53,0.0188
SKU_3436,Low Revenue + Low Volatility,8789.95,0.0506,2.0,1.0,46,76.6521686219397,92.0,7052.0,46.0,3526.0,0.0214
SKU_3437,Low Revenue + Low Volatility,11551.66,0.0801,2.0,1.0,38,77.10016901905507,76.0,5859.61,38.0,2929.81,0.0245
SKU_3438,Low Revenue + Low Volatility,12802.71,0.1249,2.0,1.0,14,60.738196146701625,28.0,1700.67,14.0,850.33,0.0255
SKU_3439,Low Revenue + Low Volatility,9423.97,0.1294,2.0,1.0,41,71.8657188853534,82.0,5892.99,41.0,2946.49,0.023
SKU_3440,Low Revenue + Low Volatility,5228.97,0.0702,2.0,1.0,33,74.32973141553424,66.0,4905.76,33.0,2452.88,0.014
SKU_3441,Low Revenue + Low Volatility,8301.94,0.1459,2.0,1.0,28,45.80893375635185,56.0,2565.3,28.0,1282.65,0.0179
SKU_3442,Low Revenue + Low Volatility,9229.05,0.1002,2.0,1.0,21,54.03417834376205,42.0,2269.44,21.0,1134.72,0.0114
SKU_3443,Low Revenue + Low Volatility,11654.0,0.1417,2.0,1.0,10,39.31281485441502,20.0,786.26,10.0,393.13,0.019
SKU_3444,Low Revenue + Low Volatility,7566.54,0.1207,2.0,1.0,16,39.294353499968416,32.0,1257.42,16.0,628.71,0.0294
SKU_3445,Low Revenue + Low Volatility,18098.82,0.1222,2.0,1.0,26,12.690024305123023,52.0,659.88,26.0,329.94,0.0228
SKU_3446,Low Revenue + Low Volatility,15573.67,0.0585,2.0,1.0,43,40.367502233936385,86.0,3471.61,43.0,1735.8,0.0131
SKU_3447,Low Revenue + Low Volatility,6278.01,0.072,2.0,1.0,16,57.14428680592283,32.0,1828.62,16.0,914.31,0.0154
SKU_3448,Low Revenue + Low Volatility,14751.39,0.0509,2.0,1.0,26,39.53875162745998,52.0,2056.02,26.0,1028.01,0.0113
SKU_3449,Low Revenue + Low Volatility,14804.85,0.1216,2.0,1.0,12,71.06867738138695,24.0,1705.65,12.0,852.82,0.0136
SKU_3450,Low Revenue + Low Volatility,19343.32,0.0844,2.0,1.0,38,33.279406668491276,76.0,2529.23,38.0,1264.62,0.0198
SKU_3451,Low Revenue + Low Volatility,5045.31,0.1287,2.0,1.0,31,19.287743259259464,62.0,1195.84,31.0,597.92,0.0169
SKU_3452,Low Revenue + Low Volatility,8718.99,0.0839,2.0,1.0,47,66.80910835103415,94.0,6280.06,47.0,3140.03,0.0141
SKU_3453,Low Revenue + Low Volatility,18916.87,0.1319,2.0,1.0,38,57.176354283001444,76.0,4345.4,38.0,2172.7,0.0129
SKU_3454,Low Revenue + Low Volatility,18982.01,0.0631,2.0,1.0,14,26.927363762440727,28.0,753.97,14.0,376.98,0.0231
SKU_3455,Low Revenue + Low Volatility,15808.8,0.0673,2.0,1.0,39,47.55158792295631,78.0,3709.02,39.0,1854.51,0.0212
SKU_3456,Low Revenue + Low Volatility,16486.45,0.0841,2.0,1.0,32,38.12966370156547,64.0,2440.3,32.0,1220.15,0.0269
SKU_3457,Low Revenue + Low Volatility,6372.24,0.0908,2.0,1.0,30,75.72018435049604,60.0,4543.21,30.0,2271.61,0.0137
SKU_3458,Low Revenue + Low Volatility,12708.14,0.0849,2.0,1.0,35,52.51324636444403,70.0,3675.93,35.0,1837.96,0.027
SKU_3459,Low Revenue + Low Volatility,8473.74,0.1264,2.0,1.0,30,21.087248283089412,60.0,1265.23,30.0,632.62,0.0216
SKU_3460,Low Revenue + Low Volatility,7718.27,0.0597,2.0,1.0,29,45.15039168458896,58.0,2618.72,29.0,1309.36,0.0153
SKU_3461,Low Revenue + Low Volatility,17154.55,0.0851,2.0,1.0,32,70.37897827666956,64.0,4504.25,32.0,2252.13,0.0155
SKU_3462,Low Revenue + Low Volatility,7025.57,0.1337,2.0,1.0,13,57.004766902272316,26.0,1482.12,13.0,741.06,0.0178
SKU_3463,Low Revenue + Low Volatility,12029.77,0.0567,2.0,1.0,30,68.97164532690593,60.0,4138.3,30.0,2069.15,0.0192
SKU_3464,Low Revenue + Low Volatility,19078.67,0.1442,2.0,1.0,30,27.52795197059482,60.0,1651.68,30.0,825.84,0.0117
SKU_3465,Low Revenue + Low Volatility,7787.48,0.1486,2.0,1.0,10,72.18459639332792,20.0,1443.69,10.0,721.85,0.0268
SKU_3466,Low Revenue + Low Volatility,19669.9,0.0589,2.0,1.0,24,62.892793227692046,48.0,3018.85,24.0,1509.43,0.0124
SKU_3467,Low Revenue + Low Volatility,19914.32,0.0791,2.0,1.0,26,61.02396288066551,52.0,3173.25,26.0,1586.62,0.0197
SKU_3468,Low Revenue + Low Volatility,13334.26,0.0872,2.0,1.0,23,34.2578748834467,46.0,1575.86,23.0,787.93,0.0177
SKU_3469,Low Revenue + Low Volatility,7552.14,0.1276,2.0,1.0,28,72.13606446323698,56.0,4039.62,28.0,2019.81,0.0202
SKU_3470,Low Revenue + Low Volatility,9741.57,0.1096,2.0,1.0,43,54.658556417525155,86.0,4700.64,43.0,2350.32,0.0277
SKU_3471,Low Revenue + Low Volatility,11367.39,0.1144,2.0,1.0,15,69.62876338039618,30.0,2088.86,15.0,1044.43,0.0298
SKU_3472,Low Revenue + Low Volatility,9639.86,0.1258,2.0,1.0,15,35.26800191903902,30.0,1058.04,15.0,529.02,0.0104
SKU_3473,Low Revenue + Low Volatility,9209.53,0.0618,2.0,1.0,14,20.195646374504953,28.0,565.48,14.0,282.74,0.0179
SKU_3474,Low Revenue + Low Volatility,19583.45,0.1333,2.0,1.0,16,33.26360261542256,32.0,1064.44,16.0,532.22,0.0264
SKU_3475,Low Revenue + Low Volatility,7300.47,0.1206,2.0,1.0,42,41.86850431626277,84.0,3516.95,42.0,1758.48,0.0165
SKU_3476,Low Revenue + Low Volatility,15999.92,0.1077,2.0,1.0,22,47.33851626018447,44.0,2082.89,22.0,1041.45,0.023
SKU_3477,Low Revenue + Low Volatility,5006.15,0.139,2.0,1.0,10,45.75664509980762,20.0,915.13,10.0,457.57,0.0298
SKU_3478,Low Revenue + Low Volatility,13942.74,0.12,2.0,1.0,22,48.22382147055951,44.0,2121.85,22.0,1060.92,0.0229
SKU_3479,Low Revenue + Low Volatility,18739.15,0.0702,2.0,1.0,36,68.91940356560633,72.0,4962.2,36.0,2481.1,0.0122
SKU_3480,Low Revenue + Low Volatility,9319.01,0.093,2.0,1.0,16,21.907087233171893,32.0,701.03,16.0,350.51,0.0269
SKU_3481,Low Revenue + Low Volatility,7782.89,0.0994,2.0,1.0,12,32.12359066182096,24.0,770.97,12.0,385.48,0.0293
SKU_3482,Low Revenue + Low Volatility,14775.2,0.0555,2.0,1.0,34,72.2025943304816,68.0,4909.78,34.0,2454.89,0.0243
SKU_3483,Low Revenue + Low Volatility,15689.02,0.1455,2.0,1.0,42,49.23207431908312,84.0,4135.49,42.0,2067.75,0.0184
SKU_3484,Low Revenue + Low Volatility,15320.46,0.0629,2.0,1.0,49,50.83729092587005,98.0,4982.05,49.0,2491.03,0.029
SKU_3485,Low Revenue + Low Volatility,9789.75,0.1197,2.0,1.0,26,43.464378122976655,52.0,2260.15,26.0,1130.07,0.0294
SKU_3486,Low Revenue + Low Volatility,8783.04,0.1006,2.0,1.0,23,48.428224449029734,46.0,2227.7,23.0,1113.85,0.0287
SKU_3487,Low Revenue + Low Volatility,19338.78,0.0526,2.0,1.0,46,23.865581139207084,92.0,2195.63,46.0,1097.82,0.0182
SKU_3488,Low Revenue + Low Volatility,18849.49,0.1425,2.0,1.0,32,48.28068295926898,64.0,3089.96,32.0,1544.98,0.0258
SKU_3489,Low Revenue + Low Volatility,11859.75,0.1352,2.0,1.0,33,79.80211895377818,66.0,5266.94,33.0,2633.47,0.0231
SKU_3490,Low Revenue + Low Volatility,17692.91,0.1024,2.0,1.0,38,49.6233301046929,76.0,3771.37,38.0,1885.69,0.0136
SKU_3491,Low Revenue + Low Volatility,11784.85,0.0729,2.0,1.0,47,13.108172592422124,94.0,1232.17,47.0,616.08,0.0207
SKU_3492,Low Revenue + Low Volatility,11365.84,0.0622,2.0,1.0,36,65.75049510454619,72.0,4734.04,36.0,2367.02,0.025
SKU_3493,Low Revenue + Low Volatility,7351.44,0.0863,2.0,1.0,47,37.75328001063713,94.0,3548.81,47.0,1774.4,0.0279
SKU_3494,Low Revenue + Low Volatility,11396.09,0.0755,2.0,1.0,49,20.757330395109328,98.0,2034.22,49.0,1017.11,0.0273
SKU_3495,Low Revenue + Low Volatility,13061.25,0.1007,2.0,1.0,32,70.3763864358684,64.0,4504.09,32.0,2252.04,0.0131
SKU_3496,Low Revenue + Low Volatility,5337.56,0.1466,2.0,1.0,40,23.85812788744773,80.0,1908.65,40.0,954.33,0.0198
SKU_3497,Low Revenue + Low Volatility,11661.7,0.1075,2.0,1.0,45,74.45371729009733,90.0,6700.83,45.0,3350.42,0.0196
SKU_3498,Low Revenue + Low Volatility,16720.34,0.139,2.0,1.0,26,40.925754330982386,52.0,2128.14,26.0,1064.07,0.028
SKU_3499,Low Revenue + Low Volatility,15200.69,0.1151,2.0,1.0,46,61.995358432479,92.0,5703.57,46.0,2851.79,0.01
SKU_3500,Low Revenue + Low Volatility,14527.35,0.0975,2.0,1.0,12,48.28970952369644,24.0,1158.95,12.0,579.48,0.0248
SKU_3501,Low Revenue + Low Volatility,18643.33,0.1355,2.0,1.0,45,27.96387627406595,90.0,2516.75,45.0,1258.37,0.0224
SKU_3502,Low Revenue + Low Volatility,5270.48,0.0971,2.0,1.0,14,56.97631221471431,28.0,1595.34,14.0,797.67,0.0284
SKU_3503,Low Revenue + Low Volatility,13355.71,0.1369,2.0,1.0,24,77.05387856231036,48.0,3698.59,24.0,1849.29,0.0191
SKU_3504,Low Revenue + Low Volatility,16810.23,0.0792,2.0,1.0,15,63.87458767539887,30.0,1916.24,15.0,958.12,0.0232
SKU_3505,Low Revenue + Low Volatility,13120.03,0.0629,2.0,1.0,19,52.28125976026247,38.0,1986.69,19.0,993.34,0.0295
SKU_3506,Low Revenue + Low Volatility,9858.43,0.1355,2.0,1.0,41,79.34396757860996,82.0,6506.21,41.0,3253.1,0.0249
SKU_3507,Low Revenue + Low Volatility,7043.76,0.1087,2.0,1.0,32,28.57286671398793,64.0,1828.66,32.0,914.33,0.0113
SKU_3508,Low Revenue + Low Volatility,18313.45,0.1389,2.0,1.0,26,14.363904153661316,52.0,746.92,26.0,373.46,0.0134
SKU_3509,Low Revenue + Low Volatility,12061.44,0.1438,2.0,1.0,29,12.249160628115176,58.0,710.45,29.0,355.23,0.0264
SKU_3510,Low Revenue + Low Volatility,18171.73,0.0554,2.0,1.0,24,59.74815156911588,48.0,2867.91,24.0,1433.96,0.0167
SKU_3511,Low Revenue + Low Volatility,13787.78,0.1001,2.0,1.0,31,68.11626553139195,62.0,4223.21,31.0,2111.6,0.0241
SKU_3512,Low Revenue + Low Volatility,15112.88,0.0875,2.0,1.0,15,54.45703762391687,30.0,1633.71,15.0,816.86,0.024
SKU_3513,Low Revenue + Low Volatility,17063.92,0.1126,2.0,1.0,13,73.35186182102389,26.0,1907.15,13.0,953.57,0.0299
SKU_3514,Low Revenue + Low Volatility,14887.33,0.1294,2.0,1.0,32,58.858323313794436,64.0,3766.93,32.0,1883.47,0.0194
SKU_3515,Low Revenue + Low Volatility,10970.82,0.0781,2.0,1.0,28,35.96682524863144,56.0,2014.14,28.0,1007.07,0.0248
SKU_3516,Low Revenue + Low Volatility,12704.5,0.1057,2.0,1.0,40,22.688080414091715,80.0,1815.05,40.0,907.52,0.011
SKU_3517,Low Revenue + Low Volatility,17045.68,0.1209,2.0,1.0,12,74.72532349914094,24.0,1793.41,12.0,896.7,0.0193
SKU_3518,Low Revenue + Low Volatility,10604.75,0.0634,2.0,1.0,37,17.251800499823563,74.0,1276.63,37.0,638.32,0.0137
SKU_3519,Low Revenue + Low Volatility,10821.82,0.1314,2.0,1.0,12,48.00918826224838,24.0,1152.22,12.0,576.11,0.0268
SKU_3520,Low Revenue + Low Volatility,6435.35,0.1106,2.0,1.0,23,31.980554769145815,46.0,1471.11,23.0,735.55,0.0268
SKU_3521,Low Revenue + Low Volatility,18718.77,0.145,2.0,1.0,27,28.999050526377076,54.0,1565.95,27.0,782.97,0.0147
SKU_3522,Low Revenue + Low Volatility,6365.54,0.084,2.0,1.0,36,55.208439634182746,72.0,3975.01,36.0,1987.5,0.0164
SKU_3523,Low Revenue + Low Volatility,14723.14,0.0608,2.0,1.0,19,26.186585617372536,38.0,995.09,19.0,497.55,0.024
SKU_3524,Low Revenue + Low Volatility,11197.92,0.1007,2.0,1.0,24,74.14555747196769,48.0,3558.99,24.0,1779.49,0.0248
SKU_3525,Low Revenue + Low Volatility,11084.29,0.0586,2.0,1.0,28,38.42307363693869,56.0,2151.69,28.0,1075.85,0.0232
SKU_3526,Low Revenue + Low Volatility,15193.28,0.147,2.0,1.0,18,57.416274271077526,36.0,2066.99,18.0,1033.49,0.0299
SKU_3527,Low Revenue + Low Volatility,6006.41,0.0539,2.0,1.0,13,60.94290021300092,26.0,1584.52,13.0,792.26,0.0274
SKU_3528,Low Revenue + Low Volatility,13905.59,0.1254,2.0,1.0,24,57.80591862377312,48.0,2774.68,24.0,1387.34,0.0183
SKU_3529,Low Revenue + Low Volatility,16580.48,0.1025,2.0,1.0,17,73.23801686251164,34.0,2490.09,17.0,1245.05,0.0165
SKU_3530,Low Revenue + Low Volatility,17423.19,0.0869,2.0,1.0,10,26.179160452419868,20.0,523.58,10.0,261.79,0.0219
SKU_3531,Low Revenue + Low Volatility,7557.96,0.0566,2.0,1.0,16,16.02381812802708,32.0,512.76,16.0,256.38,0.0264
SKU_3532,Low Revenue + Low Volatility,18461.29,0.1122,2.0,1.0,40,13.882598808553455,80.0,1110.61,40.0,555.3,0.0195
SKU_3533,Low Revenue + Low Volatility,14842.19,0.1085,2.0,1.0,27,71.44909053325173,54.0,3858.25,27.0,1929.13,0.0248
SKU_3534,Low Revenue + Low Volatility,18227.82,0.0781,2.0,1.0,21,78.13009349574276,42.0,3281.46,21.0,1640.73,0.0104
SKU_3535,Low Revenue + Low Volatility,12279.21,0.141,2.0,1.0,39,31.176857884329888,78.0,2431.79,39.0,1215.9,0.0285
SKU_3536,Low Revenue + Low Volatility,13130.5,0.0804,2.0,1.0,42,58.54597465024784,84.0,4917.86,42.0,2458.93,0.0255
SKU_3537,Low Revenue + Low Volatility,18785.57,0.095,2.0,1.0,16,10.623894892022424,32.0,339.96,16.0,169.98,0.0179
SKU_3538,Low Revenue + Low Volatility,18498.64,0.1044,2.0,1.0,37,23.204205708119144,74.0,1717.11,37.0,858.56,0.0177
SKU_3539,Low Revenue + Low Volatility,11722.41,0.06,2.0,1.0,12,58.24920677231301,24.0,1397.98,12.0,698.99,0.0121
SKU_3540,Low Revenue + Low Volatility,9116.19,0.1432,2.0,1.0,15,14.612099752066298,30.0,438.36,15.0,219.18,0.0263
SKU_3541,Low Revenue + Low Volatility,10897.56,0.0875,2.0,1.0,40,42.795703494387716,80.0,3423.66,40.0,1711.83,0.0254
SKU_3542,Low Revenue + Low Volatility,10816.46,0.0581,2.0,1.0,47,56.38082850617642,94.0,5299.8,47.0,2649.9,0.0226
SKU_3543,Low Revenue + Low Volatility,9303.0,0.0887,2.0,1.0,24,63.61707199138621,48.0,3053.62,24.0,1526.81,0.012
SKU_3544,Low Revenue + Low Volatility,9028.69,0.11,2.0,1.0,16,41.767113960705935,32.0,1336.55,16.0,668.27,0.0152
SKU_3545,Low Revenue + Low Volatility,17915.94,0.1014,2.0,1.0,39,54.11988276474401,78.0,4221.35,39.0,2110.68,0.0192
SKU_3546,Low Revenue + Low Volatility,6047.93,0.1195,2.0,1.0,36,47.77029406934429,72.0,3439.46,36.0,1719.73,0.0153
SKU_3547,Low Revenue + Low Volatility,15164.17,0.0555,2.0,1.0,26,13.661404045832477,52.0,710.39,26.0,355.2,0.0187
SKU_3548,Low Revenue + Low Volatility,7592.3,0.0785,2.0,1.0,27,61.99632810818925,54.0,3347.8,27.0,1673.9,0.0145
SKU_3549,Low Revenue + Low Volatility,10167.59,0.1319,2.0,1.0,31,22.06533411197625,62.0,1368.05,31.0,684.03,0.017
SKU_3550,Low Revenue + Low Volatility,5923.15,0.058,2.0,1.0,35,12.226387186368893,70.0,855.85,35.0,427.92,0.023
SKU_3551,Low Revenue + Low Volatility,9049.6,0.1355,2.0,1.0,36,41.581754140186064,72.0,2993.89,36.0,1496.94,0.0278
SKU_3552,Low Revenue + Low Volatility,16526.32,0.0592,2.0,1.0,49,70.59463110970572,98.0,6918.27,49.0,3459.14,0.0177
SKU_3553,Low Revenue + Low Volatility,18275.23,0.1334,2.0,1.0,33,20.558060636272003,66.0,1356.83,33.0,678.42,0.0238
SKU_3554,Low Revenue + Low Volatility,8322.91,0.0861,2.0,1.0,17,10.90002738818825,34.0,370.6,17.0,185.3,0.0127
SKU_3555,Low Revenue + Low Volatility,11953.22,0.1112,2.0,1.0,30,17.6985465035792,60.0,1061.91,30.0,530.96,0.0208
SKU_3556,Low Revenue + Low Volatility,12054.86,0.0653,2.0,1.0,38,35.45613800321247,76.0,2694.67,38.0,1347.33,0.0284
SKU_3557,Low Revenue + Low Volatility,18103.63,0.0566,2.0,1.0,30,50.612030899391264,60.0,3036.72,30.0,1518.36,0.0106
SKU_3558,Low Revenue + Low Volatility,16441.99,0.0716,2.0,1.0,12,23.51084937901248,24.0,564.26,12.0,282.13,0.0154
SKU_3559,Low Revenue + Low Volatility,12696.16,0.0628,2.0,1.0,40,66.13748035157994,80.0,5291.0,40.0,2645.5,0.0126
SKU_3560,Low Revenue + Low Volatility,15061.21,0.0812,2.0,1.0,36,62.730798438435734,72.0,4516.62,36.0,2258.31,0.0207
SKU_3561,Low Revenue + Low Volatility,17710.33,0.1014,2.0,1.0,36,58.710453161908944,72.0,4227.15,36.0,2113.58,0.0236
SKU_3562,Low Revenue + Low Volatility,5143.08,0.1089,2.0,1.0,18,44.12288658208808,36.0,1588.42,18.0,794.21,0.0112
SKU_3563,Low Revenue + Low Volatility,11043.35,0.129,2.0,1.0,42,35.56518685937897,84.0,2987.48,42.0,1493.74,0.0114
SKU_3564,Low Revenue + Low Volatility,18608.65,0.1156,2.0,1.0,42,36.29106346753676,84.0,3048.45,42.0,1524.22,0.0274
SKU_3565,Low Revenue + Low Volatility,16104.7,0.1109,2.0,1.0,35,45.21493744690133,70.0,3165.05,35.0,1582.52,0.0191
SKU_3566,Low Revenue + Low Volatility,13142.62,0.0912,2.0,1.0,37,15.412028081785817,74.0,1140.49,37.0,570.25,0.0193
SKU_3567,Low Revenue + Low Volatility,12944.67,0.0974,2.0,1.0,40,57.76138240069428,80.0,4620.91,40.0,2310.46,0.0289
SKU_3568,Low Revenue + Low Volatility,10216.55,0.0915,2.0,1.0,10,34.60552808065114,20.0,692.11,10.0,346.06,0.0164
SKU_3569,Low Revenue + Low Volatility,12807.81,0.1342,2.0,1.0,29,25.7331144557082,58.0,1492.52,29.0,746.26,0.0279
SKU_3570,Low Revenue + Low Volatility,14830.75,0.073,2.0,1.0,21,29.482894934904724,42.0,1238.28,21.0,619.14,0.0295
SKU_3571,Low Revenue + Low Volatility,11275.45,0.0506,2.0,1.0,26,22.620599970035247,52.0,1176.27,26.0,588.14,0.0148
SKU_3572,Low Revenue + Low Volatility,15712.3,0.1151,2.0,1.0,24,73.1097659869452,48.0,3509.27,24.0,1754.63,0.0203
SKU_3573,Low Revenue + Low Volatility,17918.48,0.0702,2.0,1.0,43,21.832626145378573,86.0,1877.61,43.0,938.8,0.0207
SKU_3574,Low Revenue + Low Volatility,7320.27,0.139,2.0,1.0,25,71.80482832264039,50.0,3590.24,25.0,1795.12,0.0273
SKU_3575,Low Revenue + Low Volatility,11773.21,0.1359,2.0,1.0,13,50.057037717791594,26.0,1301.48,13.0,650.74,0.0161
SKU_3576,Low Revenue + Low Volatility,11120.3,0.0577,2.0,1.0,17,70.72156687722021,34.0,2404.53,17.0,1202.27,0.026
SKU_3577,Low Revenue + Low Volatility,15311.97,0.0606,2.0,1.0,43,43.18449518338585,86.0,3713.87,43.0,1856.93,0.0294
SKU_3578,Low Revenue + Low Volatility,8748.01,0.0995,2.0,1.0,34,74.93436036367515,68.0,5095.54,34.0,2547.77,0.0268
SKU_3579,Low Revenue + Low Volatility,14603.76,0.1109,2.0,1.0,24,24.804352052584512,48.0,1190.61,24.0,595.3,0.0282
SKU_3580,Low Revenue + Low Volatility,18162.34,0.0775,2.0,1.0,37,48.82842269930922,74.0,3613.3,37.0,1806.65,0.0242
SKU_3581,Low Revenue + Low Volatility,11271.97,0.1217,2.0,1.0,18,18.80870833595684,36.0,677.11,18.0,338.56,0.0281
SKU_3582,Low Revenue + Low Volatility,18665.24,0.1095,2.0,1.0,11,41.30541996416551,22.0,908.72,11.0,454.36,0.0133
SKU_3583,Low Revenue + Low Volatility,19897.46,0.0825,2.0,1.0,26,49.893258765278965,52.0,2594.45,26.0,1297.22,0.0242
SKU_3584,Low Revenue + Low Volatility,6591.38,0.0525,2.0,1.0,19,52.39726555212204,38.0,1991.1,19.0,995.55,0.0246
SKU_3585,Low Revenue + Low Volatility,8495.8,0.125,2.0,1.0,18,35.58701578350954,36.0,1281.13,18.0,640.57,0.0188
SKU_3586,Low Revenue + Low Volatility,19255.7,0.0715,2.0,1.0,40,15.3434949516517,80.0,1227.48,40.0,613.74,0.0116
SKU_3587,Low Revenue + Low Volatility,19374.92,0.1334,2.0,1.0,11,55.87282499678569,22.0,1229.2,11.0,614.6,0.0224
SKU_3588,Low Revenue + Low Volatility,6465.61,0.092,2.0,1.0,33,44.190230231729444,66.0,2916.56,33.0,1458.28,0.011
SKU_3589,Low Revenue + Low Volatility,5224.98,0.1077,2.0,1.0,28,19.581520664607982,56.0,1096.57,28.0,548.28,0.0176
SKU_3590,Low Revenue + Low Volatility,7416.5,0.1373,2.0,1.0,26,75.51131785842698,52.0,3926.59,26.0,1963.29,0.0179
SKU_3591,Low Revenue + Low Volatility,19940.19,0.1364,2.0,1.0,19,76.89680635284103,38.0,2922.08,19.0,1461.04,0.03
SKU_3592,Low Revenue + Low Volatility,7699.99,0.0872,2.0,1.0,37,69.96243958819582,74.0,5177.22,37.0,2588.61,0.016
SKU_3593,Low Revenue + Low Volatility,12538.21,0.0709,2.0,1.0,47,69.07078103623182,94.0,6492.65,47.0,3246.33,0.0264
SKU_3594,Low Revenue + Low Volatility,17726.27,0.1275,2.0,1.0,37,16.90698931076393,74.0,1251.12,37.0,625.56,0.0111
SKU_3595,Low Revenue + Low Volatility,5306.02,0.0933,2.0,1.0,10,79.53940767077974,20.0,1590.79,10.0,795.39,0.0206
SKU_3596,Low Revenue + Low Volatility,14067.33,0.0692,2.0,1.0,12,38.02664759046121,24.0,912.64,12.0,456.32,0.0207
SKU_3597,Low Revenue + Low Volatility,9155.38,0.1404,2.0,1.0,24,21.418478110697947,48.0,1028.09,24.0,514.04,0.0226
SKU_3598,Low Revenue + Low Volatility,17935.02,0.0698,2.0,1.0,19,66.84712097520548,38.0,2540.19,19.0,1270.1,0.0262
SKU_3599,Low Revenue + Low Volatility,9251.92,0.0526,2.0,1.0,30,25.80115379241405,60.0,1548.07,30.0,774.03,0.0252
SKU_3600,Low Revenue + Low Volatility,15301.34,0.052,2.0,1.0,46,46.83227244687141,92.0,4308.57,46.0,2154.28,0.0252
SKU_3601,Low Revenue + Low Volatility,15113.29,0.1122,2.0,1.0,24,18.961124564240542,48.0,910.13,24.0,455.07,0.0186
SKU_3602,Low Revenue + Low Volatility,8322.4,0.1162,2.0,1.0,32,43.2252006293122,64.0,2766.41,32.0,1383.21,0.0245
SKU_3603,Low Revenue + Low Volatility,5521.99,0.0811,2.0,1.0,23,49.06990453820596,46.0,2257.22,23.0,1128.61,0.0198
SKU_3604,Low Revenue + Low Volatility,11138.74,0.082,2.0,1.0,24,41.21467719659399,48.0,1978.3,24.0,989.15,0.0113
SKU_3605,Low Revenue + Low Volatility,9337.9,0.0839,2.0,1.0,19,14.86407773268571,38.0,564.83,19.0,282.42,0.0278
SKU_3606,Low Revenue + Low Volatility,17134.67,0.118,2.0,1.0,18,43.94573214079343,36.0,1582.05,18.0,791.02,0.0278
SKU_3607,Low Revenue + Low Volatility,17005.46,0.0558,2.0,1.0,48,42.825999040857106,96.0,4111.3,48.0,2055.65,0.0165
SKU_3608,Low Revenue + Low Volatility,11855.36,0.1429,2.0,1.0,14,28.31341941034717,28.0,792.78,14.0,396.39,0.0283
SKU_3609,Low Revenue + Low Volatility,14097.68,0.0723,2.0,1.0,34,74.51211197602055,68.0,5066.82,34.0,2533.41,0.0252
SKU_3610,Low Revenue + Low Volatility,14063.89,0.15,2.0,1.0,35,39.24546328887793,70.0,2747.18,35.0,1373.59,0.018
SKU_3611,Low Revenue + Low Volatility,17407.37,0.0672,2.0,1.0,17,70.48810573374695,34.0,2396.6,17.0,1198.3,0.0166
SKU_3612,Low Revenue + Low Volatility,11375.04,0.1272,2.0,1.0,31,17.67646807434093,62.0,1095.94,31.0,547.97,0.0295
SKU_3613,Low Revenue + Low Volatility,9131.7,0.0723,2.0,1.0,34,32.321409894432705,68.0,2197.86,34.0,1098.93,0.0243
SKU_3614,Low Revenue + Low Volatility,8975.52,0.0581,2.0,1.0,21,22.343159763762802,42.0,938.41,21.0,469.21,0.0176
SKU_3615,Low Revenue + Low Volatility,13042.88,0.1375,2.0,1.0,18,38.588755149373476,36.0,1389.2,18.0,694.6,0.0228
SKU_3616,Low Revenue + Low Volatility,11737.22,0.1359,2.0,1.0,19,17.814568101961502,38.0,676.95,19.0,338.48,0.0214
SKU_3617,Low Revenue + Low Volatility,11601.81,0.0904,2.0,1.0,19,40.87243640919343,38.0,1553.15,19.0,776.58,0.0205
SKU_3618,Low Revenue + Low Volatility,6367.06,0.1202,2.0,1.0,18,34.770952041376546,36.0,1251.75,18.0,625.88,0.0229
SKU_3619,Low Revenue + Low Volatility,15779.06,0.1057,2.0,1.0,35,25.632053309180364,70.0,1794.24,35.0,897.12,0.0208
SKU_3620,Low Revenue + Low Volatility,8206.05,0.1353,2.0,1.0,44,54.95255883652205,88.0,4835.83,44.0,2417.91,0.0231
SKU_3621,Low Revenue + Low Volatility,7954.3,0.0815,2.0,1.0,36,76.56380417034823,72.0,5512.59,36.0,2756.3,0.0282
SKU_3622,Low Revenue + Low Volatility,11191.37,0.1024,2.0,1.0,40,24.49794314847108,80.0,1959.84,40.0,979.92,0.0299
SKU_3623,Low Revenue + Low Volatility,8416.68,0.0985,2.0,1.0,28,59.82535879289153,56.0,3350.22,28.0,1675.11,0.0242
SKU_3624,Low Revenue + Low Volatility,13757.87,0.0854,2.0,1.0,47,61.966662247972,94.0,5824.87,47.0,2912.43,0.0286
SKU_3625,Low Revenue + Low Volatility,10571.95,0.1391,2.0,1.0,15,44.86843614981037,30.0,1346.05,15.0,673.03,0.0272
SKU_3626,Low Revenue + Low Volatility,11733.68,0.0666,2.0,1.0,24,72.83678422703969,48.0,3496.17,24.0,1748.08,0.0159
SKU_3627,Low Revenue + Low Volatility,13057.54,0.065,2.0,1.0,38,77.6473046245388,76.0,5901.2,38.0,2950.6,0.0287
SKU_3628,Low Revenue + Low Volatility,8053.03,0.1077,2.0,1.0,14,35.35725164376946,28.0,990.0,14.0,495.0,0.0114
SKU_3629,Low Revenue + Low Volatility,7336.27,0.1157,2.0,1.0,23,55.572330860223126,46.0,2556.33,23.0,1278.16,0.0166
SKU_3630,Low Revenue + Low Volatility,18206.33,0.0695,2.0,1.0,11,56.354883253007856,22.0,1239.81,11.0,619.9,0.0228
SKU_3631,Low Revenue + Low Volatility,11505.86,0.0891,2.0,1.0,32,38.254486837675316,64.0,2448.29,32.0,1224.14,0.0205
SKU_3632,Low Revenue + Low Volatility,11181.4,0.1447,2.0,1.0,28,32.17537521462299,56.0,1801.82,28.0,900.91,0.0208
SKU_3633,Low Revenue + Low Volatility,5534.18,0.0747,2.0,1.0,33,75.36209387594694,66.0,4973.9,33.0,2486.95,0.0259
SKU_3634,Low Revenue + Low Volatility,12469.64,0.1168,2.0,1.0,29,65.29870845188728,58.0,3787.33,29.0,1893.66,0.0139
SKU_3635,Low Revenue + Low Volatility,13312.55,0.124,2.0,1.0,36,18.01251961821809,72.0,1296.9,36.0,648.45,0.0296
SKU_3636,Low Revenue + Low Volatility,13382.61,0.0948,2.0,1.0,33,18.39188501094209,66.0,1213.86,33.0,606.93,0.0187
SKU_3637,Low Revenue + Low Volatility,15605.47,0.1438,2.0,1.0,26,74.57799381969787,52.0,3878.06,26.0,1939.03,0.029
SKU_3638,Low Revenue + Low Volatility,7662.23,0.1237,2.0,1.0,34,15.69868355188471,68.0,1067.51,34.0,533.76,0.0177
SKU_3639,Low Revenue + Low Volatility,8783.35,0.0958,2.0,1.0,40,58.18949423702161,80.0,4655.16,40.0,2327.58,0.022
SKU_3640,Low Revenue + Low Volatility,17160.96,0.1069,2.0,1.0,37,25.87307728610882,74.0,1914.61,37.0,957.3,0.019
SKU_3641,Low Revenue + Low Volatility,19207.56,0.1193,2.0,1.0,37,12.462973991913307,74.0,922.26,37.0,461.13,0.0235
SKU_3642,Low Revenue + Low Volatility,7038.99,0.1092,2.0,1.0,31,14.174628225606314,62.0,878.83,31.0,439.41,0.0137
SKU_3643,Low Revenue + Low Volatility,12464.74,0.1379,2.0,1.0,14,36.146547257569345,28.0,1012.1,14.0,506.05,0.018
SKU_3644,Low Revenue + Low Volatility,8212.64,0.0857,2.0,1.0,17,15.431191618255529,34.0,524.66,17.0,262.33,0.0114
SKU_3645,Low Revenue + Low Volatility,5901.1,0.08,2.0,1.0,47,51.76474399534178,94.0,4865.89,47.0,2432.94,0.022
SKU_3646,Low Revenue + Low Volatility,9882.55,0.0714,2.0,1.0,37,55.307815796185295,74.0,4092.78,37.0,2046.39,0.0293
SKU_3647,Low Revenue + Low Volatility,7155.31,0.0538,2.0,1.0,21,36.14280003881343,42.0,1518.0,21.0,759.0,0.0109
SKU_3648,Low Revenue + Low Volatility,15649.0,0.0543,2.0,1.0,34,62.00146530028455,68.0,4216.1,34.0,2108.05,0.0232
SKU_3649,Low Revenue + Low Volatility,13005.88,0.137,2.0,1.0,47,44.30297641187041,94.0,4164.48,47.0,2082.24,0.0255
SKU_3650,Low Revenue + Low Volatility,7157.52,0.1178,2.0,1.0,24,40.11599523814574,48.0,1925.57,24.0,962.78,0.0143
SKU_3651,Low Revenue + Low Volatility,5138.62,0.1161,2.0,1.0,43,38.48916621530876,86.0,3310.07,43.0,1655.03,0.0155
SKU_3652,Low Revenue + Low Volatility,17122.36,0.1115,2.0,1.0,22,40.17745411418761,44.0,1767.81,22.0,883.9,0.014
SKU_3653,Low Revenue + Low Volatility,7642.92,0.1349,2.0,1.0,17,77.7521354954093,34.0,2643.57,17.0,1321.79,0.0159
SKU_3654,Low Revenue + Low Volatility,14093.25,0.098,2.0,1.0,22,57.69849420269063,44.0,2538.73,22.0,1269.37,0.0122
SKU_3655,Low Revenue + Low Volatility,10053.83,0.137,2.0,1.0,45,32.064689301277,90.0,2885.82,45.0,1442.91,0.0174
SKU_3656,Low Revenue + Low Volatility,13782.29,0.0859,2.0,1.0,15,61.370190914389575,30.0,1841.11,15.0,920.55,0.0174
SKU_3657,Low Revenue + Low Volatility,9734.8,0.1427,2.0,1.0,47,33.11871718260412,94.0,3113.16,47.0,1556.58,0.0261
SKU_3658,Low Revenue + Low Volatility,6304.09,0.1199,2.0,1.0,41,18.800043544927334,82.0,1541.6,41.0,770.8,0.026
SKU_3659,Low Revenue + Low Volatility,8344.25,0.0757,2.0,1.0,30,43.27522502189544,60.0,2596.51,30.0,1298.26,0.0259
SKU_3660,Low Revenue + Low Volatility,7820.88,0.1064,2.0,1.0,16,62.57167013968898,32.0,2002.29,16.0,1001.15,0.0213
SKU_3661,Low Revenue + Low Volatility,11420.29,0.1033,2.0,1.0,35,36.43619376211248,70.0,2550.53,35.0,1275.27,0.0165
SKU_3662,Low Revenue + Low Volatility,14874.26,0.0638,2.0,1.0,24,70.842189943314,48.0,3400.43,24.0,1700.21,0.0182
SKU_3663,Low Revenue + Low Volatility,8957.09,0.1091,2.0,1.0,32,37.086689286143184,64.0,2373.55,32.0,1186.77,0.0164
SKU_3664,Low Revenue + Low Volatility,5181.05,0.0815,2.0,1.0,47,34.48873178547122,94.0,3241.94,47.0,1620.97,0.0216
SKU_3665,Low Revenue + Low Volatility,12784.06,0.0552,2.0,1.0,24,79.87707397042867,48.0,3834.1,24.0,1917.05,0.0288
SKU_3666,Low Revenue + Low Volatility,14086.39,0.1449,2.0,1.0,49,43.77304160930458,98.0,4289.76,49.0,2144.88,0.0157
SKU_3667,Low Revenue + Low Volatility,19443.06,0.1141,2.0,1.0,25,66.36548467994542,50.0,3318.27,25.0,1659.14,0.0192
SKU_3668,Low Revenue + Low Volatility,13842.06,0.1377,2.0,1.0,41,66.34916392419458,82.0,5440.63,41.0,2720.32,0.0231
SKU_3669,Low Revenue + Low Volatility,12067.59,0.1176,2.0,1.0,46,74.84585359694256,92.0,6885.82,46.0,3442.91,0.0269
SKU_3670,Low Revenue + Low Volatility,13601.02,0.0857,2.0,1.0,27,15.942653811521255,54.0,860.9,27.0,430.45,0.0151
SKU_3671,Low Revenue + Low Volatility,18918.51,0.1013,2.0,1.0,29,28.985419349878963,58.0,1681.15,29.0,840.58,0.0156
SKU_3672,Low Revenue + Low Volatility,17425.67,0.1176,2.0,1.0,11,63.742366408250376,22.0,1402.33,11.0,701.17,0.0277
SKU_3673,Low Revenue + Low Volatility,9844.68,0.146,2.0,1.0,32,49.382104467899545,64.0,3160.45,32.0,1580.23,0.0116
SKU_3674,Low Revenue + Low Volatility,8558.82,0.0754,2.0,1.0,39,49.173045964817376,78.0,3835.5,39.0,1917.75,0.0221
SKU_3675,Low Revenue + Low Volatility,8939.5,0.1375,2.0,1.0,12,21.635071130916856,24.0,519.24,12.0,259.62,0.0272
SKU_3676,Low Revenue + Low Volatility,12566.32,0.1424,2.0,1.0,48,29.680710987975086,96.0,2849.35,48.0,1424.67,0.0284
SKU_3677,Low Revenue + Low Volatility,16160.74,0.117,2.0,1.0,10,46.49338600017141,20.0,929.87,10.0,464.93,0.0103
SKU_3678,Low Revenue + Low Volatility,12548.29,0.1431,2.0,1.0,31,29.402695527223482,62.0,1822.97,31.0,911.48,0.0174
SKU_3679,Low Revenue + Low Volatility,6016.95,0.0898,2.0,1.0,38,24.719795488910055,76.0,1878.7,38.0,939.35,0.0151
SKU_3680,Low Revenue + Low Volatility,15853.71,0.1453,2.0,1.0,23,16.142923903899728,46.0,742.57,23.0,371.29,0.0214
SKU_3681,Low Revenue + Low Volatility,17089.55,0.1203,2.0,1.0,37,20.90082083463419,74.0,1546.66,37.0,773.33,0.0227
SKU_3682,Low Revenue + Low Volatility,9342.47,0.0542,2.0,1.0,30,63.82074337443811,60.0,3829.24,30.0,1914.62,0.03
SKU_3683,Low Revenue + Low Volatility,14961.89,0.1407,2.0,1.0,41,60.314542640930085,82.0,4945.79,41.0,2472.9,0.0203
SKU_3684,Low Revenue + Low Volatility,11398.88,0.0984,2.0,1.0,15,13.208357904409812,30.0,396.25,15.0,198.13,0.021
SKU_3685,Low Revenue + Low Volatility,18336.79,0.096,2.0,1.0,10,24.22988597408777,20.0,484.6,10.0,242.3,0.0183
SKU_3686,Low Revenue + Low Volatility,17678.38,0.1066,2.0,1.0,30,49.23187427129014,60.0,2953.91,30.0,1476.96,0.013
SKU_3687,Low Revenue + Low Volatility,12881.48,0.0649,2.0,1.0,13,32.583949096574116,26.0,847.18,13.0,423.59,0.0161
SKU_3688,Low Revenue + Low Volatility,15372.58,0.0969,2.0,1.0,12,67.62747218756714,24.0,1623.06,12.0,811.53,0.0149
SKU_3689,Low Revenue + Low Volatility,18250.25,0.1331,2.0,1.0,39,64.94925153635029,78.0,5066.04,39.0,2533.02,0.026
SKU_3690,Low Revenue + Low Volatility,12435.76,0.0515,2.0,1.0,40,72.41063905706767,80.0,5792.85,40.0,2896.43,0.0209
SKU_3691,Low Revenue + Low Volatility,9698.76,0.0773,2.0,1.0,43,49.40518620535811,86.0,4248.85,43.0,2124.42,0.0159
SKU_3692,Low Revenue + Low Volatility,16304.99,0.0502,2.0,1.0,28,34.645353586636894,56.0,1940.14,28.0,970.07,0.0198
SKU_3693,Low Revenue + Low Volatility,8300.99,0.0916,2.0,1.0,29,52.424528732944246,58.0,3040.62,29.0,1520.31,0.0144
SKU_3694,Low Revenue + Low Volatility,10827.97,0.1228,2.0,1.0,32,16.239567582182048,64.0,1039.33,32.0,519.67,0.0137
SKU_3695,Low Revenue + Low Volatility,17985.91,0.1299,2.0,1.0,49,10.671021241902732,98.0,1045.76,49.0,522.88,0.0272
SKU_3696,Low Revenue + Low Volatility,15866.34,0.1445,2.0,1.0,34,11.196546408424876,68.0,761.37,34.0,380.68,0.0289
SKU_3697,Low Revenue + Low Volatility,11057.17,0.1109,2.0,1.0,24,38.528005655395134,48.0,1849.34,24.0,924.67,0.0116
SKU_3698,Low Revenue + Low Volatility,8221.17,0.0755,2.0,1.0,47,25.96543158721443,94.0,2440.75,47.0,1220.38,0.0253
SKU_3699,Low Revenue + Low Volatility,10339.53,0.1424,2.0,1.0,32,21.01363940600334,64.0,1344.87,32.0,672.44,0.0191
SKU_3700,Low Revenue + Low Volatility,9261.56,0.1275,2.0,1.0,11,53.07282109327193,22.0,1167.6,11.0,583.8,0.0178
SKU_3701,Low Revenue + Low Volatility,7641.34,0.1074,2.0,1.0,24,79.65665298292268,48.0,3823.52,24.0,1911.76,0.0238
SKU_3702,Low Revenue + Low Volatility,16149.99,0.1196,2.0,1.0,44,22.442724253087547,88.0,1974.96,44.0,987.48,0.0153
SKU_3703,Low Revenue + Low Volatility,8781.05,0.1424,2.0,1.0,19,48.24949969497572,38.0,1833.48,19.0,916.74,0.0104
SKU_3704,Low Revenue + Low Volatility,11812.51,0.1212,2.0,1.0,23,18.380925979992565,46.0,845.52,23.0,422.76,0.0143
SKU_3705,Low Revenue + Low Volatility,10787.89,0.0868,2.0,1.0,36,75.39655087504973,72.0,5428.55,36.0,2714.28,0.0137
SKU_3706,Low Revenue + Low Volatility,19731.16,0.1213,2.0,1.0,23,30.422861799940954,46.0,1399.45,23.0,699.73,0.0107
SKU_3707,Low Revenue + Low Volatility,10866.38,0.054,2.0,1.0,44,71.48378740303649,88.0,6290.57,44.0,3145.29,0.0164
SKU_3708,Low Revenue + Low Volatility,6199.74,0.0886,2.0,1.0,42,29.81535074752638,84.0,2504.49,42.0,1252.24,0.0195
SKU_3709,Low Revenue + Low Volatility,6347.39,0.0906,2.0,1.0,10,66.42367361307036,20.0,1328.47,10.0,664.24,0.0247
SKU_3710,Low Revenue + Low Volatility,13861.31,0.0667,2.0,1.0,43,24.65669334120409,86.0,2120.48,43.0,1060.24,0.0165
SKU_3711,Low Revenue + Low Volatility,13990.45,0.0523,2.0,1.0,28,30.495260110741107,56.0,1707.73,28.0,853.87,0.0139
SKU_3712,Low Revenue + Low Volatility,11281.38,0.0633,2.0,1.0,33,23.473275578254377,66.0,1549.24,33.0,774.62,0.0146
SKU_3713,Low Revenue + Low Volatility,11477.66,0.1155,2.0,1.0,13,28.498191449475897,26.0,740.95,13.0,370.48,0.0278
SKU_3714,Low Revenue + Low Volatility,5808.99,0.1302,2.0,1.0,45,68.44060287333207,90.0,6159.65,45.0,3079.83,0.0141
SKU_3715,Low Revenue + Low Volatility,12748.2,0.1488,2.0,1.0,22,54.73227482826882,44.0,2408.22,22.0,1204.11,0.0276
SKU_3716,Low Revenue + Low Volatility,12571.09,0.0846,2.0,1.0,41,38.41157681860568,82.0,3149.75,41.0,1574.87,0.0189
SKU_3717,Low Revenue + Low Volatility,7243.24,0.1099,2.0,1.0,18,78.00647189575093,36.0,2808.23,18.0,1404.12,0.0287
SKU_3718,Low Revenue + Low Volatility,6557.59,0.1437,2.0,1.0,48,42.54030689907016,96.0,4083.87,48.0,2041.93,0.0182
SKU_3719,Low Revenue + Low Volatility,6853.59,0.0667,2.0,1.0,25,77.88319798811959,50.0,3894.16,25.0,1947.08,0.0136
SKU_3720,Low Revenue + Low Volatility,6515.42,0.1218,2.0,1.0,12,23.761084603760217,24.0,570.27,12.0,285.13,0.021
SKU_3721,Low Revenue + Low Volatility,14145.62,0.1255,2.0,1.0,29,73.32468989804646,58.0,4252.83,29.0,2126.42,0.0218
SKU_3722,Low Revenue + Low Volatility,7947.24,0.0589,2.0,1.0,19,10.967554286824628,38.0,416.77,19.0,208.38,0.0227
SKU_3723,Low Revenue + Low Volatility,8771.45,0.1361,2.0,1.0,31,48.17122416560302,62.0,2986.62,31.0,1493.31,0.0182
SKU_3724,Low Revenue + Low Volatility,7603.58,0.1313,2.0,1.0,12,39.61366760044103,24.0,950.73,12.0,475.36,0.011
SKU_3725,Low Revenue + Low Volatility,19367.53,0.0533,2.0,1.0,20,46.75614918303855,40.0,1870.25,20.0,935.12,0.0225
SKU_3726,Low Revenue + Low Volatility,17819.26,0.0591,2.0,1.0,34,48.74113823633893,68.0,3314.4,34.0,1657.2,0.0287
SKU_3727,Low Revenue + Low Volatility,8457.42,0.0549,2.0,1.0,17,37.23219478473976,34.0,1265.89,17.0,632.95,0.0292
SKU_3728,Low Revenue + Low Volatility,9913.49,0.0835,2.0,1.0,18,79.87384928202665,36.0,2875.46,18.0,1437.73,0.0219
SKU_3729,Low Revenue + Low Volatility,8148.39,0.1009,2.0,1.0,24,78.35550332104381,48.0,3761.06,24.0,1880.53,0.0104
SKU_3730,Low Revenue + Low Volatility,12378.14,0.1032,2.0,1.0,41,77.32217636932165,82.0,6340.42,41.0,3170.21,0.0121
SKU_3731,Low Revenue + Low Volatility,5294.16,0.0768,2.0,1.0,12,78.53595331636114,24.0,1884.86,12.0,942.43,0.0267
SKU_3732,Low Revenue + Low Volatility,15070.52,0.1412,2.0,1.0,13,65.51086791385791,26.0,1703.28,13.0,851.64,0.0266
SKU_3733,Low Revenue + Low Volatility,12847.37,0.0868,2.0,1.0,39,79.20133353184323,78.0,6177.7,39.0,3088.85,0.0289
SKU_3734,Low Revenue + Low Volatility,18479.58,0.0546,2.0,1.0,22,72.46521576925994,44.0,3188.47,22.0,1594.23,0.0213
SKU_3735,Low Revenue + Low Volatility,7465.89,0.08,2.0,1.0,30,39.115284592269475,60.0,2346.92,30.0,1173.46,0.0273
SKU_3736,Low Revenue + Low Volatility,17061.64,0.1031,2.0,1.0,28,64.93439758683854,56.0,3636.33,28.0,1818.16,0.0265
SKU_3737,Low Revenue + Low Volatility,16879.42,0.0908,2.0,1.0,48,73.8447491587938,96.0,7089.1,48.0,3544.55,0.0218
SKU_3738,Low Revenue + Low Volatility,6907.72,0.0774,2.0,1.0,31,59.88242515109648,62.0,3712.71,31.0,1856.36,0.0257
SKU_3739,Low Revenue + Low Volatility,10978.39,0.0631,2.0,1.0,29,39.594763839592275,58.0,2296.5,29.0,1148.25,0.0125
SKU_3740,Low Revenue + Low Volatility,7552.29,0.1319,2.0,1.0,46,14.605316941149766,92.0,1343.69,46.0,671.84,0.0228
SKU_3741,Low Revenue + Low Volatility,8820.81,0.1496,2.0,1.0,40,66.67878559424113,80.0,5334.3,40.0,2667.15,0.0291
SKU_3742,Low Revenue + Low Volatility,8948.69,0.083,2.0,1.0,19,76.69200111885293,38.0,2914.3,19.0,1457.15,0.0132
SKU_3743,Low Revenue + Low Volatility,13343.55,0.0882,2.0,1.0,27,35.372428216094846,54.0,1910.11,27.0,955.06,0.0249
SKU_3744,Low Revenue + Low Volatility,11171.16,0.1118,2.0,1.0,48,20.633423569225773,96.0,1980.81,48.0,990.4,0.0164
SKU_3745,Low Revenue + Low Volatility,19215.99,0.1218,2.0,1.0,29,32.855268762938906,58.0,1905.61,29.0,952.8,0.0263
SKU_3746,Low Revenue + Low Volatility,6895.55,0.0892,2.0,1.0,27,50.78356507247724,54.0,2742.31,27.0,1371.16,0.0239
SKU_3747,Low Revenue + Low Volatility,19605.38,0.1405,2.0,1.0,20,32.185030229756535,40.0,1287.4,20.0,643.7,0.0285
SKU_3748,Low Revenue + Low Volatility,8459.58,0.106,2.0,1.0,31,52.743311113744774,62.0,3270.09,31.0,1635.04,0.0242
SKU_3749,Low Revenue + Low Volatility,16593.11,0.095,2.0,1.0,27,77.67965625712414,54.0,4194.7,27.0,2097.35,0.0182
SKU_3750,Low Revenue + Low Volatility,10084.55,0.1147,2.0,1.0,43,56.95141453153778,86.0,4897.82,43.0,2448.91,0.0102
SKU_3751,Low Revenue + Low Volatility,7146.22,0.1453,2.0,1.0,32,35.38615563999352,64.0,2264.71,32.0,1132.36,0.0259
SKU_3752,Low Revenue + Low Volatility,17868.34,0.1295,2.0,1.0,10,75.50270800300744,20.0,1510.05,10.0,755.03,0.0182
SKU_3753,Low Revenue + Low Volatility,9632.91,0.054,2.0,1.0,19,49.59446880908007,38.0,1884.59,19.0,942.29,0.0234
SKU_3754,Low Revenue + Low Volatility,14882.83,0.0832,2.0,1.0,10,18.986067897279668,20.0,379.72,10.0,189.86,0.0121
SKU_3755,Low Revenue + Low Volatility,13496.66,0.0971,2.0,1.0,47,44.928670363563306,94.0,4223.3,47.0,2111.65,0.0278
SKU_3756,Low Revenue + Low Volatility,12076.34,0.0815,2.0,1.0,48,55.754551143703495,96.0,5352.44,48.0,2676.22,0.0187
SKU_3757,Low Revenue + Low Volatility,12437.29,0.12,2.0,1.0,18,68.6778056071717,36.0,2472.4,18.0,1236.2,0.0284
SKU_3758,Low Revenue + Low Volatility,15983.57,0.1326,2.0,1.0,40,75.55337506953532,80.0,6044.27,40.0,3022.14,0.0241
SKU_3759,Low Revenue + Low Volatility,6316.59,0.1231,2.0,1.0,16,32.219129360146965,32.0,1031.01,16.0,515.51,0.0124
SKU_3760,Low Revenue + Low Volatility,15022.71,0.1489,2.0,1.0,26,20.885865485532577,52.0,1086.07,26.0,543.03,0.0216
SKU_3761,Low Revenue + Low Volatility,18437.18,0.0773,2.0,1.0,44,15.168004953571769,88.0,1334.78,44.0,667.39,0.0282
SKU_3762,Low Revenue + Low Volatility,5866.82,0.1375,2.0,1.0,46,61.6848221895798,92.0,5675.0,46.0,2837.5,0.026
SKU_3763,Low Revenue + Low Volatility,7109.8,0.1267,2.0,1.0,27,65.66107769008023,54.0,3545.7,27.0,1772.85,0.0184
SKU_3764,Low Revenue + Low Volatility,15749.48,0.0862,2.0,1.0,42,38.656118884971676,84.0,3247.11,42.0,1623.56,0.0291
SKU_3765,Low Revenue + Low Volatility,11559.22,0.1234,2.0,1.0,13,37.71477850215403,26.0,980.58,13.0,490.29,0.0154
SKU_3766,Low Revenue + Low Volatility,11053.23,0.0604,2.0,1.0,32,76.79659221582423,64.0,4914.98,32.0,2457.49,0.0175
SKU_3767,Low Revenue + Low Volatility,7054.5,0.1289,2.0,1.0,20,74.16769275562292,40.0,2966.71,20.0,1483.35,0.025
SKU_3768,Low Revenue + Low Volatility,12601.55,0.1032,2.0,1.0,18,26.328613134193024,36.0,947.83,18.0,473.92,0.0147
SKU_3769,Low Revenue + Low Volatility,6898.18,0.0792,2.0,1.0,39,64.6565353424865,78.0,5043.21,39.0,2521.6,0.0203
SKU_3770,Low Revenue + Low Volatility,12149.31,0.1156,2.0,1.0,17,53.5890277363058,34.0,1822.03,17.0,911.01,0.0246
SKU_3771,Low Revenue + Low Volatility,16454.23,0.1142,2.0,1.0,49,20.795591738374796,98.0,2037.97,49.0,1018.98,0.0229
SKU_3772,Low Revenue + Low Volatility,8873.97,0.0709,2.0,1.0,14,34.97397329605923,28.0,979.27,14.0,489.64,0.0131
SKU_3773,Low Revenue + Low Volatility,12211.79,0.053,2.0,1.0,21,22.423105891523775,42.0,941.77,21.0,470.89,0.0226
SKU_3774,Low Revenue + Low Volatility,19880.24,0.0934,2.0,1.0,10,30.660922717528702,20.0,613.22,10.0,306.61,0.0215
SKU_3775,Low Revenue + Low Volatility,15299.76,0.107,2.0,1.0,24,53.07108230413461,48.0,2547.41,24.0,1273.71,0.0212
SKU_3776,Low Revenue + Low Volatility,17620.35,0.1377,2.0,1.0,34,36.26858297304078,68.0,2466.26,34.0,1233.13,0.0265
SKU_3777,Low Revenue + Low Volatility,11222.71,0.1428,2.0,1.0,27,37.58416638851,54.0,2029.54,27.0,1014.77,0.0137
SKU_3778,Low Revenue + Low Volatility,16517.91,0.1029,2.0,1.0,47,47.775310483203285,94.0,4490.88,47.0,2245.44,0.025
SKU_3779,Low Revenue + Low Volatility,5607.64,0.1254,2.0,1.0,35,16.105689718920594,70.0,1127.4,35.0,563.7,0.0252
SKU_3780,Low Revenue + Low Volatility,6843.67,0.0939,2.0,1.0,49,61.715810289459036,98.0,6048.15,49.0,3024.07,0.0245
SKU_3781,Low Revenue + Low Volatility,8046.06,0.1246,2.0,1.0,12,38.1196673389338,24.0,914.87,12.0,457.44,0.0201
SKU_3782,Low Revenue + Low Volatility,11029.28,0.0705,2.0,1.0,31,43.62779617416241,62.0,2704.92,31.0,1352.46,0.0179
SKU_3783,Low Revenue + Low Volatility,17686.17,0.0871,2.0,1.0,35,78.20098101982421,70.0,5474.07,35.0,2737.03,0.0179
SKU_3784,Low Revenue + Low Volatility,10193.99,0.1134,2.0,1.0,28,34.10568218227778,56.0,1909.92,28.0,954.96,0.0247
SKU_3785,Low Revenue + Low Volatility,14819.32,0.0518,2.0,1.0,48,55.37532551817478,96.0,5316.03,48.0,2658.02,0.02
SKU_3786,Low Revenue + Low Volatility,15639.71,0.1222,2.0,1.0,45,37.47530221070675,90.0,3372.78,45.0,1686.39,0.0168
SKU_3787,Low Revenue + Low Volatility,13792.74,0.1336,2.0,1.0,30,72.59979030785746,60.0,4355.99,30.0,2177.99,0.0225
SKU_3788,Low Revenue + Low Volatility,10358.63,0.0899,2.0,1.0,35,69.27293868965276,70.0,4849.11,35.0,2424.55,0.0267
SKU_3789,Low Revenue + Low Volatility,13655.8,0.0948,2.0,1.0,22,26.913699023366902,44.0,1184.2,22.0,592.1,0.0112
SKU_3790,Low Revenue + Low Volatility,10133.98,0.1351,2.0,1.0,45,58.42219988276304,90.0,5258.0,45.0,2629.0,0.0294
SKU_3791,Low Revenue + Low Volatility,6258.11,0.1276,2.0,1.0,33,14.562039712804491,66.0,961.09,33.0,480.55,0.0119
SKU_3792,Low Revenue + Low Volatility,19892.06,0.0788,2.0,1.0,35,77.4229772670923,70.0,5419.61,35.0,2709.8,0.0202
SKU_3793,Low Revenue + Low Volatility,6907.74,0.0824,2.0,1.0,30,34.42930756099103,60.0,2065.76,30.0,1032.88,0.0212
SKU_3794,Low Revenue + Low Volatility,6085.23,0.1179,2.0,1.0,27,68.22899408093369,54.0,3684.37,27.0,1842.18,0.0128
SKU_3795,Low Revenue + Low Volatility,18177.96,0.1063,2.0,1.0,24,32.2901956254117,48.0,1549.93,24.0,774.96,0.0283
SKU_3796,Low Revenue + Low Volatility,9527.52,0.0662,2.0,1.0,24,54.29395188378104,48.0,2606.11,24.0,1303.05,0.0194
SKU_3797,Low Revenue + Low Volatility,14754.45,0.081,2.0,1.0,15,78.85135543890323,30.0,2365.54,15.0,1182.77,0.0129
SKU_3798,Low Revenue + Low Volatility,9935.09,0.14,2.0,1.0,40,71.37249041921412,80.0,5709.8,40.0,2854.9,0.0242
SKU_3799,Low Revenue + Low Volatility,10871.81,0.1188,2.0,1.0,37,21.22561369334352,74.0,1570.7,37.0,785.35,0.0233
SKU_3800,Low Revenue + Low Volatility,8931.69,0.1486,2.0,1.0,17,48.32419032046299,34.0,1643.02,17.0,821.51,0.0293
SKU_3801,Low Revenue + Low Volatility,10145.66,0.1267,2.0,1.0,38,34.39722474802831,76.0,2614.19,38.0,1307.09,0.0188
SKU_3802,Low Revenue + Low Volatility,11160.51,0.1442,2.0,1.0,30,40.403719615380425,60.0,2424.22,30.0,1212.11,0.0154
SKU_3803,Low Revenue + Low Volatility,15806.24,0.0716,2.0,1.0,26,33.4628190453138,52.0,1740.07,26.0,870.03,0.0112
SKU_3804,Low Revenue + Low Volatility,12673.04,0.1271,2.0,1.0,33,33.517147373685916,66.0,2212.13,33.0,1106.07,0.0247
SKU_3805,Low Revenue + Low Volatility,19153.48,0.052,2.0,1.0,45,47.9787270643628,90.0,4318.09,45.0,2159.04,0.0223
SKU_3806,Low Revenue + Low Volatility,5628.21,0.1171,2.0,1.0,40,23.43748063862068,80.0,1875.0,40.0,937.5,0.0295
SKU_3807,Low Revenue + Low Volatility,12546.02,0.0969,2.0,1.0,43,47.61767976633553,86.0,4095.12,43.0,2047.56,0.0242
SKU_3808,Low Revenue + Low Volatility,13763.37,0.0847,2.0,1.0,11,29.527580603881063,22.0,649.61,11.0,324.8,0.0287
SKU_3809,Low Revenue + Low Volatility,18802.95,0.1362,2.0,1.0,12,30.228803296925975,24.0,725.49,12.0,362.75,0.0298
SKU_3810,Low Revenue + Low Volatility,5737.38,0.1354,2.0,1.0,39,61.712362032493594,78.0,4813.56,39.0,2406.78,0.0186
SKU_3811,Low Revenue + Low Volatility,13602.49,0.0522,2.0,1.0,17,12.071552249195506,34.0,410.43,17.0,205.22,0.013
SKU_3812,Low Revenue + Low Volatility,17804.45,0.111,2.0,1.0,16,36.6662033871665,32.0,1173.32,16.0,586.66,0.0139
SKU_3813,Low Revenue + Low Volatility,8628.92,0.0868,2.0,1.0,21,38.52740661075515,42.0,1618.15,21.0,809.08,0.0164
SKU_3814,Low Revenue + Low Volatility,18144.39,0.0916,2.0,1.0,28,43.95770978027209,56.0,2461.63,28.0,1230.82,0.0202
SKU_3815,Low Revenue + Low Volatility,5285.65,0.1332,2.0,1.0,35,56.830771731067706,70.0,3978.15,35.0,1989.08,0.0124
SKU_3816,Low Revenue + Low Volatility,15986.82,0.081,2.0,1.0,37,35.87807479159606,74.0,2654.98,37.0,1327.49,0.016
SKU_3817,Low Revenue + Low Volatility,18996.7,0.1443,2.0,1.0,24,24.91959730145185,48.0,1196.14,24.0,598.07,0.0162
SKU_3818,Low Revenue + Low Volatility,14857.96,0.068,2.0,1.0,23,71.9410988382416,46.0,3309.29,23.0,1654.65,0.0101
SKU_3819,Low Revenue + Low Volatility,11585.44,0.1163,2.0,1.0,23,78.67270386768483,46.0,3618.94,23.0,1809.47,0.0171
SKU_3820,Low Revenue + Low Volatility,5673.22,0.1172,2.0,1.0,12,11.401028522105296,24.0,273.62,12.0,136.81,0.0123
SKU_3821,Low Revenue + Low Volatility,18801.71,0.0752,2.0,1.0,38,48.252679570048855,76.0,3667.2,38.0,1833.6,0.0186
SKU_3822,Low Revenue + Low Volatility,12054.44,0.0825,2.0,1.0,15,33.919166537643875,30.0,1017.57,15.0,508.79,0.0139
SKU_3823,Low Revenue + Low Volatility,5434.95,0.1335,2.0,1.0,32,29.389270277104647,64.0,1880.91,32.0,940.46,0.0264
SKU_3824,Low Revenue + Low Volatility,15347.32,0.1262,2.0,1.0,37,33.49944736089549,74.0,2478.96,37.0,1239.48,0.0116
SKU_3825,Low Revenue + Low Volatility,12227.56,0.0829,2.0,1.0,23,54.72144294983404,46.0,2517.19,23.0,1258.59,0.0273
SKU_3826,Low Revenue + Low Volatility,6865.18,0.1034,2.0,1.0,23,23.35012071608564,46.0,1074.11,23.0,537.05,0.0216
SKU_3827,Low Revenue + Low Volatility,8214.08,0.0562,2.0,1.0,29,73.90024981605652,58.0,4286.21,29.0,2143.11,0.0192
SKU_3828,Low Revenue + Low Volatility,5967.36,0.0709,2.0,1.0,22,42.628016745763304,44.0,1875.63,22.0,937.82,0.021
SKU_3829,Low Revenue + Low Volatility,13614.4,0.0986,2.0,1.0,36,32.79037832045299,72.0,2360.91,36.0,1180.45,0.0175
SKU_3830,Low Revenue + Low Volatility,14330.44,0.0586,2.0,1.0,44,63.58719320833193,88.0,5595.67,44.0,2797.84,0.0126
SKU_3831,Low Revenue + Low Volatility,12586.13,0.1343,2.0,1.0,11,11.144266566533487,22.0,245.17,11.0,122.59,0.0253
SKU_3832,Low Revenue + Low Volatility,17256.53,0.1218,2.0,1.0,49,40.22970060166258,98.0,3942.51,49.0,1971.26,0.0286
SKU_3833,Low Revenue + Low Volatility,17915.13,0.1444,2.0,1.0,33,34.87125207008609,66.0,2301.5,33.0,1150.75,0.029
SKU_3834,Low Revenue + Low Volatility,14234.37,0.1193,2.0,1.0,38,33.674693699281406,76.0,2559.28,38.0,1279.64,0.0234
SKU_3835,Low Revenue + Low Volatility,5191.35,0.144,2.0,1.0,12,33.59499534634082,24.0,806.28,12.0,403.14,0.0182
SKU_3836,Low Revenue + Low Volatility,15428.44,0.1055,2.0,1.0,13,12.188996442308717,26.0,316.91,13.0,158.46,0.0196
SKU_3837,Low Revenue + Low Volatility,11269.99,0.11,2.0,1.0,11,20.648148210618785,22.0,454.26,11.0,227.13,0.0231
SKU_3838,Low Revenue + Low Volatility,13483.36,0.1477,2.0,1.0,29,19.93196115186901,58.0,1156.05,29.0,578.03,0.0265
SKU_3839,Low Revenue + Low Volatility,14736.21,0.1142,2.0,1.0,24,79.20273533736655,48.0,3801.73,24.0,1900.87,0.0175
SKU_3840,Low Revenue + Low Volatility,10253.55,0.0531,2.0,1.0,41,11.551602912342823,82.0,947.23,41.0,473.62,0.0283
SKU_3841,Low Revenue + Low Volatility,18756.48,0.1224,2.0,1.0,10,21.695155944639875,20.0,433.9,10.0,216.95,0.0165
SKU_3842,Low Revenue + Low Volatility,7009.62,0.1405,2.0,1.0,47,78.19221560610877,94.0,7350.07,47.0,3675.03,0.0206
SKU_3843,Low Revenue + Low Volatility,15072.68,0.1296,2.0,1.0,44,53.9779615667003,88.0,4750.06,44.0,2375.03,0.0292
SKU_3844,Low Revenue + Low Volatility,5065.39,0.1084,2.0,1.0,16,41.5466984424712,32.0,1329.49,16.0,664.75,0.0288
SKU_3845,Low Revenue + Low Volatility,18869.77,0.1171,2.0,1.0,22,15.513265313245892,44.0,682.58,22.0,341.29,0.0239
SKU_3846,Low Revenue + Low Volatility,6687.56,0.149,2.0,1.0,10,56.876281314301366,20.0,1137.53,10.0,568.76,0.0165
SKU_3847,Low Revenue + Low Volatility,6423.26,0.0591,2.0,1.0,23,19.64620913768875,46.0,903.73,23.0,451.86,0.0144
SKU_3848,Low Revenue + Low Volatility,9995.11,0.1167,2.0,1.0,38,56.98302855114271,76.0,4330.71,38.0,2165.36,0.0116
SKU_3849,Low Revenue + Low Volatility,10603.49,0.0783,2.0,1.0,12,78.54235480400409,24.0,1885.02,12.0,942.51,0.0242
SKU_3850,Low Revenue + Low Volatility,8214.5,0.114,2.0,1.0,33,47.238086103186696,66.0,3117.71,33.0,1558.86,0.0201
SKU_3851,Low Revenue + Low Volatility,13776.82,0.1108,2.0,1.0,10,24.985925815186256,20.0,499.72,10.0,249.86,0.0214
SKU_3852,Low Revenue + Low Volatility,11643.71,0.0653,2.0,1.0,19,53.76986256157188,38.0,2043.25,19.0,1021.63,0.0194
SKU_3853,Low Revenue + Low Volatility,5512.63,0.0707,2.0,1.0,22,45.9050781453898,44.0,2019.82,22.0,1009.91,0.0197
SKU_3854,Low Revenue + Low Volatility,9794.78,0.1122,2.0,1.0,45,47.319818452745224,90.0,4258.78,45.0,2129.39,0.0214
SKU_3855,Low Revenue + Low Volatility,17156.49,0.0628,2.0,1.0,18,43.46748622839978,36.0,1564.83,18.0,782.41,0.0283
SKU_3856,Low Revenue + Low Volatility,15345.52,0.0765,2.0,1.0,23,57.16184019704891,46.0,2629.44,23.0,1314.72,0.0106
SKU_3857,Low Revenue + Low Volatility,15873.06,0.1335,2.0,1.0,45,50.03617536849014,90.0,4503.26,45.0,2251.63,0.026
SKU_3858,Low Revenue + Low Volatility,15471.75,0.0827,2.0,1.0,19,79.0896554218061,38.0,3005.41,19.0,1502.7,0.0178
SKU_3859,Low Revenue + Low Volatility,9664.6,0.0988,2.0,1.0,49,67.81043947296232,98.0,6645.42,49.0,3322.71,0.0249
SKU_3860,Low Revenue + Low Volatility,6494.96,0.1441,2.0,1.0,32,28.52888643977046,64.0,1825.85,32.0,912.92,0.029
SKU_3861,Low Revenue + Low Volatility,9087.01,0.0727,2.0,1.0,44,60.80295653334815,88.0,5350.66,44.0,2675.33,0.0161
SKU_3862,Low Revenue + Low Volatility,17476.78,0.089,2.0,1.0,16,25.001024456931418,32.0,800.03,16.0,400.02,0.0118
SKU_3863,Low Revenue + Low Volatility,19707.06,0.1106,2.0,1.0,44,64.76424856569739,88.0,5699.25,44.0,2849.63,0.0146
SKU_3864,Low Revenue + Low Volatility,12407.71,0.1255,2.0,1.0,11,20.32903479841395,22.0,447.24,11.0,223.62,0.0144
SKU_3865,Low Revenue + Low Volatility,5145.51,0.1402,2.0,1.0,24,43.14876834830667,48.0,2071.14,24.0,1035.57,0.0248
SKU_3866,Low Revenue + Low Volatility,7100.67,0.1415,2.0,1.0,18,65.34243388142522,36.0,2352.33,18.0,1176.16,0.0112
SKU_3867,Low Revenue + Low Volatility,9831.21,0.1277,2.0,1.0,26,29.607889161459575,52.0,1539.61,26.0,769.81,0.011
SKU_3868,Low Revenue + Low Volatility,13678.78,0.0728,2.0,1.0,48,68.59833875921642,96.0,6585.44,48.0,3292.72,0.0239
SKU_3869,Low Revenue + Low Volatility,6126.4,0.0525,2.0,1.0,27,55.090549632378035,54.0,2974.89,27.0,1487.44,0.0211
SKU_3870,Low Revenue + Low Volatility,19150.36,0.0884,2.0,1.0,24,37.82656303750511,48.0,1815.68,24.0,907.84,0.0184
SKU_3871,Low Revenue + Low Volatility,10476.26,0.0642,2.0,1.0,27,39.63916965143903,54.0,2140.52,27.0,1070.26,0.0215
SKU_3872,Low Revenue + Low Volatility,18688.76,0.121,2.0,1.0,33,74.81940737438987,66.0,4938.08,33.0,2469.04,0.0247
SKU_3873,Low Revenue + Low Volatility,16707.83,0.1161,2.0,1.0,32,25.24537000086655,64.0,1615.7,32.0,807.85,0.0121
SKU_3874,Low Revenue + Low Volatility,16331.56,0.0544,2.0,1.0,21,58.53538306222971,42.0,2458.49,21.0,1229.24,0.0211
SKU_3875,Low Revenue + Low Volatility,14100.79,0.1337,2.0,1.0,32,59.51059440190748,64.0,3808.68,32.0,1904.34,0.0265
SKU_3876,Low Revenue + Low Volatility,14401.76,0.0749,2.0,1.0,30,74.57147852285456,60.0,4474.29,30.0,2237.14,0.0172
SKU_3877,Low Revenue + Low Volatility,14570.05,0.0932,2.0,1.0,35,59.92149881301384,70.0,4194.5,35.0,2097.25,0.0253
SKU_3878,Low Revenue + Low Volatility,14430.82,0.1168,2.0,1.0,17,50.91271926408625,34.0,1731.03,17.0,865.52,0.0269
SKU_3879,Low Revenue + Low Volatility,13305.92,0.0929,2.0,1.0,39,73.1765777311405,78.0,5707.77,39.0,2853.89,0.0264
SKU_3880,Low Revenue + Low Volatility,19796.21,0.0941,2.0,1.0,43,68.03924207538786,86.0,5851.37,43.0,2925.69,0.023
SKU_3881,Low Revenue + Low Volatility,15984.36,0.0566,2.0,1.0,11,60.174351838395836,22.0,1323.84,11.0,661.92,0.0243
SKU_3882,Low Revenue + Low Volatility,16654.2,0.0901,2.0,1.0,14,12.280486767452214,28.0,343.85,14.0,171.93,0.0258
SKU_3883,Low Revenue + Low Volatility,18086.94,0.1265,2.0,1.0,40,36.1464292768253,80.0,2891.71,40.0,1445.86,0.0247
SKU_3884,Low Revenue + Low Volatility,8234.6,0.1415,2.0,1.0,42,54.2322770541298,84.0,4555.51,42.0,2277.76,0.019
SKU_3885,Low Revenue + Low Volatility,6257.06,0.0913,2.0,1.0,13,46.55753670497355,26.0,1210.5,13.0,605.25,0.0132
SKU_3886,Low Revenue + Low Volatility,12243.42,0.0924,2.0,1.0,15,32.35228285484907,30.0,970.57,15.0,485.28,0.0162
SKU_3887,Low Revenue + Low Volatility,12711.21,0.1203,2.0,1.0,32,20.109674085684354,64.0,1287.02,32.0,643.51,0.0141
SKU_3888,Low Revenue + Low Volatility,17437.73,0.1443,2.0,1.0,28,48.709760788224514,56.0,2727.75,28.0,1363.87,0.0172
SKU_3889,Low Revenue + Low Volatility,11656.75,0.0767,2.0,1.0,17,30.01423031035491,34.0,1020.48,17.0,510.24,0.0198
SKU_3890,Low Revenue + Low Volatility,13562.8,0.094,2.0,1.0,48,26.310034286629744,96.0,2525.76,48.0,1262.88,0.0292
SKU_3891,Low Revenue + Low Volatility,12906.06,0.1296,2.0,1.0,22,37.92707589384535,44.0,1668.79,22.0,834.4,0.0292
SKU_3892,Low Revenue + Low Volatility,5573.04,0.111,2.0,1.0,10,64.9844003249988,20.0,1299.69,10.0,649.84,0.0254
SKU_3893,Low Revenue + Low Volatility,14228.22,0.0611,2.0,1.0,15,44.14974516564185,30.0,1324.49,15.0,662.25,0.0296
SKU_3894,Low Revenue + Low Volatility,17420.65,0.1128,2.0,1.0,16,25.1544547349069,32.0,804.94,16.0,402.47,0.03
SKU_3895,Low Revenue + Low Volatility,7362.51,0.0687,2.0,1.0,36,18.183219959603388,72.0,1309.19,36.0,654.6,0.0277
SKU_3896,Low Revenue + Low Volatility,13914.98,0.101,2.0,1.0,24,44.929108464235995,48.0,2156.6,24.0,1078.3,0.0116
SKU_3897,Low Revenue + Low Volatility,13904.16,0.1029,2.0,1.0,43,65.60564788955642,86.0,5642.09,43.0,2821.04,0.0185
SKU_3898,Low Revenue + Low Volatility,7462.77,0.1376,2.0,1.0,32,55.697261655775826,64.0,3564.62,32.0,1782.31,0.0207
SKU_3899,Low Revenue + Low Volatility,6851.95,0.0962,2.0,1.0,33,26.250421610027473,66.0,1732.53,33.0,866.26,0.0125
SKU_3900,Low Revenue + Low Volatility,19700.78,0.0779,2.0,1.0,24,40.56946099826446,48.0,1947.33,24.0,973.67,0.0262
SKU_3901,Low Revenue + Low Volatility,10905.79,0.0731,2.0,1.0,44,69.86612543408481,88.0,6148.22,44.0,3074.11,0.013
SKU_3902,Low Revenue + Low Volatility,8411.33,0.1374,2.0,1.0,13,22.435913549698725,26.0,583.33,13.0,291.67,0.0177
SKU_3903,Low Revenue + Low Volatility,7569.87,0.0671,2.0,1.0,46,47.24563994780279,92.0,4346.6,46.0,2173.3,0.0114
SKU_3904,Low Revenue + Low Volatility,15014.03,0.0926,2.0,1.0,26,34.936205613258906,52.0,1816.68,26.0,908.34,0.0205
SKU_3905,Low Revenue + Low Volatility,14141.68,0.0687,2.0,1.0,40,18.692582838066357,80.0,1495.41,40.0,747.7,0.0219
SKU_3906,Low Revenue + Low Volatility,14653.28,0.1273,2.0,1.0,47,13.493274463762877,94.0,1268.37,47.0,634.18,0.0247
SKU_3907,Low Revenue + Low Volatility,6320.09,0.0974,2.0,1.0,19,48.910996925205666,38.0,1858.62,19.0,929.31,0.0168
SKU_3908,Low Revenue + Low Volatility,18403.02,0.0851,2.0,1.0,36,11.452421161826525,72.0,824.57,36.0,412.29,0.0218
SKU_3909,Low Revenue + Low Volatility,10839.0,0.0861,2.0,1.0,15,17.241228168505444,30.0,517.24,15.0,258.62,0.0247
SKU_3910,Low Revenue + Low Volatility,9700.54,0.1352,2.0,1.0,15,34.329499681321884,30.0,1029.88,15.0,514.94,0.0252
SKU_3911,Low Revenue + Low Volatility,11935.42,0.1054,2.0,1.0,24,13.046412974903392,48.0,626.23,24.0,313.11,0.016
SKU_3912,Low Revenue + Low Volatility,10850.99,0.1218,2.0,1.0,13,38.03116585163194,26.0,988.81,13.0,494.41,0.0114
SKU_3913,Low Revenue + Low Volatility,17953.66,0.1397,2.0,1.0,49,19.12555169238237,98.0,1874.3,49.0,937.15,0.0108
SKU_3914,Low Revenue + Low Volatility,18938.91,0.1402,2.0,1.0,16,34.491116349010774,32.0,1103.72,16.0,551.86,0.0254
SKU_3915,Low Revenue + Low Volatility,9551.8,0.0829,2.0,1.0,35,65.38117809630478,70.0,4576.68,35.0,2288.34,0.0177
SKU_3916,Low Revenue + Low Volatility,17959.04,0.1452,2.0,1.0,40,53.84550411336606,80.0,4307.64,40.0,2153.82,0.0127
SKU_3917,Low Revenue + Low Volatility,16722.85,0.0525,2.0,1.0,11,41.17807544512564,22.0,905.92,11.0,452.96,0.0137
SKU_3918,Low Revenue + Low Volatility,18962.12,0.0877,2.0,1.0,37,16.42833154986123,74.0,1215.7,37.0,607.85,0.0253
SKU_3919,Low Revenue + Low Volatility,8686.25,0.1396,2.0,1.0,22,53.340476152031314,44.0,2346.98,22.0,1173.49,0.022
SKU_3920,Low Revenue + Low Volatility,13654.39,0.0775,2.0,1.0,27,21.459675675633523,54.0,1158.82,27.0,579.41,0.02
SKU_3921,Low Revenue + Low Volatility,9118.17,0.0773,2.0,1.0,39,15.361044070313042,78.0,1198.16,39.0,599.08,0.0225
SKU_3922,Low Revenue + Low Volatility,17361.42,0.0803,2.0,1.0,20,56.47972122217254,40.0,2259.19,20.0,1129.59,0.0127
SKU_3923,Low Revenue + Low Volatility,5079.86,0.1112,2.0,1.0,22,73.84419284747052,44.0,3249.14,22.0,1624.57,0.0164
SKU_3924,Low Revenue + Low Volatility,13472.29,0.0938,2.0,1.0,33,42.24154057393656,66.0,2787.94,33.0,1393.97,0.0175
SKU_3925,Low Revenue + Low Volatility,10088.05,0.1227,2.0,1.0,38,12.869713742567981,76.0,978.1,38.0,489.05,0.0163
SKU_3926,Low Revenue + Low Volatility,9840.26,0.1395,2.0,1.0,14,71.62084021929786,28.0,2005.38,14.0,1002.69,0.0273
SKU_3927,Low Revenue + Low Volatility,14673.59,0.1174,2.0,1.0,44,14.688163628650186,88.0,1292.56,44.0,646.28,0.0216
SKU_3928,Low Revenue + Low Volatility,17772.27,0.0704,2.0,1.0,28,70.7259269891111,56.0,3960.65,28.0,1980.33,0.0246
SKU_3929,Low Revenue + Low Volatility,14137.93,0.1433,2.0,1.0,22,37.42735612560517,44.0,1646.8,22.0,823.4,0.0147
SKU_3930,Low Revenue + Low Volatility,17797.59,0.0764,2.0,1.0,14,35.577617703616276,28.0,996.17,14.0,498.09,0.0153
SKU_3931,Low Revenue + Low Volatility,8968.96,0.065,2.0,1.0,23,47.99581656195163,46.0,2207.81,23.0,1103.9,0.0145
SKU_3932,Low Revenue + Low Volatility,12792.53,0.059,2.0,1.0,47,76.99593722109532,94.0,7237.62,47.0,3618.81,0.0238
SKU_3933,Low Revenue + Low Volatility,11758.05,0.1063,2.0,1.0,31,72.91183815601848,62.0,4520.53,31.0,2260.27,0.017
SKU_3934,Low Revenue + Low Volatility,5174.67,0.0614,2.0,1.0,18,42.9231061813337,36.0,1545.23,18.0,772.62,0.0181
SKU_3935,Low Revenue + Low Volatility,13352.18,0.0639,2.0,1.0,49,58.70762617166729,98.0,5753.35,49.0,2876.67,0.0242
SKU_3936,Low Revenue + Low Volatility,14922.86,0.08,2.0,1.0,35,50.63004766403886,70.0,3544.1,35.0,1772.05,0.0294
SKU_3937,Low Revenue + Low Volatility,13878.72,0.0782,2.0,1.0,14,58.542310534421716,28.0,1639.18,14.0,819.59,0.0132
SKU_3938,Low Revenue + Low Volatility,16044.2,0.1104,2.0,1.0,38,68.0529222043468,76.0,5172.02,38.0,2586.01,0.0113
SKU_3939,Low Revenue + Low Volatility,13570.09,0.1317,2.0,1.0,31,12.414568020801571,62.0,769.7,31.0,384.85,0.0139
SKU_3940,Low Revenue + Low Volatility,6001.25,0.1261,2.0,1.0,12,32.80318977495283,24.0,787.28,12.0,393.64,0.0247
SKU_3941,Low Revenue + Low Volatility,6746.68,0.0762,2.0,1.0,37,77.1530375763707,74.0,5709.32,37.0,2854.66,0.0139
SKU_3942,Low Revenue + Low Volatility,13947.12,0.0745,2.0,1.0,47,76.45354159674469,94.0,7186.63,47.0,3593.32,0.0217
SKU_3943,Low Revenue + Low Volatility,9124.69,0.1466,2.0,1.0,23,10.785462298422376,46.0,496.13,23.0,248.07,0.0218
SKU_3944,Low Revenue + Low Volatility,6194.68,0.0508,2.0,1.0,23,24.10080909456564,46.0,1108.64,23.0,554.32,0.0159
SKU_3945,Low Revenue + Low Volatility,11444.04,0.138,2.0,1.0,20,79.5639029641054,40.0,3182.56,20.0,1591.28,0.0114
SKU_3946,Low Revenue + Low Volatility,13314.84,0.07,2.0,1.0,18,44.49775531296401,36.0,1601.92,18.0,800.96,0.018
SKU_3947,Low Revenue + Low Volatility,9931.19,0.1447,2.0,1.0,47,50.10062027767968,94.0,4709.46,47.0,2354.73,0.0137
SKU_3948,Low Revenue + Low Volatility,15806.51,0.0842,2.0,1.0,15,21.649412986571676,30.0,649.48,15.0,324.74,0.0137
SKU_3949,Low Revenue + Low Volatility,14656.56,0.094,2.0,1.0,10,72.60349261309707,20.0,1452.07,10.0,726.03,0.0205
SKU_3950,Low Revenue + Low Volatility,9992.28,0.1207,2.0,1.0,34,26.1885009754379,68.0,1780.82,34.0,890.41,0.0235
SKU_3951,Low Revenue + Low Volatility,16323.09,0.1088,2.0,1.0,25,23.27533410136756,50.0,1163.77,25.0,581.88,0.0115
SKU_3952,Low Revenue + Low Volatility,14730.43,0.0818,2.0,1.0,24,25.968568232422975,48.0,1246.49,24.0,623.25,0.0216
SKU_3953,Low Revenue + Low Volatility,14561.68,0.1054,2.0,1.0,43,74.37351918487062,86.0,6396.12,43.0,3198.06,0.0149
SKU_3954,Low Revenue + Low Volatility,13301.42,0.1231,2.0,1.0,26,59.199269502379444,52.0,3078.36,26.0,1539.18,0.0235
SKU_3955,Low Revenue + Low Volatility,5170.85,0.0542,2.0,1.0,12,63.801747614319254,24.0,1531.24,12.0,765.62,0.0262
SKU_3956,Low Revenue + Low Volatility,15447.61,0.0511,2.0,1.0,12,36.39254507289769,24.0,873.42,12.0,436.71,0.0261
SKU_3957,Low Revenue + Low Volatility,10640.63,0.0958,2.0,1.0,46,73.64239104513929,92.0,6775.1,46.0,3387.55,0.0174
SKU_3958,Low Revenue + Low Volatility,19139.15,0.0632,2.0,1.0,26,65.25855666375728,52.0,3393.44,26.0,1696.72,0.0213
SKU_3959,Low Revenue + Low Volatility,17269.77,0.1164,2.0,1.0,47,62.541815375512485,94.0,5878.93,47.0,2939.47,0.0259
SKU_3960,Low Revenue + Low Volatility,13815.42,0.0714,2.0,1.0,10,77.96581985710662,20.0,1559.32,10.0,779.66,0.0112
SKU_3961,Low Revenue + Low Volatility,8782.73,0.0933,2.0,1.0,16,35.6337781555344,32.0,1140.28,16.0,570.14,0.0221
SKU_3962,Low Revenue + Low Volatility,8055.76,0.0698,2.0,1.0,35,52.768155275711685,70.0,3693.77,35.0,1846.89,0.0267
SKU_3963,Low Revenue + Low Volatility,10105.77,0.1048,2.0,1.0,48,73.69507892840514,96.0,7074.73,48.0,3537.36,0.0174
SKU_3964,Low Revenue + Low Volatility,12148.52,0.0616,2.0,1.0,28,65.36222602301667,56.0,3660.28,28.0,1830.14,0.0191
SKU_3965,Low Revenue + Low Volatility,9440.98,0.0523,2.0,1.0,39,49.43652707579305,78.0,3856.05,39.0,1928.02,0.024
SKU_3966,Low Revenue + Low Volatility,12723.94,0.0551,2.0,1.0,23,15.33495793461392,46.0,705.41,23.0,352.7,0.0114
SKU_3967,Low Revenue + Low Volatility,7480.56,0.1454,2.0,1.0,22,55.690640768897126,44.0,2450.39,22.0,1225.19,0.0177
SKU_3968,Low Revenue + Low Volatility,19665.69,0.0642,2.0,1.0,29,46.858888980749654,58.0,2717.82,29.0,1358.91,0.0159
SKU_3969,Low Revenue + Low Volatility,6618.87,0.1208,2.0,1.0,35,22.892632303923847,70.0,1602.48,35.0,801.24,0.0103
SKU_3970,Low Revenue + Low Volatility,18979.16,0.0568,2.0,1.0,36,71.75771863398182,72.0,5166.56,36.0,2583.28,0.0139
SKU_3971,Low Revenue + Low Volatility,18703.67,0.0608,2.0,1.0,34,34.027401642912025,68.0,2313.86,34.0,1156.93,0.0179
SKU_3972,Low Revenue + Low Volatility,12880.41,0.1009,2.0,1.0,18,37.12359254621079,36.0,1336.45,18.0,668.22,0.0139
SKU_3973,Low Revenue + Low Volatility,15873.65,0.0965,2.0,1.0,21,57.06810841574874,42.0,2396.86,21.0,1198.43,0.022
SKU_3974,Low Revenue + Low Volatility,11540.72,0.1452,2.0,1.0,19,44.21591194288687,38.0,1680.2,19.0,840.1,0.019
SKU_3975,Low Revenue + Low Volatility,14450.52,0.1445,2.0,1.0,15,16.249675339540456,30.0,487.49,15.0,243.75,0.0108
SKU_3976,Low Revenue + Low Volatility,10108.64,0.128,2.0,1.0,43,37.120913214866434,86.0,3192.4,43.0,1596.2,0.0155
SKU_3977,Low Revenue + Low Volatility,9517.39,0.1102,2.0,1.0,28,16.61262825567632,56.0,930.31,28.0,465.15,0.0104
SKU_3978,Low Revenue + Low Volatility,13673.45,0.0955,2.0,1.0,15,23.352528218636685,30.0,700.58,15.0,350.29,0.0172
SKU_3979,Low Revenue + Low Volatility,12471.95,0.0856,2.0,1.0,11,10.502210684531768,22.0,231.05,11.0,115.52,0.0152
SKU_3980,Low Revenue + Low Volatility,13693.05,0.1447,2.0,1.0,24,22.691915703926355,48.0,1089.21,24.0,544.61,0.0238
SKU_3981,Low Revenue + Low Volatility,9299.91,0.1103,2.0,1.0,26,33.13131477988526,52.0,1722.83,26.0,861.41,0.0161
SKU_3982,Low Revenue + Low Volatility,10504.37,0.1079,2.0,1.0,25,47.67529036126062,50.0,2383.76,25.0,1191.88,0.0175
SKU_3983,Low Revenue + Low Volatility,6258.47,0.0732,2.0,1.0,37,74.34940478279125,74.0,5501.86,37.0,2750.93,0.0245
SKU_3984,Low Revenue + Low Volatility,5784.15,0.0547,2.0,1.0,30,47.82288070694387,60.0,2869.37,30.0,1434.69,0.0196
SKU_3985,Low Revenue + Low Volatility,8801.86,0.1445,2.0,1.0,17,59.39224789550391,34.0,2019.34,17.0,1009.67,0.0211
SKU_3986,Low Revenue + Low Volatility,6113.7,0.0814,2.0,1.0,19,35.037396391404194,38.0,1331.42,19.0,665.71,0.0268
SKU_3987,Low Revenue + Low Volatility,6556.62,0.0943,2.0,1.0,19,62.61415554970871,38.0,2379.34,19.0,1189.67,0.0141
SKU_3988,Low Revenue + Low Volatility,17193.93,0.0615,2.0,1.0,19,53.43281222360342,38.0,2030.45,19.0,1015.22,0.0298
SKU_3989,Low Revenue + Low Volatility,5583.11,0.1337,2.0,1.0,18,42.18558092924029,36.0,1518.68,18.0,759.34,0.028
SKU_3990,Low Revenue + Low Volatility,14884.14,0.0528,2.0,1.0,37,23.563815642385805,74.0,1743.72,37.0,871.86,0.0157
SKU_3991,Low Revenue + Low Volatility,9088.37,0.1334,2.0,1.0,33,31.247863559810927,66.0,2062.36,33.0,1031.18,0.0279
SKU_3992,Low Revenue + Low Volatility,18073.19,0.064,2.0,1.0,28,53.466226116302856,56.0,2994.11,28.0,1497.05,0.0251
SKU_3993,Low Revenue + Low Volatility,12274.88,0.1387,2.0,1.0,42,39.82394270552011,84.0,3345.21,42.0,1672.61,0.0286
SKU_3994,Low Revenue + Low Volatility,9583.65,0.123,2.0,1.0,13,72.25705897243364,26.0,1878.68,13.0,939.34,0.0238
SKU_3995,Low Revenue + Low Volatility,12764.58,0.0665,2.0,1.0,12,26.43881900749097,24.0,634.53,12.0,317.27,0.0235
SKU_3996,Low Revenue + Low Volatility,10729.37,0.1066,2.0,1.0,21,15.115085657729061,42.0,634.83,21.0,317.42,0.0101
SKU_3997,Low Revenue + Low Volatility,13464.52,0.0813,2.0,1.0,27,51.25440035538391,54.0,2767.74,27.0,1383.87,0.0195
SKU_3998,Low Revenue + Low Volatility,6717.99,0.0678,2.0,1.0,32,72.02355881330531,64.0,4609.51,32.0,2304.75,0.014
SKU_3999,Low Revenue + Low Volatility,19954.86,0.1359,2.0,1.0,29,35.5317320607852,58.0,2060.84,29.0,1030.42,0.0165
SKU_4000,Low Revenue + Low Volatility,11383.34,0.0904,2.0,1.0,15,55.33979344077156,30.0,1660.19,15.0,830.1,0.0296
SKU_4001,Low Revenue + Low Volatility,10223.46,0.0899,2.0,1.0,43,26.198883552400403,86.0,2253.1,43.0,1126.55,0.0117
SKU_4002,Low Revenue + Low Volatility,15653.15,0.067,2.0,1.0,11,49.093034517088185,22.0,1080.05,11.0,540.02,0.0244
SKU_4003,Low Revenue + Low Volatility,10458.49,0.0883,2.0,1.0,39,65.07544706038573,78.0,5075.88,39.0,2537.94,0.0135
SKU_4004,Low Revenue + Low Volatility,17499.11,0.1372,2.0,1.0,18,70.69221191436787,36.0,2544.92,18.0,1272.46,0.0101
SKU_4005,Low Revenue + Low Volatility,11814.06,0.0863,2.0,1.0,36,17.35833908966777,72.0,1249.8,36.0,624.9,0.02
SKU_4006,Low Revenue + Low Volatility,15793.38,0.1452,2.0,1.0,43,34.946216140527184,86.0,3005.37,43.0,1502.69,0.0132
SKU_4007,Low Revenue + Low Volatility,6611.8,0.1446,2.0,1.0,49,54.77511093551092,98.0,5367.96,49.0,2683.98,0.0293
SKU_4008,Low Revenue + Low Volatility,17691.79,0.0645,2.0,1.0,33,12.430600766555655,66.0,820.42,33.0,410.21,0.0141
SKU_4009,Low Revenue + Low Volatility,16035.77,0.0677,2.0,1.0,26,58.34306401055789,52.0,3033.84,26.0,1516.92,0.0138
SKU_4010,Low Revenue + Low Volatility,8175.75,0.1363,2.0,1.0,38,46.9623717962679,76.0,3569.14,38.0,1784.57,0.0106
SKU_4011,Low Revenue + Low Volatility,7179.29,0.0893,2.0,1.0,45,30.19963954540185,90.0,2717.97,45.0,1358.98,0.0166
SKU_4012,Low Revenue + Low Volatility,9744.39,0.0504,2.0,1.0,21,67.02581154158354,42.0,2815.08,21.0,1407.54,0.0105
SKU_4013,Low Revenue + Low Volatility,19641.06,0.0774,2.0,1.0,40,30.303549860704262,80.0,2424.28,40.0,1212.14,0.02
SKU_4014,Low Revenue + Low Volatility,8852.47,0.1098,2.0,1.0,18,79.39905323426623,36.0,2858.37,18.0,1429.18,0.0201
SKU_4015,Low Revenue + Low Volatility,11841.91,0.1299,2.0,1.0,28,67.14591323793383,56.0,3760.17,28.0,1880.09,0.0111
SKU_4016,Low Revenue + Low Volatility,5450.3,0.0633,2.0,1.0,26,59.55863509681613,52.0,3097.05,26.0,1548.52,0.0148
SKU_4017,Low Revenue + Low Volatility,10958.41,0.0611,2.0,1.0,11,14.294329057385221,22.0,314.48,11.0,157.24,0.0266
SKU_4018,Low Revenue + Low Volatility,13569.8,0.1422,2.0,1.0,49,73.30172603910914,98.0,7183.57,49.0,3591.78,0.0193
SKU_4019,Low Revenue + Low Volatility,19296.87,0.1251,2.0,1.0,14,65.30387140162856,28.0,1828.51,14.0,914.25,0.0187
SKU_4020,Low Revenue + Low Volatility,12751.04,0.109,2.0,1.0,48,26.03175555042616,96.0,2499.05,48.0,1249.52,0.024
SKU_4021,Low Revenue + Low Volatility,17286.61,0.1269,2.0,1.0,25,37.45737269288223,50.0,1872.87,25.0,936.43,0.0243
SKU_4022,Low Revenue + Low Volatility,13206.91,0.0929,2.0,1.0,26,28.804208613340002,52.0,1497.82,26.0,748.91,0.0252
SKU_4023,Low Revenue + Low Volatility,5611.78,0.1258,2.0,1.0,36,78.90912239267466,72.0,5681.46,36.0,2840.73,0.0266
SKU_4024,Low Revenue + Low Volatility,9725.12,0.0872,2.0,1.0,16,69.79375113638916,32.0,2233.4,16.0,1116.7,0.0146
SKU_4025,Low Revenue + Low Volatility,13633.24,0.0744,2.0,1.0,17,75.11577118865718,34.0,2553.94,17.0,1276.97,0.0113
SKU_4026,Low Revenue + Low Volatility,19258.91,0.1229,2.0,1.0,17,65.21419654628009,34.0,2217.28,17.0,1108.64,0.0176
SKU_4027,Low Revenue + Low Volatility,17886.96,0.092,2.0,1.0,32,41.944376874917324,64.0,2684.44,32.0,1342.22,0.0271
SKU_4028,Low Revenue + Low Volatility,8425.33,0.1481,2.0,1.0,41,24.380397487027956,82.0,1999.19,41.0,999.6,0.0116
SKU_4029,Low Revenue + Low Volatility,8301.65,0.0849,2.0,1.0,27,24.565610983681367,54.0,1326.54,27.0,663.27,0.0215
SKU_4030,Low Revenue + Low Volatility,8017.59,0.1422,2.0,1.0,47,20.61779938566739,94.0,1938.07,47.0,969.04,0.024
SKU_4031,Low Revenue + Low Volatility,18837.48,0.1433,2.0,1.0,21,48.26546852123779,42.0,2027.15,21.0,1013.57,0.0196
SKU_4032,Low Revenue + Low Volatility,17789.99,0.0742,2.0,1.0,24,74.39765660045498,48.0,3571.09,24.0,1785.54,0.0151
SKU_4033,Low Revenue + Low Volatility,16623.25,0.1298,2.0,1.0,37,79.42586490320363,74.0,5877.51,37.0,2938.76,0.0165
SKU_4034,Low Revenue + Low Volatility,10891.03,0.0933,2.0,1.0,47,30.110986002573537,94.0,2830.43,47.0,1415.22,0.0114
SKU_4035,Low Revenue + Low Volatility,12565.71,0.1418,2.0,1.0,40,58.812017820771054,80.0,4704.96,40.0,2352.48,0.0159
SKU_4036,Low Revenue + Low Volatility,11964.98,0.095,2.0,1.0,18,51.796861092726445,36.0,1864.69,18.0,932.34,0.0109
SKU_4037,Low Revenue + Low Volatility,8800.97,0.1244,2.0,1.0,17,44.22552818134178,34.0,1503.67,17.0,751.83,0.0245
SKU_4038,Low Revenue + Low Volatility,12575.42,0.0967,2.0,1.0,28,56.603805066842895,56.0,3169.81,28.0,1584.91,0.028
SKU_4039,Low Revenue + Low Volatility,5457.45,0.0728,2.0,1.0,17,35.99541132860483,34.0,1223.84,17.0,611.92,0.0227
SKU_4040,Low Revenue + Low Volatility,6977.16,0.0699,2.0,1.0,43,76.11393425654147,86.0,6545.8,43.0,3272.9,0.0231
SKU_4041,Low Revenue + Low Volatility,18298.84,0.0925,2.0,1.0,13,59.38142073944359,26.0,1543.92,13.0,771.96,0.0194
SKU_4042,Low Revenue + Low Volatility,16275.2,0.1255,2.0,1.0,40,62.794076439471134,80.0,5023.53,40.0,2511.76,0.0131
SKU_4043,Low Revenue + Low Volatility,11343.03,0.1105,2.0,1.0,47,26.969546650425176,94.0,2535.14,47.0,1267.57,0.0102
SKU_4044,Low Revenue + Low Volatility,12757.26,0.1189,2.0,1.0,12,21.80074024483336,24.0,523.22,12.0,261.61,0.0169
SKU_4045,Low Revenue + Low Volatility,10549.98,0.0782,2.0,1.0,44,37.60385551660261,88.0,3309.14,44.0,1654.57,0.025
SKU_4046,Low Revenue + Low Volatility,16111.7,0.0981,2.0,1.0,28,63.667073973530776,56.0,3565.36,28.0,1782.68,0.0292
SKU_4047,Low Revenue + Low Volatility,16762.81,0.0544,2.0,1.0,38,75.71571368270003,76.0,5754.39,38.0,2877.2,0.0186
SKU_4048,Low Revenue + Low Volatility,16449.28,0.1318,2.0,1.0,19,39.91308781818054,38.0,1516.7,19.0,758.35,0.0173
SKU_4049,Low Revenue + Low Volatility,15839.18,0.149,2.0,1.0,21,64.19097547480162,42.0,2696.02,21.0,1348.01,0.0189
SKU_4050,Low Revenue + Low Volatility,8067.57,0.0907,2.0,1.0,39,42.92853336267667,78.0,3348.43,39.0,1674.21,0.0186
SKU_4051,Low Revenue + Low Volatility,10069.55,0.0511,2.0,1.0,39,30.665977468882463,78.0,2391.95,39.0,1195.97,0.0225
SKU_4052,Low Revenue + Low Volatility,12047.68,0.067,2.0,1.0,27,61.74856055080934,54.0,3334.42,27.0,1667.21,0.0247
SKU_4053,Low Revenue + Low Volatility,9961.89,0.1153,2.0,1.0,33,65.8741493786929,66.0,4347.69,33.0,2173.85,0.0257
SKU_4054,Low Revenue + Low Volatility,16324.1,0.1112,2.0,1.0,41,24.198855585647614,82.0,1984.31,41.0,992.15,0.023
SKU_4055,Low Revenue + Low Volatility,9940.3,0.1288,2.0,1.0,18,31.361865143173148,36.0,1129.03,18.0,564.51,0.0188
SKU_4056,Low Revenue + Low Volatility,7073.48,0.0754,2.0,1.0,33,44.63437904315636,66.0,2945.87,33.0,1472.93,0.029
SKU_4057,Low Revenue + Low Volatility,10985.61,0.1264,2.0,1.0,35,23.05652808368137,70.0,1613.96,35.0,806.98,0.0242
SKU_4058,Low Revenue + Low Volatility,19698.72,0.1188,2.0,1.0,12,75.01840091276547,24.0,1800.44,12.0,900.22,0.0185
SKU_4059,Low Revenue + Low Volatility,8388.22,0.0823,2.0,1.0,32,51.39337387925239,64.0,3289.18,32.0,1644.59,0.0189
SKU_4060,Low Revenue + Low Volatility,14182.38,0.1045,2.0,1.0,20,18.484229416018486,40.0,739.37,20.0,369.68,0.0264
SKU_4061,Low Revenue + Low Volatility,11494.6,0.0647,2.0,1.0,19,22.882090527772345,38.0,869.52,19.0,434.76,0.0188
SKU_4062,Low Revenue + Low Volatility,6065.37,0.0953,2.0,1.0,45,76.8048741727391,90.0,6912.44,45.0,3456.22,0.0203
SKU_4063,Low Revenue + Low Volatility,12318.15,0.1381,2.0,1.0,22,61.671800998763274,44.0,2713.56,22.0,1356.78,0.0158
SKU_4064,Low Revenue + Low Volatility,15532.46,0.0921,2.0,1.0,38,61.40835591534903,76.0,4667.04,38.0,2333.52,0.0268
SKU_4065,Low Revenue + Low Volatility,12698.3,0.134,2.0,1.0,47,15.074901580353817,94.0,1417.04,47.0,708.52,0.0204
SKU_4066,Low Revenue + Low Volatility,18081.59,0.109,2.0,1.0,22,72.6709186396263,44.0,3197.52,22.0,1598.76,0.0211
SKU_4067,Low Revenue + Low Volatility,9334.06,0.0692,2.0,1.0,35,41.06147537910232,70.0,2874.3,35.0,1437.15,0.0276
SKU_4068,Low Revenue + Low Volatility,6293.74,0.1081,2.0,1.0,29,56.18021258479484,58.0,3258.45,29.0,1629.23,0.0284
SKU_4069,Low Revenue + Low Volatility,19048.48,0.1006,2.0,1.0,14,77.17824533798098,28.0,2160.99,14.0,1080.5,0.0265
SKU_4070,Low Revenue + Low Volatility,10672.95,0.0899,2.0,1.0,29,17.000866624958984,58.0,986.05,29.0,493.03,0.0113
SKU_4071,Low Revenue + Low Volatility,13646.08,0.062,2.0,1.0,23,43.75935216406051,46.0,2012.93,23.0,1006.47,0.0189
SKU_4072,Low Revenue + Low Volatility,16880.05,0.0917,2.0,1.0,23,13.472891566335225,46.0,619.75,23.0,309.88,0.0169
SKU_4073,Low Revenue + Low Volatility,9864.7,0.0573,2.0,1.0,17,44.96817963266008,34.0,1528.92,17.0,764.46,0.0143
SKU_4074,Low Revenue + Low Volatility,15742.47,0.0599,2.0,1.0,22,27.658158734129973,44.0,1216.96,22.0,608.48,0.0282
SKU_4075,Low Revenue + Low Volatility,7031.28,0.0916,2.0,1.0,33,73.77458704917095,66.0,4869.12,33.0,2434.56,0.0278
SKU_4076,Low Revenue + Low Volatility,9369.41,0.0805,2.0,1.0,24,37.89447459911608,48.0,1818.93,24.0,909.47,0.0193
SKU_4077,Low Revenue + Low Volatility,7170.66,0.1426,2.0,1.0,10,54.371071223645544,20.0,1087.42,10.0,543.71,0.0127
SKU_4078,Low Revenue + Low Volatility,17168.46,0.0876,2.0,1.0,31,70.22010853701843,62.0,4353.65,31.0,2176.82,0.0103
SKU_4079,Low Revenue + Low Volatility,8339.74,0.1258,2.0,1.0,43,78.85843008920236,86.0,6781.82,43.0,3390.91,0.0188
SKU_4080,Low Revenue + Low Volatility,15761.05,0.103,2.0,1.0,49,45.26735592299822,98.0,4436.2,49.0,2218.1,0.0108
SKU_4081,Low Revenue + Low Volatility,19149.48,0.1204,2.0,1.0,12,41.90303920030191,24.0,1005.67,12.0,502.84,0.0222
SKU_4082,Low Revenue + Low Volatility,12916.58,0.076,2.0,1.0,35,15.30177517075211,70.0,1071.12,35.0,535.56,0.0222
SKU_4083,Low Revenue + Low Volatility,13100.44,0.1442,2.0,1.0,23,10.891726033605053,46.0,501.02,23.0,250.51,0.028
SKU_4084,Low Revenue + Low Volatility,11915.5,0.103,2.0,1.0,17,52.616146474894734,34.0,1788.95,17.0,894.47,0.0138
SKU_4085,Low Revenue + Low Volatility,9888.35,0.1331,2.0,1.0,25,14.58250465033522,50.0,729.13,25.0,364.56,0.0174
SKU_4086,Low Revenue + Low Volatility,12134.83,0.0865,2.0,1.0,30,36.62652559269313,60.0,2197.59,30.0,1098.8,0.0272
SKU_4087,Low Revenue + Low Volatility,14042.11,0.06,2.0,1.0,19,10.252450527452305,38.0,389.59,19.0,194.8,0.0195
SKU_4088,Low Revenue + Low Volatility,19789.87,0.1174,2.0,1.0,34,53.06592492759695,68.0,3608.48,34.0,1804.24,0.0112
SKU_4089,Low Revenue + Low Volatility,19066.47,0.0508,2.0,1.0,47,39.779061230834735,94.0,3739.23,47.0,1869.62,0.0122
SKU_4090,Low Revenue + Low Volatility,17932.29,0.0975,2.0,1.0,31,18.89145388504015,62.0,1171.27,31.0,585.64,0.0263
SKU_4091,Low Revenue + Low Volatility,18336.96,0.0693,2.0,1.0,13,30.745732478857548,26.0,799.39,13.0,399.69,0.0249
SKU_4092,Low Revenue + Low Volatility,12017.74,0.1127,2.0,1.0,13,49.87624892803471,26.0,1296.78,13.0,648.39,0.0275
SKU_4093,Low Revenue + Low Volatility,14861.66,0.1479,2.0,1.0,39,55.96993576069839,78.0,4365.65,39.0,2182.83,0.0124
SKU_4094,Low Revenue + Low Volatility,18426.0,0.0964,2.0,1.0,11,42.363511576441276,22.0,932.0,11.0,466.0,0.0252
SKU_4095,Low Revenue + Low Volatility,10894.26,0.1317,2.0,1.0,38,66.27713812636621,76.0,5037.06,38.0,2518.53,0.0231
SKU_4096,Low Revenue + Low Volatility,19426.44,0.1008,2.0,1.0,45,17.870828819209,90.0,1608.37,45.0,804.19,0.0146
SKU_4097,Low Revenue + Low Volatility,11236.79,0.0996,2.0,1.0,30,15.918200582868545,60.0,955.09,30.0,477.55,0.0295
SKU_4098,Low Revenue + Low Volatility,14016.24,0.143,2.0,1.0,30,13.097098831246582,60.0,785.83,30.0,392.91,0.0214
SKU_4099,Low Revenue + Low Volatility,15647.07,0.139,2.0,1.0,30,47.50794876146096,60.0,2850.48,30.0,1425.24,0.0281
SKU_4100,Low Revenue + Low Volatility,19258.88,0.1286,2.0,1.0,13,59.436219296412055,26.0,1545.34,13.0,772.67,0.0272
SKU_4101,Low Revenue + Low Volatility,8669.24,0.0796,2.0,1.0,10,19.136497959577078,20.0,382.73,10.0,191.36,0.0167
SKU_4102,Low Revenue + Low Volatility,16191.96,0.1045,2.0,1.0,35,54.72619352987748,70.0,3830.83,35.0,1915.42,0.0207
SKU_4103,Low Revenue + Low Volatility,12812.23,0.0724,2.0,1.0,11,43.38634363326743,22.0,954.5,11.0,477.25,0.0186
SKU_4104,Low Revenue + Low Volatility,9028.36,0.0944,2.0,1.0,18,79.11411501057806,36.0,2848.11,18.0,1424.05,0.0242
SKU_4105,Low Revenue + Low Volatility,16649.1,0.0984,2.0,1.0,27,60.2231526486488,54.0,3252.05,27.0,1626.03,0.0218
SKU_4106,Low Revenue + Low Volatility,13283.33,0.1332,2.0,1.0,20,56.023133463413814,40.0,2240.93,20.0,1120.46,0.0257
SKU_4107,Low Revenue + Low Volatility,14914.61,0.1396,2.0,1.0,34,49.931481441064115,68.0,3395.34,34.0,1697.67,0.0102
SKU_4108,Low Revenue + Low Volatility,9843.52,0.0915,2.0,1.0,35,79.81563270847927,70.0,5587.09,35.0,2793.55,0.0238
SKU_4109,Low Revenue + Low Volatility,12219.11,0.0518,2.0,1.0,45,78.63214195982042,90.0,7076.89,45.0,3538.45,0.0164
SKU_4110,Low Revenue + Low Volatility,14260.31,0.1362,2.0,1.0,44,47.66805878461651,88.0,4194.79,44.0,2097.39,0.0145
SKU_4111,Low Revenue + Low Volatility,11073.66,0.0674,2.0,1.0,47,41.86283431339832,94.0,3935.11,47.0,1967.55,0.026
SKU_4112,Low Revenue + Low Volatility,7975.59,0.1122,2.0,1.0,12,42.348044589122665,24.0,1016.35,12.0,508.18,0.0118
SKU_4113,Low Revenue + Low Volatility,19424.61,0.0525,2.0,1.0,44,39.98396732263559,88.0,3518.59,44.0,1759.29,0.0146
SKU_4114,Low Revenue + Low Volatility,12672.01,0.09,2.0,1.0,49,47.19788148974255,98.0,4625.39,49.0,2312.7,0.0141
SKU_4115,Low Revenue + Low Volatility,16008.81,0.1486,2.0,1.0,31,29.15089874700595,62.0,1807.36,31.0,903.68,0.0184
SKU_4116,Low Revenue + Low Volatility,11165.71,0.0601,2.0,1.0,17,74.87521481800987,34.0,2545.76,17.0,1272.88,0.0164
SKU_4117,Low Revenue + Low Volatility,10326.98,0.0924,2.0,1.0,24,44.31610570233547,48.0,2127.17,24.0,1063.59,0.0244
SKU_4118,Low Revenue + Low Volatility,11107.46,0.0807,2.0,1.0,16,68.94054682870265,32.0,2206.1,16.0,1103.05,0.024
SKU_4119,Low Revenue + Low Volatility,11137.95,0.1405,2.0,1.0,28,43.271257226733404,56.0,2423.19,28.0,1211.6,0.0165
SKU_4120,Low Revenue + Low Volatility,13162.7,0.1369,2.0,1.0,49,60.280319173717004,98.0,5907.47,49.0,2953.74,0.0187
SKU_4121,Low Revenue + Low Volatility,13152.05,0.0738,2.0,1.0,26,33.5817375133606,52.0,1746.25,26.0,873.13,0.0142
SKU_4122,Low Revenue + Low Volatility,12457.31,0.0581,2.0,1.0,10,53.736480041328235,20.0,1074.73,10.0,537.36,0.0234
SKU_4123,Low Revenue + Low Volatility,7021.79,0.1127,2.0,1.0,38,44.88600118156435,76.0,3411.34,38.0,1705.67,0.0179
SKU_4124,Low Revenue + Low Volatility,12441.13,0.0836,2.0,1.0,22,35.69799795735269,44.0,1570.71,22.0,785.36,0.0127
SKU_4125,Low Revenue + Low Volatility,7536.56,0.1172,2.0,1.0,38,71.70893827476007,76.0,5449.88,38.0,2724.94,0.0125
SKU_4126,Low Revenue + Low Volatility,6892.04,0.0532,2.0,1.0,15,17.889817792423628,30.0,536.69,15.0,268.35,0.0164
SKU_4127,Low Revenue + Low Volatility,18989.69,0.0633,2.0,1.0,14,44.084620382337725,28.0,1234.37,14.0,617.18,0.0249
SKU_4128,Low Revenue + Low Volatility,14074.25,0.1186,2.0,1.0,43,23.605835128629572,86.0,2030.1,43.0,1015.05,0.0105
SKU_4129,Low Revenue + Low Volatility,14892.35,0.0712,2.0,1.0,20,70.2738563852314,40.0,2810.95,20.0,1405.48,0.0152
SKU_4130,Low Revenue + Low Volatility,11026.91,0.1358,2.0,1.0,18,27.74285413009644,36.0,998.74,18.0,499.37,0.0132
SKU_4131,Low Revenue + Low Volatility,18634.71,0.0559,2.0,1.0,47,54.34012380782752,94.0,5107.97,47.0,2553.99,0.0291
SKU_4132,Low Revenue + Low Volatility,14568.96,0.0715,2.0,1.0,49,21.589446055974783,98.0,2115.77,49.0,1057.88,0.0241
SKU_4133,Low Revenue + Low Volatility,16537.55,0.1499,2.0,1.0,18,38.343956862958564,36.0,1380.38,18.0,690.19,0.0147
SKU_4134,Low Revenue + Low Volatility,10528.44,0.0933,2.0,1.0,17,72.9550036954555,34.0,2480.47,17.0,1240.24,0.0141
SKU_4135,Low Revenue + Low Volatility,19400.18,0.1203,2.0,1.0,49,21.624511108135835,98.0,2119.2,49.0,1059.6,0.0272
SKU_4136,Low Revenue + Low Volatility,17306.92,0.0683,2.0,1.0,12,56.42370777438378,24.0,1354.17,12.0,677.08,0.0138
SKU_4137,Low Revenue + Low Volatility,17809.23,0.111,2.0,1.0,22,24.315725938916835,44.0,1069.89,22.0,534.95,0.0299
SKU_4138,Low Revenue + Low Volatility,7582.91,0.1226,2.0,1.0,28,39.10243367725161,56.0,2189.74,28.0,1094.87,0.0156
SKU_4139,Low Revenue + Low Volatility,9064.45,0.0814,2.0,1.0,43,47.84318190622195,86.0,4114.51,43.0,2057.26,0.0117
SKU_4140,Low Revenue + Low Volatility,9284.4,0.1329,2.0,1.0,41,50.411449273282344,82.0,4133.74,41.0,2066.87,0.0238
SKU_4141,Low Revenue + Low Volatility,9063.64,0.1103,2.0,1.0,25,52.175793628720875,50.0,2608.79,25.0,1304.39,0.0222
SKU_4142,Low Revenue + Low Volatility,17831.12,0.0889,2.0,1.0,45,54.80919907736455,90.0,4932.83,45.0,2466.41,0.03
SKU_4143,Low Revenue + Low Volatility,5478.27,0.1058,2.0,1.0,27,29.023808837165827,54.0,1567.29,27.0,783.64,0.026
SKU_4144,Low Revenue + Low Volatility,6141.5,0.1077,2.0,1.0,23,38.09572400020113,46.0,1752.4,23.0,876.2,0.0186
SKU_4145,Low Revenue + Low Volatility,9108.72,0.0666,2.0,1.0,39,12.61230645025451,78.0,983.76,39.0,491.88,0.0235
SKU_4146,Low Revenue + Low Volatility,7998.09,0.0903,2.0,1.0,11,63.812988357196254,22.0,1403.89,11.0,701.94,0.0264
SKU_4147,Low Revenue + Low Volatility,8477.89,0.0843,2.0,1.0,22,68.59696512522316,44.0,3018.27,22.0,1509.13,0.0203
SKU_4148,Low Revenue + Low Volatility,16969.15,0.0901,2.0,1.0,36,23.946573443988186,72.0,1724.15,36.0,862.08,0.0155
SKU_4149,Low Revenue + Low Volatility,13446.9,0.1261,2.0,1.0,26,24.10107752407773,52.0,1253.26,26.0,626.63,0.0142
SKU_4150,Low Revenue + Low Volatility,5086.56,0.0983,2.0,1.0,40,12.942548153329449,80.0,1035.4,40.0,517.7,0.0159
SKU_4151,Low Revenue + Low Volatility,11439.84,0.144,2.0,1.0,24,77.92686759547412,48.0,3740.49,24.0,1870.24,0.027
SKU_4152,Low Revenue + Low Volatility,11118.27,0.0794,2.0,1.0,29,66.50305976820604,58.0,3857.18,29.0,1928.59,0.0176
SKU_4153,Low Revenue + Low Volatility,6709.18,0.0916,2.0,1.0,14,35.249224203422244,28.0,986.98,14.0,493.49,0.0157
SKU_4154,Low Revenue + Low Volatility,15142.13,0.1287,2.0,1.0,16,43.73357900288777,32.0,1399.47,16.0,699.74,0.0261
SKU_4155,Low Revenue + Low Volatility,15531.46,0.1046,2.0,1.0,27,30.437687245560802,54.0,1643.64,27.0,821.82,0.0106
SKU_4156,Low Revenue + Low Volatility,15813.4,0.1047,2.0,1.0,20,51.8070777825459,40.0,2072.28,20.0,1036.14,0.0219
SKU_4157,Low Revenue + Low Volatility,15927.06,0.0553,2.0,1.0,41,60.21158886334558,82.0,4937.35,41.0,2468.68,0.0275
SKU_4158,Low Revenue + Low Volatility,5000.79,0.0899,2.0,1.0,36,41.31579345943105,72.0,2974.74,36.0,1487.37,0.0182
SKU_4159,Low Revenue + Low Volatility,19308.81,0.0771,2.0,1.0,35,71.15159353041363,70.0,4980.61,35.0,2490.31,0.0154
SKU_4160,Low Revenue + Low Volatility,17213.13,0.1499,2.0,1.0,46,46.1918103553167,92.0,4249.65,46.0,2124.82,0.0198
SKU_4161,Low Revenue + Low Volatility,18559.73,0.0808,2.0,1.0,37,20.097728835446752,74.0,1487.23,37.0,743.62,0.0243
SKU_4162,Low Revenue + Low Volatility,5234.65,0.1384,2.0,1.0,11,53.560396308634914,22.0,1178.33,11.0,589.16,0.0203
SKU_4163,Low Revenue + Low Volatility,19007.88,0.1176,2.0,1.0,29,42.35616761354618,58.0,2456.66,29.0,1228.33,0.0102
SKU_4164,Low Revenue + Low Volatility,17146.83,0.0841,2.0,1.0,13,75.4970304157208,26.0,1962.92,13.0,981.46,0.0116
SKU_4165,Low Revenue + Low Volatility,17558.29,0.1044,2.0,1.0,22,37.43257446551394,44.0,1647.03,22.0,823.52,0.0244
SKU_4166,Low Revenue + Low Volatility,6399.31,0.1341,2.0,1.0,33,38.20060174050728,66.0,2521.24,33.0,1260.62,0.018
SKU_4167,Low Revenue + Low Volatility,16081.67,0.1383,2.0,1.0,47,55.554137284712716,94.0,5222.09,47.0,2611.04,0.0257
SKU_4168,Low Revenue + Low Volatility,19398.75,0.066,2.0,1.0,49,46.88903528284996,98.0,4595.13,49.0,2297.56,0.023
SKU_4169,Low Revenue + Low Volatility,15178.21,0.084,2.0,1.0,38,36.21149142769044,76.0,2752.07,38.0,1376.04,0.0216
SKU_4170,Low Revenue + Low Volatility,13558.42,0.0835,2.0,1.0,45,79.28420909760627,90.0,7135.58,45.0,3567.79,0.028
SKU_4171,Low Revenue + Low Volatility,19184.45,0.0542,2.0,1.0,11,31.152985699959178,22.0,685.37,11.0,342.68,0.0104
SKU_4172,Low Revenue + Low Volatility,11644.06,0.1098,2.0,1.0,27,29.427015438951997,54.0,1589.06,27.0,794.53,0.0131
SKU_4173,Low Revenue + Low Volatility,13989.4,0.1355,2.0,1.0,17,70.50993399654723,34.0,2397.34,17.0,1198.67,0.0225
SKU_4174,Low Revenue + Low Volatility,12145.07,0.0882,2.0,1.0,24,10.236106048538886,48.0,491.33,24.0,245.67,0.0113
SKU_4175,Low Revenue + Low Volatility,18992.69,0.124,2.0,1.0,26,24.087721263343532,52.0,1252.56,26.0,626.28,0.0229
SKU_4176,Low Revenue + Low Volatility,6141.27,0.1128,2.0,1.0,32,51.33126817833833,64.0,3285.2,32.0,1642.6,0.0297
SKU_4177,Low Revenue + Low Volatility,12516.8,0.0876,2.0,1.0,11,21.37153694912654,22.0,470.17,11.0,235.09,0.0276
SKU_4178,Low Revenue + Low Volatility,15304.29,0.0641,2.0,1.0,15,79.00627459065117,30.0,2370.19,15.0,1185.09,0.0218
SKU_4179,Low Revenue + Low Volatility,16878.6,0.1209,2.0,1.0,38,42.49369356951417,76.0,3229.52,38.0,1614.76,0.0279
SKU_4180,Low Revenue + Low Volatility,13745.28,0.1355,2.0,1.0,36,51.81548524723856,72.0,3730.71,36.0,1865.36,0.0123
SKU_4181,Low Revenue + Low Volatility,18633.77,0.1186,2.0,1.0,46,21.226142557363517,92.0,1952.81,46.0,976.4,0.0191
SKU_4182,Low Revenue + Low Volatility,19129.87,0.0518,2.0,1.0,43,30.256467061034947,86.0,2602.06,43.0,1301.03,0.0186
SKU_4183,Low Revenue + Low Volatility,5964.79,0.0716,2.0,1.0,27,53.02373478755909,54.0,2863.28,27.0,1431.64,0.0167
SKU_4184,Low Revenue + Low Volatility,11035.56,0.0569,2.0,1.0,19,48.46873613004784,38.0,1841.81,19.0,920.91,0.01
SKU_4185,Low Revenue + Low Volatility,5351.89,0.107,2.0,1.0,47,64.90547618088162,94.0,6101.11,47.0,3050.56,0.0278
SKU_4186,Low Revenue + Low Volatility,9941.25,0.1256,2.0,1.0,26,28.84632250020213,52.0,1500.01,26.0,750.0,0.0256
SKU_4187,Low Revenue + Low Volatility,13053.02,0.0611,2.0,1.0,22,55.74795026945738,44.0,2452.91,22.0,1226.45,0.0231
SKU_4188,Low Revenue + Low Volatility,18661.92,0.1338,2.0,1.0,36,30.368285402420582,72.0,2186.52,36.0,1093.26,0.0126
SKU_4189,Low Revenue + Low Volatility,17698.31,0.1056,2.0,1.0,11,51.072683382228426,22.0,1123.6,11.0,561.8,0.0176
SKU_4190,Low Revenue + Low Volatility,6912.5,0.119,2.0,1.0,43,52.3521677379646,86.0,4502.29,43.0,2251.14,0.0285
SKU_4191,Low Revenue + Low Volatility,6395.46,0.1471,2.0,1.0,40,18.528737794814212,80.0,1482.3,40.0,741.15,0.0223
SKU_4192,Low Revenue + Low Volatility,13839.01,0.0584,2.0,1.0,32,48.40431774803862,64.0,3097.88,32.0,1548.94,0.0221
SKU_4193,Low Revenue + Low Volatility,12981.77,0.1401,2.0,1.0,16,10.835680996792775,32.0,346.74,16.0,173.37,0.0283
SKU_4194,Low Revenue + Low Volatility,8995.66,0.0626,2.0,1.0,47,45.084752596228405,94.0,4237.97,47.0,2118.98,0.0212
SKU_4195,Low Revenue + Low Volatility,18491.8,0.0893,2.0,1.0,42,58.82653220256525,84.0,4941.43,42.0,2470.71,0.022
SKU_4196,Low Revenue + Low Volatility,18910.5,0.1351,2.0,1.0,21,15.09829102929921,42.0,634.13,21.0,317.06,0.0169
SKU_4197,Low Revenue + Low Volatility,11039.17,0.1406,2.0,1.0,21,75.7097571491919,42.0,3179.81,21.0,1589.9,0.0174
SKU_4198,Low Revenue + Low Volatility,18354.54,0.1006,2.0,1.0,28,42.1128872392618,56.0,2358.32,28.0,1179.16,0.0237
SKU_4199,Low Revenue + Low Volatility,10759.23,0.1094,2.0,1.0,18,75.68913929368433,36.0,2724.81,18.0,1362.4,0.0164
SKU_4200,Low Revenue + Low Volatility,16052.25,0.1208,2.0,1.0,19,17.517889658379275,38.0,665.68,19.0,332.84,0.0212
